t_start,t_end,window_size,N,logM,logMmax,I,rules,method,combo_dir,seed_base,run_timestamp,window_size_seconds
1451653261,1452258061,604800,1101,6553.8516899338665,6553.8516899338665,1.0,__IDENTITY__,Unshuffled,out\Unshuffled,42,2026-02-20T01:37:29.392114Z,604800
1452258061,1452862861,604800,1077,6377.978710562234,6377.978710562234,1.0,__IDENTITY__,Unshuffled,out\Unshuffled,42,2026-02-20T01:37:29.392114Z,604800
1452862861,1453467661,604800,994,5805.59295541802,5805.59295541802,1.0,__IDENTITY__,Unshuffled,out\Unshuffled,42,2026-02-20T01:37:29.392114Z,604800
1453467661,1454072461,604800,946,5485.1669597873515,5485.1669597873515,1.0,__IDENTITY__,Unshuffled,out\Unshuffled,42,2026-02-20T01:37:29.392114Z,604800
1454072461,1454677261,604800,1040,6134.99860832446,6134.99860832446,1.0,__IDENTITY__,Unshuffled,out\Unshuffled,42,2026-02-20T01:37:29.392114Z,604800
1454677261,1455282061,604800,958,5566.782815080834,5566.782815080834,1.0,__IDENTITY__,Unshuffled,out\Unshuffled,42,2026-02-20T01:37:29.392114Z,604800
1455282061,1455886861,604800,932,5389.044537124854,5389.044537124854,1.0,__IDENTITY__,Unshuffled,out\Unshuffled,42,2026-02-20T01:37:29.392114Z,604800
1455886861,1456491661,604800,1052,6205.790473252456,6205.790473252456,1.0,__IDENTITY__,Unshuffled,out\Unshuffled,42,2026-02-20T01:37:29.392114Z,604800
1456491661,1457096461,604800,1025,6009.93108803418,6009.93108803418,1.0,__IDENTITY__,Unshuffled,out\Unshuffled,42,2026-02-20T01:37:29.392114Z,604800
1457096461,1457701261,604800,1072,6357.228960869745,6357.228960869745,1.0,__IDENTITY__,Unshuffled,out\Unshuffled,42,2026-02-20T01:37:29.392114Z,604800
1457701261,1458306061,604800,1053,6221.473103039417,6221.473103039417,1.0,__IDENTITY__,Unshuffled,out\Unshuffled,42,2026-02-20T01:37:29.392114Z,604800
1458306061,1458910861,604800,977,5703.650245200965,5703.650245200965,1.0,__IDENTITY__,Unshuffled,out\Unshuffled,42,2026-02-20T01:37:29.392114Z,604800
1458910861,1459515661,604800,954,5549.033755185716,5549.033755185716,1.0,__IDENTITY__,Unshuffled,out\Unshuffled,42,2026-02-20T01:37:29.392114Z,604800
1459515661,1460120461,604800,922,5331.522329947783,5331.522329947783,1.0,__IDENTITY__,Unshuffled,out\Unshuffled,42,2026-02-20T01:37:29.392114Z,604800
1460120461,1460725261,604800,949,5503.127332495959,5503.127332495959,1.0,__IDENTITY__,Unshuffled,out\Unshuffled,42,2026-02-20T01:37:29.392114Z,604800
1460725261,1461330061,604800,961,5596.68220926888,5596.68220926888,1.0,__IDENTITY__,Unshuffled,out\Unshuffled,42,2026-02-20T01:37:29.392114Z,604800
1461330061,1461934861,604800,1003,5884.624816770341,5884.624816770341,1.0,__IDENTITY__,Unshuffled,out\Unshuffled,42,2026-02-20T01:37:29.392114Z,604800
1461934861,1462539661,604800,881,5051.438050397155,5051.438050397155,1.0,__IDENTITY__,Unshuffled,out\Unshuffled,42,2026-02-20T01:37:29.392114Z,604800
1462539661,1463144461,604800,939,5443.17415410519,5443.17415410519,1.0,__IDENTITY__,Unshuffled,out\Unshuffled,42,2026-02-20T01:37:29.392114Z,604800
1463144461,1463749261,604800,881,5049.240825819818,5049.240825819818,1.0,__IDENTITY__,Unshuffled,out\Unshuffled,42,2026-02-20T01:37:29.392114Z,604800
1463749261,1464354061,604800,903,5190.3910870981,5190.3910870981,1.0,__IDENTITY__,Unshuffled,out\Unshuffled,42,2026-02-20T01:37:29.392114Z,604800
1464354061,1464958861,604800,892,5125.005663006941,5125.005663006941,1.0,__IDENTITY__,Unshuffled,out\Unshuffled,42,2026-02-20T01:37:29.392114Z,604800
1464958861,1465563661,604800,845,4808.738022775311,4808.738022775311,1.0,__IDENTITY__,Unshuffled,out\Unshuffled,42,2026-02-20T01:37:29.392114Z,604800
1465563661,1466168461,604800,861,4918.178150958921,4918.178150958921,1.0,__IDENTITY__,Unshuffled,out\Unshuffled,42,2026-02-20T01:37:29.392114Z,604800
1466168461,1466773261,604800,865,4933.661764678199,4933.661764678199,1.0,__IDENTITY__,Unshuffled,out\Unshuffled,42,2026-02-20T01:37:29.392114Z,604800
1466773261,1467378061,604800,833,4732.678693739833,4732.678693739833,1.0,__IDENTITY__,Unshuffled,out\Unshuffled,42,2026-02-20T01:37:29.392114Z,604800
1467378061,1467982861,604800,745,4154.599896958677,4154.599896958677,1.0,__IDENTITY__,Unshuffled,out\Unshuffled,42,2026-02-20T01:37:29.392114Z,604800
1467982861,1468587661,604800,837,4764.560624850193,4764.560624850193,1.0,__IDENTITY__,Unshuffled,out\Unshuffled,42,2026-02-20T01:37:29.392114Z,604800
1468587661,1469192461,604800,884,5059.768956575573,5059.768956575573,1.0,__IDENTITY__,Unshuffled,out\Unshuffled,42,2026-02-20T01:37:29.392114Z,604800
1469192461,1469797261,604800,813,4596.158572493447,4596.158572493447,1.0,__IDENTITY__,Unshuffled,out\Unshuffled,42,2026-02-20T01:37:29.392114Z,604800
1469797261,1470402061,604800,822,4646.46287905293,4646.46287905293,1.0,__IDENTITY__,Unshuffled,out\Unshuffled,42,2026-02-20T01:37:29.392114Z,604800
1470402061,1471006861,604800,838,4758.932776736252,4758.932776736252,1.0,__IDENTITY__,Unshuffled,out\Unshuffled,42,2026-02-20T01:37:29.392114Z,604800
1471006861,1471611661,604800,839,4777.73617158469,4777.73617158469,1.0,__IDENTITY__,Unshuffled,out\Unshuffled,42,2026-02-20T01:37:29.392114Z,604800
1471611661,1472216461,604800,860,4917.711625594051,4917.711625594051,1.0,__IDENTITY__,Unshuffled,out\Unshuffled,42,2026-02-20T01:37:29.392114Z,604800
1472216461,1472821261,604800,841,4773.757702586846,4773.757702586846,1.0,__IDENTITY__,Unshuffled,out\Unshuffled,42,2026-02-20T01:37:29.392114Z,604800
1472821261,1473426061,604800,791,4448.048329962239,4448.048329962239,1.0,__IDENTITY__,Unshuffled,out\Unshuffled,42,2026-02-20T01:37:29.392114Z,604800
1473426061,1474030861,604800,816,4617.654429688774,4617.654429688774,1.0,__IDENTITY__,Unshuffled,out\Unshuffled,42,2026-02-20T01:37:29.392114Z,604800
1474030861,1474635661,604800,869,4978.863833133682,4978.863833133682,1.0,__IDENTITY__,Unshuffled,out\Unshuffled,42,2026-02-20T01:37:29.392114Z,604800
1474635661,1475240461,604800,848,4823.012480912773,4823.012480912773,1.0,__IDENTITY__,Unshuffled,out\Unshuffled,42,2026-02-20T01:37:29.392114Z,604800
1475240461,1475845261,604800,748,4171.9631840722,4171.9631840722,1.0,__IDENTITY__,Unshuffled,out\Unshuffled,42,2026-02-20T01:37:29.392114Z,604800
1475845261,1476450061,604800,761,4259.496649527935,4259.496649527935,1.0,__IDENTITY__,Unshuffled,out\Unshuffled,42,2026-02-20T01:37:29.392114Z,604800
1476450061,1477054861,604800,791,4451.2263837925875,4451.2263837925875,1.0,__IDENTITY__,Unshuffled,out\Unshuffled,42,2026-02-20T01:37:29.392114Z,604800
1477054861,1477659661,604800,773,4333.263547346096,4333.263547346096,1.0,__IDENTITY__,Unshuffled,out\Unshuffled,42,2026-02-20T01:37:29.392114Z,604800
1477659661,1478264461,604800,697,3836.2198872155873,3836.2198872155873,1.0,__IDENTITY__,Unshuffled,out\Unshuffled,42,2026-02-20T01:37:29.392114Z,604800
1478264461,1478869261,604800,774,4341.994560761367,4341.994560761367,1.0,__IDENTITY__,Unshuffled,out\Unshuffled,42,2026-02-20T01:37:29.392114Z,604800
1478869261,1479474061,604800,726,4030.851027287883,4030.851027287883,1.0,__IDENTITY__,Unshuffled,out\Unshuffled,42,2026-02-20T01:37:29.392114Z,604800
1479474061,1480078861,604800,651,3545.309334832004,3545.309334832004,1.0,__IDENTITY__,Unshuffled,out\Unshuffled,42,2026-02-20T01:37:29.392114Z,604800
1480078861,1480683661,604800,753,4203.2784439965335,4203.2784439965335,1.0,__IDENTITY__,Unshuffled,out\Unshuffled,42,2026-02-20T01:37:29.392114Z,604800
1480683661,1481288461,604800,798,4493.867989361801,4493.867989361801,1.0,__IDENTITY__,Unshuffled,out\Unshuffled,42,2026-02-20T01:37:29.392114Z,604800
1481288461,1481893261,604800,778,4364.742542174541,4364.742542174541,1.0,__IDENTITY__,Unshuffled,out\Unshuffled,42,2026-02-20T01:37:29.392114Z,604800
1481893261,1482498061,604800,831,4711.892890743138,4711.892890743138,1.0,__IDENTITY__,Unshuffled,out\Unshuffled,42,2026-02-20T01:37:29.392114Z,604800
1482498061,1483102861,604800,682,3744.525914978599,3744.525914978599,1.0,__IDENTITY__,Unshuffled,out\Unshuffled,42,2026-02-20T01:37:29.392114Z,604800
1483102861,1483707661,604800,679,3717.9059753751803,3717.9059753751803,1.0,__IDENTITY__,Unshuffled,out\Unshuffled,42,2026-02-20T01:37:29.392114Z,604800
1483707661,1484312461,604800,634,3428.7415782227886,3428.7415782227886,1.0,__IDENTITY__,Unshuffled,out\Unshuffled,42,2026-02-20T01:37:29.392114Z,604800
1484312461,1484917261,604800,686,3773.7009350164726,3773.7009350164726,1.0,__IDENTITY__,Unshuffled,out\Unshuffled,42,2026-02-20T01:37:29.392114Z,604800
1484917261,1485522061,604800,681,3728.87218893782,3728.87218893782,1.0,__IDENTITY__,Unshuffled,out\Unshuffled,42,2026-02-20T01:37:29.392114Z,604800
1485522061,1486126861,604800,742,4132.972016191518,4132.972016191518,1.0,__IDENTITY__,Unshuffled,out\Unshuffled,42,2026-02-20T01:37:29.392114Z,604800
1486126861,1486731661,604800,711,3920.5697747115582,3920.5697747115582,1.0,__IDENTITY__,Unshuffled,out\Unshuffled,42,2026-02-20T01:37:29.392114Z,604800
1486731661,1487336461,604800,737,4103.809975402217,4103.809975402217,1.0,__IDENTITY__,Unshuffled,out\Unshuffled,42,2026-02-20T01:37:29.392114Z,604800
1487336461,1487941261,604800,808,4557.291961417212,4557.291961417212,1.0,__IDENTITY__,Unshuffled,out\Unshuffled,42,2026-02-20T01:37:29.392114Z,604800
1487941261,1488546061,604800,703,3874.3142402541735,3874.3142402541735,1.0,__IDENTITY__,Unshuffled,out\Unshuffled,42,2026-02-20T01:37:29.392114Z,604800
1488546061,1489150861,604800,727,4032.9933886096055,4032.9933886096055,1.0,__IDENTITY__,Unshuffled,out\Unshuffled,42,2026-02-20T01:37:29.392114Z,604800
1489150861,1489755661,604800,759,4244.842403375674,4244.842403375674,1.0,__IDENTITY__,Unshuffled,out\Unshuffled,42,2026-02-20T01:37:29.392114Z,604800
1489755661,1490360461,604800,772,4324.53382675583,4324.53382675583,1.0,__IDENTITY__,Unshuffled,out\Unshuffled,42,2026-02-20T01:37:29.392114Z,604800
1490360461,1490965261,604800,743,4135.99919329778,4135.99919329778,1.0,__IDENTITY__,Unshuffled,out\Unshuffled,42,2026-02-20T01:37:29.392114Z,604800
1490965261,1491570061,604800,681,3731.64477766006,3731.64477766006,1.0,__IDENTITY__,Unshuffled,out\Unshuffled,42,2026-02-20T01:37:29.392114Z,604800
1491570061,1492174861,604800,702,3868.452030542923,3868.452030542923,1.0,__IDENTITY__,Unshuffled,out\Unshuffled,42,2026-02-20T01:37:29.392114Z,604800
1492174861,1492779661,604800,695,3824.108581397504,3824.108581397504,1.0,__IDENTITY__,Unshuffled,out\Unshuffled,42,2026-02-20T01:37:29.392114Z,604800
1492779661,1493384461,604800,683,3746.3702786110457,3746.3702786110457,1.0,__IDENTITY__,Unshuffled,out\Unshuffled,42,2026-02-20T01:37:29.392114Z,604800
1493384461,1493989261,604800,679,3718.3114404832886,3718.3114404832886,1.0,__IDENTITY__,Unshuffled,out\Unshuffled,42,2026-02-20T01:37:29.392114Z,604800
1493989261,1494594061,604800,676,3697.367706433758,3697.367706433758,1.0,__IDENTITY__,Unshuffled,out\Unshuffled,42,2026-02-20T01:37:29.392114Z,604800
1494594061,1495198861,604800,670,3662.0462157240413,3662.0462157240413,1.0,__IDENTITY__,Unshuffled,out\Unshuffled,42,2026-02-20T01:37:29.392114Z,604800
1495198861,1495803661,604800,704,3875.0381590934003,3875.0381590934003,1.0,__IDENTITY__,Unshuffled,out\Unshuffled,42,2026-02-20T01:37:29.392114Z,604800
1495803661,1496408461,604800,610,3275.314044407484,3275.314044407484,1.0,__IDENTITY__,Unshuffled,out\Unshuffled,42,2026-02-20T01:37:29.392114Z,604800
1496408461,1497013261,604800,659,3591.647294939077,3591.647294939077,1.0,__IDENTITY__,Unshuffled,out\Unshuffled,42,2026-02-20T01:37:29.392114Z,604800
1497013261,1497618061,604800,709,3915.9911695497517,3915.9911695497517,1.0,__IDENTITY__,Unshuffled,out\Unshuffled,42,2026-02-20T01:37:29.392114Z,604800
1497618061,1498222861,604800,686,3768.7311217168963,3768.7311217168963,1.0,__IDENTITY__,Unshuffled,out\Unshuffled,42,2026-02-20T01:37:29.392114Z,604800
1498222861,1498827661,604800,651,3536.46832052152,3536.46832052152,1.0,__IDENTITY__,Unshuffled,out\Unshuffled,42,2026-02-20T01:37:29.392114Z,604800
1498827661,1499432461,604800,608,3265.0914568680505,3265.0914568680505,1.0,__IDENTITY__,Unshuffled,out\Unshuffled,42,2026-02-20T01:37:29.392114Z,604800
1499432461,1500037261,604800,718,3977.4961809771908,3977.4961809771908,1.0,__IDENTITY__,Unshuffled,out\Unshuffled,42,2026-02-20T01:37:29.392114Z,604800
1500037261,1500642061,604800,690,3781.006234104458,3781.006234104458,1.0,__IDENTITY__,Unshuffled,out\Unshuffled,42,2026-02-20T01:37:29.392114Z,604800
1500642061,1501246861,604800,701,3860.7473688490895,3860.7473688490895,1.0,__IDENTITY__,Unshuffled,out\Unshuffled,42,2026-02-20T01:37:29.392114Z,604800
1501246861,1501851661,604800,672,3674.372096020976,3674.372096020976,1.0,__IDENTITY__,Unshuffled,out\Unshuffled,42,2026-02-20T01:37:29.392114Z,604800
1501851661,1502456461,604800,632,3415.5513767737557,3415.5513767737557,1.0,__IDENTITY__,Unshuffled,out\Unshuffled,42,2026-02-20T01:37:29.392114Z,604800
1502456461,1503061261,604800,692,3802.519509086219,3802.519509086219,1.0,__IDENTITY__,Unshuffled,out\Unshuffled,42,2026-02-20T01:37:29.392114Z,604800
1503061261,1503666061,604800,661,3599.5456922787157,3599.5456922787157,1.0,__IDENTITY__,Unshuffled,out\Unshuffled,42,2026-02-20T01:37:29.392114Z,604800
1503666061,1504270861,604800,642,3482.2062595845086,3482.2062595845086,1.0,__IDENTITY__,Unshuffled,out\Unshuffled,42,2026-02-20T01:37:29.392114Z,604800
1504270861,1504875661,604800,627,3389.155649791445,3389.155649791445,1.0,__IDENTITY__,Unshuffled,out\Unshuffled,42,2026-02-20T01:37:29.392114Z,604800
1504875661,1505480461,604800,635,3445.017046785177,3445.017046785177,1.0,__IDENTITY__,Unshuffled,out\Unshuffled,42,2026-02-20T01:37:29.392114Z,604800
1505480461,1506085261,604800,683,3746.775743719154,3746.775743719154,1.0,__IDENTITY__,Unshuffled,out\Unshuffled,42,2026-02-20T01:37:29.392114Z,604800
1506085261,1506690061,604800,731,4056.1847675533554,4056.1847675533554,1.0,__IDENTITY__,Unshuffled,out\Unshuffled,42,2026-02-20T01:37:29.392114Z,604800
1506690061,1507294861,604800,662,3610.435406989325,3610.435406989325,1.0,__IDENTITY__,Unshuffled,out\Unshuffled,42,2026-02-20T01:37:29.392114Z,604800
1507294861,1507899661,604800,694,3821.148188490395,3821.148188490395,1.0,__IDENTITY__,Unshuffled,out\Unshuffled,42,2026-02-20T01:37:29.392114Z,604800
1507899661,1508504461,604800,614,3309.4197827156263,3309.4197827156263,1.0,__IDENTITY__,Unshuffled,out\Unshuffled,42,2026-02-20T01:37:29.392114Z,604800
1508504461,1509109261,604800,690,3790.8280776679535,3790.8280776679535,1.0,__IDENTITY__,Unshuffled,out\Unshuffled,42,2026-02-20T01:37:29.392114Z,604800
1509109261,1509714061,604800,683,3745.101767285582,3745.101767285582,1.0,__IDENTITY__,Unshuffled,out\Unshuffled,42,2026-02-20T01:37:29.392114Z,604800
1509714061,1510318861,604800,664,3620.827774443543,3620.827774443543,1.0,__IDENTITY__,Unshuffled,out\Unshuffled,42,2026-02-20T01:37:29.392114Z,604800
1510318861,1510923661,604800,686,3760.1256734777253,3760.1256734777253,1.0,__IDENTITY__,Unshuffled,out\Unshuffled,42,2026-02-20T01:37:29.392114Z,604800
1510923661,1511528461,604800,594,3181.3326593000643,3181.3326593000643,1.0,__IDENTITY__,Unshuffled,out\Unshuffled,42,2026-02-20T01:37:29.392114Z,604800
1511528461,1512133261,604800,643,3496.7024884030134,3496.7024884030134,1.0,__IDENTITY__,Unshuffled,out\Unshuffled,42,2026-02-20T01:37:29.392114Z,604800
1512133261,1512738061,604800,635,3431.324002210774,3431.324002210774,1.0,__IDENTITY__,Unshuffled,out\Unshuffled,42,2026-02-20T01:37:29.392114Z,604800
1512738061,1513342861,604800,612,3298.255399285115,3298.255399285115,1.0,__IDENTITY__,Unshuffled,out\Unshuffled,42,2026-02-20T01:37:29.392114Z,604800
1513342861,1513947661,604800,646,3506.5760754586518,3506.5760754586518,1.0,__IDENTITY__,Unshuffled,out\Unshuffled,42,2026-02-20T01:37:29.392114Z,604800
1513947661,1514552461,604800,526,2750.6085454738454,2750.6085454738454,1.0,__IDENTITY__,Unshuffled,out\Unshuffled,42,2026-02-20T01:37:29.392114Z,604800
1514552461,1515157261,604800,514,2682.195120475987,2682.195120475987,1.0,__IDENTITY__,Unshuffled,out\Unshuffled,42,2026-02-20T01:37:29.392114Z,604800
1515157261,1515762061,604800,664,3630.2441528989307,3630.2441528989307,1.0,__IDENTITY__,Unshuffled,out\Unshuffled,42,2026-02-20T01:37:29.392114Z,604800
1515762061,1516366861,604800,561,2967.5999996315154,2967.5999996315154,1.0,__IDENTITY__,Unshuffled,out\Unshuffled,42,2026-02-20T01:37:29.392114Z,604800
1516366861,1516971661,604800,661,3600.4744055305882,3600.4744055305882,1.0,__IDENTITY__,Unshuffled,out\Unshuffled,42,2026-02-20T01:37:29.392114Z,604800
1516971661,1517576461,604800,606,3258.798759892516,3258.798759892516,1.0,__IDENTITY__,Unshuffled,out\Unshuffled,42,2026-02-20T01:37:29.392114Z,604800
1517576461,1518181261,604800,653,3560.062715992435,3560.062715992435,1.0,__IDENTITY__,Unshuffled,out\Unshuffled,42,2026-02-20T01:37:29.392114Z,604800
1518181261,1518786061,604800,659,3596.0938600948884,3596.0938600948884,1.0,__IDENTITY__,Unshuffled,out\Unshuffled,42,2026-02-20T01:37:29.392114Z,604800
1518786061,1519390861,604800,648,3515.768894474254,3515.768894474254,1.0,__IDENTITY__,Unshuffled,out\Unshuffled,42,2026-02-20T01:37:29.392114Z,604800
1519390861,1519995661,604800,627,3384.5913015999768,3384.5913015999768,1.0,__IDENTITY__,Unshuffled,out\Unshuffled,42,2026-02-20T01:37:29.392114Z,604800
1519995661,1520600461,604800,599,3207.22380524989,3207.22380524989,1.0,__IDENTITY__,Unshuffled,out\Unshuffled,42,2026-02-20T01:37:29.392114Z,604800
1520600461,1521205261,604800,571,3034.578160835912,3034.578160835912,1.0,__IDENTITY__,Unshuffled,out\Unshuffled,42,2026-02-20T01:37:29.392114Z,604800
1521205261,1521810061,604800,619,3329.707368116976,3329.707368116976,1.0,__IDENTITY__,Unshuffled,out\Unshuffled,42,2026-02-20T01:37:29.392114Z,604800
1521810061,1522414861,604800,609,3270.810127955201,3270.810127955201,1.0,__IDENTITY__,Unshuffled,out\Unshuffled,42,2026-02-20T01:37:29.392114Z,604800
1522414861,1523019661,604800,537,2827.6815136149503,2827.6815136149503,1.0,__IDENTITY__,Unshuffled,out\Unshuffled,42,2026-02-20T01:37:29.392114Z,604800
1523019661,1523624461,604800,602,3227.518199573618,3227.518199573618,1.0,__IDENTITY__,Unshuffled,out\Unshuffled,42,2026-02-20T01:37:29.392114Z,604800
1523624461,1524229261,604800,621,3356.196924730215,3356.196924730215,1.0,__IDENTITY__,Unshuffled,out\Unshuffled,42,2026-02-20T01:37:29.392114Z,604800
1524229261,1524834061,604800,646,3512.8144000836915,3512.8144000836915,1.0,__IDENTITY__,Unshuffled,out\Unshuffled,42,2026-02-20T01:37:29.392114Z,604800
1524834061,1525438861,604800,590,3152.329527026614,3152.329527026614,1.0,__IDENTITY__,Unshuffled,out\Unshuffled,42,2026-02-20T01:37:29.392114Z,604800
1525438861,1526043661,604800,602,3226.8250523930583,3226.8250523930583,1.0,__IDENTITY__,Unshuffled,out\Unshuffled,42,2026-02-20T01:37:29.392114Z,604800
1526043661,1526648461,604800,586,3121.1562660582003,3121.1562660582003,1.0,__IDENTITY__,Unshuffled,out\Unshuffled,42,2026-02-20T01:37:29.392114Z,604800
1526648461,1527253261,604800,609,3276.9306695445844,3276.9306695445844,1.0,__IDENTITY__,Unshuffled,out\Unshuffled,42,2026-02-20T01:37:29.392114Z,604800
1527253261,1527858061,604800,565,2995.3037847063247,2995.3037847063247,1.0,__IDENTITY__,Unshuffled,out\Unshuffled,42,2026-02-20T01:37:29.392114Z,604800
1527858061,1528462861,604800,613,3300.9203462458,3300.9203462458,1.0,__IDENTITY__,Unshuffled,out\Unshuffled,42,2026-02-20T01:37:29.392114Z,604800
1528462861,1529067661,604800,634,3437.0593443895077,3437.0593443895077,1.0,__IDENTITY__,Unshuffled,out\Unshuffled,42,2026-02-20T01:37:29.392114Z,604800
1529067661,1529672461,604800,599,3213.985378018694,3213.985378018694,1.0,__IDENTITY__,Unshuffled,out\Unshuffled,42,2026-02-20T01:37:29.392114Z,604800
1529672461,1530277261,604800,589,3150.108287573074,3150.108287573074,1.0,__IDENTITY__,Unshuffled,out\Unshuffled,42,2026-02-20T01:37:29.392114Z,604800
1530277261,1530882061,604800,518,2707.471094331352,2707.471094331352,1.0,__IDENTITY__,Unshuffled,out\Unshuffled,42,2026-02-20T01:37:29.392114Z,604800
1530882061,1531486861,604800,614,3306.6471939933867,3306.6471939933867,1.0,__IDENTITY__,Unshuffled,out\Unshuffled,42,2026-02-20T01:37:29.392114Z,604800
1531486861,1532091661,604800,598,3204.4120625902306,3204.4120625902306,1.0,__IDENTITY__,Unshuffled,out\Unshuffled,42,2026-02-20T01:37:29.392114Z,604800
1532091661,1532696461,604800,595,3186.0472442720384,3186.0472442720384,1.0,__IDENTITY__,Unshuffled,out\Unshuffled,42,2026-02-20T01:37:29.392114Z,604800
1532696461,1533301261,604800,528,2760.947617728757,2760.947617728757,1.0,__IDENTITY__,Unshuffled,out\Unshuffled,42,2026-02-20T01:37:29.392114Z,604800
1533301261,1533906061,604800,619,3337.7906967257622,3337.7906967257622,1.0,__IDENTITY__,Unshuffled,out\Unshuffled,42,2026-02-20T01:37:29.392114Z,604800
1533906061,1534510861,604800,607,3263.127847141896,3263.127847141896,1.0,__IDENTITY__,Unshuffled,out\Unshuffled,42,2026-02-20T01:37:29.392114Z,604800
1534510861,1535115661,604800,629,3402.447786322721,3402.447786322721,1.0,__IDENTITY__,Unshuffled,out\Unshuffled,42,2026-02-20T01:37:29.392114Z,604800
1535115661,1535720461,604800,642,3470.76255558858,3470.76255558858,1.0,__IDENTITY__,Unshuffled,out\Unshuffled,42,2026-02-20T01:37:29.392114Z,604800
1535720461,1536325261,604800,551,2908.947809315723,2908.947809315723,1.0,__IDENTITY__,Unshuffled,out\Unshuffled,42,2026-02-20T01:37:29.392114Z,604800
1536325261,1536930061,604800,587,3132.5011041776042,3132.5011041776042,1.0,__IDENTITY__,Unshuffled,out\Unshuffled,42,2026-02-20T01:37:29.392114Z,604800
1536930061,1537534861,604800,606,3258.105612711956,3258.105612711956,1.0,__IDENTITY__,Unshuffled,out\Unshuffled,42,2026-02-20T01:37:29.392114Z,604800
1537534861,1538139661,604800,602,3225.8442231400463,3225.8442231400463,1.0,__IDENTITY__,Unshuffled,out\Unshuffled,42,2026-02-20T01:37:29.392114Z,604800
1538139661,1538744461,604800,589,3137.5138552873386,3137.5138552873386,1.0,__IDENTITY__,Unshuffled,out\Unshuffled,42,2026-02-20T01:37:29.392114Z,604800
1538744461,1539349261,604800,627,3398.2843461743805,3398.2843461743805,1.0,__IDENTITY__,Unshuffled,out\Unshuffled,42,2026-02-20T01:37:29.392114Z,604800
1539349261,1539954061,604800,573,3047.5658676164576,3047.5658676164576,1.0,__IDENTITY__,Unshuffled,out\Unshuffled,42,2026-02-20T01:37:29.392114Z,604800
1539954061,1540558861,604800,573,3045.08096096667,3045.08096096667,1.0,__IDENTITY__,Unshuffled,out\Unshuffled,42,2026-02-20T01:37:29.392114Z,604800
1540558861,1541163661,604800,595,3184.2554848028103,3184.2554848028103,1.0,__IDENTITY__,Unshuffled,out\Unshuffled,42,2026-02-20T01:37:29.392114Z,604800
1541163661,1541768461,604800,611,3279.649699824975,3279.649699824975,1.0,__IDENTITY__,Unshuffled,out\Unshuffled,42,2026-02-20T01:37:29.392114Z,604800
1541768461,1542373261,604800,610,3277.3934859491637,3277.3934859491637,1.0,__IDENTITY__,Unshuffled,out\Unshuffled,42,2026-02-20T01:37:29.392114Z,604800
1542373261,1542978061,604800,517,2700.9334370166416,2700.9334370166416,1.0,__IDENTITY__,Unshuffled,out\Unshuffled,42,2026-02-20T01:37:29.392114Z,604800
1542978061,1543582861,604800,587,3132.788786250056,3132.788786250056,1.0,__IDENTITY__,Unshuffled,out\Unshuffled,42,2026-02-20T01:37:29.392114Z,604800
1543582861,1544187661,604800,592,3164.4017024983445,3164.4017024983445,1.0,__IDENTITY__,Unshuffled,out\Unshuffled,42,2026-02-20T01:37:29.392114Z,604800
1544187661,1544792461,604800,534,2809.522261793035,2809.522261793035,1.0,__IDENTITY__,Unshuffled,out\Unshuffled,42,2026-02-20T01:37:29.392114Z,604800
1544792461,1545397261,604800,619,3345.0098506038134,3345.0098506038134,1.0,__IDENTITY__,Unshuffled,out\Unshuffled,42,2026-02-20T01:37:29.392114Z,604800
1545397261,1546002061,604800,473,2430.3878375533186,2430.3878375533186,1.0,__IDENTITY__,Unshuffled,out\Unshuffled,42,2026-02-20T01:37:29.392114Z,604800
1546002061,1546606861,604800,525,2752.778793463484,2752.778793463484,1.0,__IDENTITY__,Unshuffled,out\Unshuffled,42,2026-02-20T01:37:29.392114Z,604800
1546606861,1547211661,604800,618,3333.6119320315534,3333.6119320315534,1.0,__IDENTITY__,Unshuffled,out\Unshuffled,42,2026-02-20T01:37:29.392114Z,604800
1547211661,1547816461,604800,579,3083.5104687496882,3083.5104687496882,1.0,__IDENTITY__,Unshuffled,out\Unshuffled,42,2026-02-20T01:37:29.392114Z,604800
1547816461,1548421261,604800,538,2829.1173419111924,2829.1173419111924,1.0,__IDENTITY__,Unshuffled,out\Unshuffled,42,2026-02-20T01:37:29.392114Z,604800
1548421261,1549026061,604800,537,2822.4240182429226,2822.4240182429226,1.0,__IDENTITY__,Unshuffled,out\Unshuffled,42,2026-02-20T01:37:29.392114Z,604800
1549026061,1549630861,604800,573,3043.69466660555,3043.69466660555,1.0,__IDENTITY__,Unshuffled,out\Unshuffled,42,2026-02-20T01:37:29.392114Z,604800
1549630861,1550235661,604800,565,2999.4626677896845,2999.4626677896845,1.0,__IDENTITY__,Unshuffled,out\Unshuffled,42,2026-02-20T01:37:29.392114Z,604800
1550235661,1550840461,604800,590,3156.893875218082,3156.893875218082,1.0,__IDENTITY__,Unshuffled,out\Unshuffled,42,2026-02-20T01:37:29.392114Z,604800
1550840461,1551445261,604800,584,3116.0359534075506,3116.0359534075506,1.0,__IDENTITY__,Unshuffled,out\Unshuffled,42,2026-02-20T01:37:29.392114Z,604800
1551445261,1552050061,604800,554,2925.1212913280306,2925.1212913280306,1.0,__IDENTITY__,Unshuffled,out\Unshuffled,42,2026-02-20T01:37:29.392114Z,604800
1552050061,1552654861,604800,588,3138.1846839449427,3138.1846839449427,1.0,__IDENTITY__,Unshuffled,out\Unshuffled,42,2026-02-20T01:37:29.392114Z,604800
1552654861,1553259661,604800,586,3126.295978394572,3126.295978394572,1.0,__IDENTITY__,Unshuffled,out\Unshuffled,42,2026-02-20T01:37:29.392114Z,604800
1553259661,1553864461,604800,570,3022.450028110464,3022.450028110464,1.0,__IDENTITY__,Unshuffled,out\Unshuffled,42,2026-02-20T01:37:29.392114Z,604800
1553864461,1554469261,604800,590,3146.95424861893,3146.95424861893,1.0,__IDENTITY__,Unshuffled,out\Unshuffled,42,2026-02-20T01:37:29.392114Z,604800
1554469261,1555074061,604800,611,3278.6688705719635,3278.6688705719635,1.0,__IDENTITY__,Unshuffled,out\Unshuffled,42,2026-02-20T01:37:29.392114Z,604800
1555074061,1555678861,604800,559,2956.9040004482863,2956.9040004482863,1.0,__IDENTITY__,Unshuffled,out\Unshuffled,42,2026-02-20T01:37:29.392114Z,604800
1555678861,1556283661,604800,609,3282.188164916612,3282.188164916612,1.0,__IDENTITY__,Unshuffled,out\Unshuffled,42,2026-02-20T01:37:29.392114Z,604800
1556283661,1556888461,604800,549,2898.0001326619154,2898.0001326619154,1.0,__IDENTITY__,Unshuffled,out\Unshuffled,42,2026-02-20T01:37:29.392114Z,604800
1556888461,1557493261,604800,604,3245.1757212321995,3245.1757212321995,1.0,__IDENTITY__,Unshuffled,out\Unshuffled,42,2026-02-20T01:37:29.392114Z,604800
1557493261,1558098061,604800,579,3088.767964121716,3088.767964121716,1.0,__IDENTITY__,Unshuffled,out\Unshuffled,42,2026-02-20T01:37:29.392114Z,604800
1558098061,1558702861,604800,566,3005.2258977229835,3005.2258977229835,1.0,__IDENTITY__,Unshuffled,out\Unshuffled,42,2026-02-20T01:37:29.392114Z,604800
1558702861,1559307661,604800,565,2995.421567741981,2995.421567741981,1.0,__IDENTITY__,Unshuffled,out\Unshuffled,42,2026-02-20T01:37:29.392114Z,604800
1559307661,1559912461,604800,568,3019.7001379146604,3019.7001379146604,1.0,__IDENTITY__,Unshuffled,out\Unshuffled,42,2026-02-20T01:37:29.392114Z,604800
1559912461,1560517261,604800,532,2790.0318727243093,2790.0318727243093,1.0,__IDENTITY__,Unshuffled,out\Unshuffled,42,2026-02-20T01:37:29.392114Z,604800
1560517261,1561122061,604800,572,3038.7300752499555,3038.7300752499555,1.0,__IDENTITY__,Unshuffled,out\Unshuffled,42,2026-02-20T01:37:29.392114Z,604800
1561122061,1561726861,604800,545,2872.4910090828394,2872.4910090828394,1.0,__IDENTITY__,Unshuffled,out\Unshuffled,42,2026-02-20T01:37:29.392114Z,604800
1561726861,1562331661,604800,532,2790.725019904869,2790.725019904869,1.0,__IDENTITY__,Unshuffled,out\Unshuffled,42,2026-02-20T01:37:29.392114Z,604800
1562331661,1562936461,604800,534,2806.461990998343,2806.461990998343,1.0,__IDENTITY__,Unshuffled,out\Unshuffled,42,2026-02-20T01:37:29.392114Z,604800
1562936461,1563541261,604800,538,2824.840675792176,2824.840675792176,1.0,__IDENTITY__,Unshuffled,out\Unshuffled,42,2026-02-20T01:37:29.392114Z,604800
1563541261,1564146061,604800,576,3070.5001757251785,3070.5001757251785,1.0,__IDENTITY__,Unshuffled,out\Unshuffled,42,2026-02-20T01:37:29.392114Z,604800
1564146061,1564750861,604800,569,3025.6385532406784,3025.6385532406784,1.0,__IDENTITY__,Unshuffled,out\Unshuffled,42,2026-02-20T01:37:29.392114Z,604800
1564750861,1565355661,604800,577,3069.115615969871,3069.115615969871,1.0,__IDENTITY__,Unshuffled,out\Unshuffled,42,2026-02-20T01:37:29.392114Z,604800
1565355661,1565960461,604800,586,3128.2055208994566,3128.2055208994566,1.0,__IDENTITY__,Unshuffled,out\Unshuffled,42,2026-02-20T01:37:29.392114Z,604800
1565960461,1566565261,604800,548,2880.8893614038984,2880.8893614038984,1.0,__IDENTITY__,Unshuffled,out\Unshuffled,42,2026-02-20T01:37:29.392114Z,604800
1566565261,1567170061,604800,531,2790.3990189681153,2790.3990189681153,1.0,__IDENTITY__,Unshuffled,out\Unshuffled,42,2026-02-20T01:37:29.392114Z,604800
1567170061,1567774861,604800,519,2713.147634069615,2713.147634069615,1.0,__IDENTITY__,Unshuffled,out\Unshuffled,42,2026-02-20T01:37:29.392114Z,604800
1567774861,1568379661,604800,591,3158.0181958634607,3158.0181958634607,1.0,__IDENTITY__,Unshuffled,out\Unshuffled,42,2026-02-20T01:37:29.392114Z,604800
1568379661,1568984461,604800,599,3209.015564719118,3209.015564719118,1.0,__IDENTITY__,Unshuffled,out\Unshuffled,42,2026-02-20T01:37:29.392114Z,604800
1568984461,1569589261,604800,555,2929.3608179000976,2929.3608179000976,1.0,__IDENTITY__,Unshuffled,out\Unshuffled,42,2026-02-20T01:37:29.392114Z,604800
1569589261,1570194061,604800,557,2938.4206324958186,2938.4206324958186,1.0,__IDENTITY__,Unshuffled,out\Unshuffled,42,2026-02-20T01:37:29.392114Z,604800
1570194061,1570798861,604800,534,2798.837372012184,2798.837372012184,1.0,__IDENTITY__,Unshuffled,out\Unshuffled,42,2026-02-20T01:37:29.392114Z,604800
1570798861,1571403661,604800,557,2943.6781278678463,2943.6781278678463,1.0,__IDENTITY__,Unshuffled,out\Unshuffled,42,2026-02-20T01:37:29.392114Z,604800
1571403661,1572008461,604800,565,3003.7393339087007,3003.7393339087007,1.0,__IDENTITY__,Unshuffled,out\Unshuffled,42,2026-02-20T01:37:29.392114Z,604800
1572008461,1572613261,604800,543,2859.89127404132,2859.89127404132,1.0,__IDENTITY__,Unshuffled,out\Unshuffled,42,2026-02-20T01:37:29.392114Z,604800
1572613261,1573218061,604800,501,2597.4457963250024,2597.4457963250024,1.0,__IDENTITY__,Unshuffled,out\Unshuffled,42,2026-02-20T01:37:29.392114Z,604800
1573218061,1573822861,604800,498,2586.4265950159033,2586.4265950159033,1.0,__IDENTITY__,Unshuffled,out\Unshuffled,42,2026-02-20T01:37:29.392114Z,604800
1573822861,1574427661,604800,572,3041.9081290803033,3041.9081290803033,1.0,__IDENTITY__,Unshuffled,out\Unshuffled,42,2026-02-20T01:37:29.392114Z,604800
1574427661,1575032461,604800,465,2373.8376495206544,2373.8376495206544,1.0,__IDENTITY__,Unshuffled,out\Unshuffled,42,2026-02-20T01:37:29.392114Z,604800
1575032461,1575637261,604800,459,2342.5629885296726,2342.5629885296726,1.0,__IDENTITY__,Unshuffled,out\Unshuffled,42,2026-02-20T01:37:29.392114Z,604800
1575637261,1576242061,604800,520,2714.8371146897225,2714.8371146897225,1.0,__IDENTITY__,Unshuffled,out\Unshuffled,42,2026-02-20T01:37:29.392114Z,604800
1576242061,1576846861,604800,533,2795.9049290403673,2795.9049290403673,1.0,__IDENTITY__,Unshuffled,out\Unshuffled,42,2026-02-20T01:37:29.392114Z,604800
1576846861,1577451661,604800,443,2245.8612288677937,2245.8612288677937,1.0,__IDENTITY__,Unshuffled,out\Unshuffled,42,2026-02-20T01:37:29.392114Z,604800
1577451661,1578056461,604800,448,2275.6696513108805,2275.6696513108805,1.0,__IDENTITY__,Unshuffled,out\Unshuffled,42,2026-02-20T01:37:29.392114Z,604800
1578056461,1578661261,604800,587,3133.887398538724,3133.887398538724,1.0,__IDENTITY__,Unshuffled,out\Unshuffled,42,2026-02-20T01:37:29.392114Z,604800
1578661261,1579266061,604800,550,2897.9539432794463,2897.9539432794463,1.0,__IDENTITY__,Unshuffled,out\Unshuffled,42,2026-02-20T01:37:29.392114Z,604800
1579266061,1579870861,604800,484,2493.01880903047,2493.01880903047,1.0,__IDENTITY__,Unshuffled,out\Unshuffled,42,2026-02-20T01:37:29.392114Z,604800
1579870861,1580475661,604800,532,2788.3578962907377,2788.3578962907377,1.0,__IDENTITY__,Unshuffled,out\Unshuffled,42,2026-02-20T01:37:29.392114Z,604800
1580475661,1581080461,604800,560,2963.637402340123,2963.637402340123,1.0,__IDENTITY__,Unshuffled,out\Unshuffled,42,2026-02-20T01:37:29.392114Z,604800
1581080461,1581685261,604800,565,2987.7969487558216,2987.7969487558216,1.0,__IDENTITY__,Unshuffled,out\Unshuffled,42,2026-02-20T01:37:29.392114Z,604800
1581685261,1582290061,604800,539,2836.3878867351136,2836.3878867351136,1.0,__IDENTITY__,Unshuffled,out\Unshuffled,42,2026-02-20T01:37:29.392114Z,604800
1582290061,1582894861,604800,474,2433.0833089722137,2433.0833089722137,1.0,__IDENTITY__,Unshuffled,out\Unshuffled,42,2026-02-20T01:37:29.392114Z,604800
1582894861,1583499661,604800,476,2447.7791652446117,2447.7791652446117,1.0,__IDENTITY__,Unshuffled,out\Unshuffled,42,2026-02-20T01:37:29.392114Z,604800
1583499661,1584104461,604800,492,2543.24258397967,2543.24258397967,1.0,__IDENTITY__,Unshuffled,out\Unshuffled,42,2026-02-20T01:37:29.392114Z,604800
1584104461,1584709261,604800,450,2286.499627420267,2286.499627420267,1.0,__IDENTITY__,Unshuffled,out\Unshuffled,42,2026-02-20T01:37:29.392114Z,604800
1584709261,1585314061,604800,312,1471.8241997480745,1471.8241997480745,1.0,__IDENTITY__,Unshuffled,out\Unshuffled,42,2026-02-20T01:37:29.392114Z,604800
1585314061,1585918861,604800,241,1073.6950709359583,1073.6950709359583,1.0,__IDENTITY__,Unshuffled,out\Unshuffled,42,2026-02-20T01:37:29.392114Z,604800
1585918861,1586523661,604800,257,1159.9242402895882,1159.9242402895882,1.0,__IDENTITY__,Unshuffled,out\Unshuffled,42,2026-02-20T01:37:29.392114Z,604800
1586523661,1587128461,604800,252,1135.396053289657,1135.396053289657,1.0,__IDENTITY__,Unshuffled,out\Unshuffled,42,2026-02-20T01:37:29.392114Z,604800
1587128461,1587733261,604800,300,1403.8154950561088,1403.8154950561088,1.0,__IDENTITY__,Unshuffled,out\Unshuffled,42,2026-02-20T01:37:29.392114Z,604800
1587733261,1588338061,604800,329,1573.4024545364036,1573.4024545364036,1.0,__IDENTITY__,Unshuffled,out\Unshuffled,42,2026-02-20T01:37:29.392114Z,604800
1588338061,1588942861,604800,302,1405.4757272958745,1405.4757272958745,1.0,__IDENTITY__,Unshuffled,out\Unshuffled,42,2026-02-20T01:37:29.392114Z,604800
1588942861,1589547661,604800,355,1715.6051197756738,1715.6051197756738,1.0,__IDENTITY__,Unshuffled,out\Unshuffled,42,2026-02-20T01:37:29.392114Z,604800
1589547661,1590152461,604800,389,1916.5936973668345,1916.5936973668345,1.0,__IDENTITY__,Unshuffled,out\Unshuffled,42,2026-02-20T01:37:29.392114Z,604800
1590152461,1590757261,604800,391,1927.4299393772756,1927.4299393772756,1.0,__IDENTITY__,Unshuffled,out\Unshuffled,42,2026-02-20T01:37:29.392114Z,604800
1590757261,1591362061,604800,473,2417.1647966081605,2417.1647966081605,1.0,__IDENTITY__,Unshuffled,out\Unshuffled,42,2026-02-20T01:37:29.392114Z,604800
1591362061,1591966861,604800,466,2374.606556747096,2374.606556747096,1.0,__IDENTITY__,Unshuffled,out\Unshuffled,42,2026-02-20T01:37:29.392114Z,604800
1591966861,1592571661,604800,505,2622.3321213121408,2622.3321213121408,1.0,__IDENTITY__,Unshuffled,out\Unshuffled,42,2026-02-20T01:37:29.392114Z,604800
1592571661,1593176461,604800,481,2465.7555320812226,2465.7555320812226,1.0,__IDENTITY__,Unshuffled,out\Unshuffled,42,2026-02-20T01:37:29.392114Z,604800
1593176461,1593781261,604800,458,2335.335326030944,2335.335326030944,1.0,__IDENTITY__,Unshuffled,out\Unshuffled,42,2026-02-20T01:37:29.392114Z,604800
1593781261,1594386061,604800,422,2120.457231935658,2120.457231935658,1.0,__IDENTITY__,Unshuffled,out\Unshuffled,42,2026-02-20T01:37:29.392114Z,604800
1594386061,1594990861,604800,489,2521.3574188782745,2521.3574188782745,1.0,__IDENTITY__,Unshuffled,out\Unshuffled,42,2026-02-20T01:37:29.392114Z,604800
1594990861,1595595661,604800,519,2709.8517972036107,2709.8517972036107,1.0,__IDENTITY__,Unshuffled,out\Unshuffled,42,2026-02-20T01:37:29.392114Z,604800
1595595661,1596200461,604800,479,2461.4359628014827,2461.4359628014827,1.0,__IDENTITY__,Unshuffled,out\Unshuffled,42,2026-02-20T01:37:29.392114Z,604800
1596200461,1596805261,604800,519,2706.9093094445757,2706.9093094445757,1.0,__IDENTITY__,Unshuffled,out\Unshuffled,42,2026-02-20T01:37:29.392114Z,604800
1596805261,1597410061,604800,456,2327.3604395749517,2327.3604395749517,1.0,__IDENTITY__,Unshuffled,out\Unshuffled,42,2026-02-20T01:37:29.392114Z,604800
1597410061,1598014861,604800,503,2612.9452574094857,2612.9452574094857,1.0,__IDENTITY__,Unshuffled,out\Unshuffled,42,2026-02-20T01:37:29.392114Z,604800
1598014861,1598619661,604800,466,2383.44757105758,2383.44757105758,1.0,__IDENTITY__,Unshuffled,out\Unshuffled,42,2026-02-20T01:37:29.392114Z,604800
1598619661,1599224461,604800,527,2753.1223280471354,2753.1223280471354,1.0,__IDENTITY__,Unshuffled,out\Unshuffled,42,2026-02-20T01:37:29.392114Z,604800
1599224461,1599829261,604800,508,2640.8998673969413,2640.8998673969413,1.0,__IDENTITY__,Unshuffled,out\Unshuffled,42,2026-02-20T01:37:29.392114Z,604800
1599829261,1600434061,604800,479,2462.1291099820423,2462.1291099820423,1.0,__IDENTITY__,Unshuffled,out\Unshuffled,42,2026-02-20T01:37:29.392114Z,604800
1600434061,1601038861,604800,436,2206.719613997564,2206.719613997564,1.0,__IDENTITY__,Unshuffled,out\Unshuffled,42,2026-02-20T01:37:29.392114Z,604800
1601038861,1601643661,604800,433,2187.1072868279057,2187.1072868279057,1.0,__IDENTITY__,Unshuffled,out\Unshuffled,42,2026-02-20T01:37:29.392114Z,604800
1601643661,1602248461,604800,473,2422.2399704233944,2422.2399704233944,1.0,__IDENTITY__,Unshuffled,out\Unshuffled,42,2026-02-20T01:37:29.392114Z,604800
1602248461,1602853261,604800,487,2516.42946093231,2516.42946093231,1.0,__IDENTITY__,Unshuffled,out\Unshuffled,42,2026-02-20T01:37:29.392114Z,604800
1602853261,1603458061,604800,466,2380.387300262888,2380.387300262888,1.0,__IDENTITY__,Unshuffled,out\Unshuffled,42,2026-02-20T01:37:29.392114Z,604800
1603458061,1604062861,604800,466,2376.110634143872,2376.110634143872,1.0,__IDENTITY__,Unshuffled,out\Unshuffled,42,2026-02-20T01:37:29.392114Z,604800
1604062861,1604667661,604800,431,2168.6120158509634,2168.6120158509634,1.0,__IDENTITY__,Unshuffled,out\Unshuffled,42,2026-02-20T01:37:29.392114Z,604800
1604667661,1605272461,604800,502,2595.9219944228785,2595.9219944228785,1.0,__IDENTITY__,Unshuffled,out\Unshuffled,42,2026-02-20T01:37:29.392114Z,604800
1605272461,1605877261,604800,471,2408.4198186525405,2408.4198186525405,1.0,__IDENTITY__,Unshuffled,out\Unshuffled,42,2026-02-20T01:37:29.392114Z,604800
1605877261,1606482061,604800,429,2148.1643563854527,2148.1643563854527,1.0,__IDENTITY__,Unshuffled,out\Unshuffled,42,2026-02-20T01:37:29.392114Z,604800
1606482061,1607086861,604800,450,2284.8777669878345,2284.8777669878345,1.0,__IDENTITY__,Unshuffled,out\Unshuffled,42,2026-02-20T01:37:29.392114Z,604800
1607086861,1607691661,604800,476,2445.699723702932,2445.699723702932,1.0,__IDENTITY__,Unshuffled,out\Unshuffled,42,2026-02-20T01:37:29.392114Z,604800
1607691661,1608296461,604800,494,2545.8237851074055,2545.8237851074055,1.0,__IDENTITY__,Unshuffled,out\Unshuffled,42,2026-02-20T01:37:29.392114Z,604800
1608296461,1608901261,604800,428,2151.5192779219124,2151.5192779219124,1.0,__IDENTITY__,Unshuffled,out\Unshuffled,42,2026-02-20T01:37:29.392114Z,604800
1608901261,1609506061,604800,382,1873.1111702758142,1873.1111702758142,1.0,__IDENTITY__,Unshuffled,out\Unshuffled,42,2026-02-20T01:37:29.392114Z,604800
1609506061,1610110861,604800,432,2173.6996121861957,2173.6996121861957,1.0,__IDENTITY__,Unshuffled,out\Unshuffled,42,2026-02-20T01:37:29.392114Z,604800
1610110861,1610715661,604800,410,2036.1737214861166,2036.1737214861166,1.0,__IDENTITY__,Unshuffled,out\Unshuffled,42,2026-02-20T01:37:29.392114Z,604800
1610715661,1611320461,604800,378,1853.334226880842,1853.334226880842,1.0,__IDENTITY__,Unshuffled,out\Unshuffled,42,2026-02-20T01:37:29.392114Z,604800
1611320461,1611925261,604800,420,2101.7258040547913,2101.7258040547913,1.0,__IDENTITY__,Unshuffled,out\Unshuffled,42,2026-02-20T01:37:29.392114Z,604800
1611925261,1612530061,604800,406,2022.638759554584,2022.638759554584,1.0,__IDENTITY__,Unshuffled,out\Unshuffled,42,2026-02-20T01:37:29.392114Z,604800
1612530061,1613134861,604800,467,2383.643257762661,2383.643257762661,1.0,__IDENTITY__,Unshuffled,out\Unshuffled,42,2026-02-20T01:37:29.392114Z,604800
1613134861,1613739661,604800,420,2103.805245596471,2103.805245596471,1.0,__IDENTITY__,Unshuffled,out\Unshuffled,42,2026-02-20T01:37:29.392114Z,604800
1613739661,1614344461,604800,462,2362.7549374224623,2362.7549374224623,1.0,__IDENTITY__,Unshuffled,out\Unshuffled,42,2026-02-20T01:37:29.392114Z,604800
1614344461,1614949261,604800,447,2270.545687331477,2270.545687331477,1.0,__IDENTITY__,Unshuffled,out\Unshuffled,42,2026-02-20T01:37:29.392114Z,604800
1614949261,1615554061,604800,444,2248.0858524193172,2248.0858524193172,1.0,__IDENTITY__,Unshuffled,out\Unshuffled,42,2026-02-20T01:37:29.392114Z,604800
1615554061,1616158861,604800,472,2417.061704287915,2417.061704287915,1.0,__IDENTITY__,Unshuffled,out\Unshuffled,42,2026-02-20T01:37:29.392114Z,604800
1616158861,1616763661,604800,522,2726.25192003069,2726.25192003069,1.0,__IDENTITY__,Unshuffled,out\Unshuffled,42,2026-02-20T01:37:29.392114Z,604800
1616763661,1617368461,604800,473,2426.922101650519,2426.922101650519,1.0,__IDENTITY__,Unshuffled,out\Unshuffled,42,2026-02-20T01:37:29.392114Z,604800
1617368461,1617973261,604800,475,2432.1973689349925,2432.1973689349925,1.0,__IDENTITY__,Unshuffled,out\Unshuffled,42,2026-02-20T01:37:29.392114Z,604800
1617973261,1618578061,604800,507,2634.6693859493635,2634.6693859493635,1.0,__IDENTITY__,Unshuffled,out\Unshuffled,42,2026-02-20T01:37:29.392114Z,604800
1618578061,1619182861,604800,512,2656.425041899066,2656.425041899066,1.0,__IDENTITY__,Unshuffled,out\Unshuffled,42,2026-02-20T01:37:29.392114Z,604800
1619182861,1619787661,604800,543,2855.326925849852,2855.326925849852,1.0,__IDENTITY__,Unshuffled,out\Unshuffled,42,2026-02-20T01:37:29.392114Z,604800
1619787661,1620392461,604800,501,2597.7334783974543,2597.7334783974543,1.0,__IDENTITY__,Unshuffled,out\Unshuffled,42,2026-02-20T01:37:29.392114Z,604800
1620392461,1620997261,604800,500,2595.9634374521806,2595.9634374521806,1.0,__IDENTITY__,Unshuffled,out\Unshuffled,42,2026-02-20T01:37:29.392114Z,604800
1620997261,1621602061,604800,554,2921.2500903171226,2921.2500903171226,1.0,__IDENTITY__,Unshuffled,out\Unshuffled,42,2026-02-20T01:37:29.392114Z,604800
1621602061,1622206861,604800,544,2867.2888355768446,2867.2888355768446,1.0,__IDENTITY__,Unshuffled,out\Unshuffled,42,2026-02-20T01:37:29.392114Z,604800
1622206861,1622811661,604800,477,2444.2426212076607,2444.2426212076607,1.0,__IDENTITY__,Unshuffled,out\Unshuffled,42,2026-02-20T01:37:29.392114Z,604800
1622811661,1623416461,604800,513,2677.0515094992,2677.0515094992,1.0,__IDENTITY__,Unshuffled,out\Unshuffled,42,2026-02-20T01:37:29.392114Z,604800
1623416461,1624021261,604800,568,3016.927549192421,3016.927549192421,1.0,__IDENTITY__,Unshuffled,out\Unshuffled,42,2026-02-20T01:37:29.392114Z,604800
1624021261,1624626061,604800,532,2791.8236321935374,2791.8236321935374,1.0,__IDENTITY__,Unshuffled,out\Unshuffled,42,2026-02-20T01:37:29.392114Z,604800
1624626061,1625230861,604800,493,2547.0759695395814,2547.0759695395814,1.0,__IDENTITY__,Unshuffled,out\Unshuffled,42,2026-02-20T01:37:29.392114Z,604800
1625230861,1625835661,604800,460,2350.4859744883843,2350.4859744883843,1.0,__IDENTITY__,Unshuffled,out\Unshuffled,42,2026-02-20T01:37:29.392114Z,604800
1625835661,1626440461,604800,538,2833.276224994552,2833.276224994552,1.0,__IDENTITY__,Unshuffled,out\Unshuffled,42,2026-02-20T01:37:29.392114Z,604800
1626440461,1627045261,604800,511,2656.047747667925,2656.047747667925,1.0,__IDENTITY__,Unshuffled,out\Unshuffled,42,2026-02-20T01:37:29.392114Z,604800
1627045261,1627650061,604800,544,2861.2204099886003,2861.2204099886003,1.0,__IDENTITY__,Unshuffled,out\Unshuffled,42,2026-02-20T01:37:29.392114Z,604800
1627650061,1628254861,604800,501,2602.990973769482,2602.990973769482,1.0,__IDENTITY__,Unshuffled,out\Unshuffled,42,2026-02-20T01:37:29.392114Z,604800
1628254861,1628859661,604800,469,2395.536863718917,2395.536863718917,1.0,__IDENTITY__,Unshuffled,out\Unshuffled,42,2026-02-20T01:37:29.392114Z,604800
1628859661,1629464461,604800,498,2581.1690996438756,2581.1690996438756,1.0,__IDENTITY__,Unshuffled,out\Unshuffled,42,2026-02-20T01:37:29.392114Z,604800
1629464461,1630069261,604800,471,2409.348531904413,2409.348531904413,1.0,__IDENTITY__,Unshuffled,out\Unshuffled,42,2026-02-20T01:37:29.392114Z,604800
1630069261,1630674061,604800,507,2633.688556696352,2633.688556696352,1.0,__IDENTITY__,Unshuffled,out\Unshuffled,42,2026-02-20T01:37:29.392114Z,604800
1630674061,1631278861,604800,441,2236.44893793791,2236.44893793791,1.0,__IDENTITY__,Unshuffled,out\Unshuffled,42,2026-02-20T01:37:29.392114Z,604800
1631278861,1631883661,604800,459,2341.464376241004,2341.464376241004,1.0,__IDENTITY__,Unshuffled,out\Unshuffled,42,2026-02-20T01:37:29.392114Z,604800
1631883661,1632488461,604800,465,2380.3636562181455,2380.3636562181455,1.0,__IDENTITY__,Unshuffled,out\Unshuffled,42,2026-02-20T01:37:29.392114Z,604800
1632488461,1633093261,604800,479,2465.3071638123906,2465.3071638123906,1.0,__IDENTITY__,Unshuffled,out\Unshuffled,42,2026-02-20T01:37:29.392114Z,604800
1633093261,1633698061,604800,501,2600.506067119694,2600.506067119694,1.0,__IDENTITY__,Unshuffled,out\Unshuffled,42,2026-02-20T01:37:29.392114Z,604800
1633698061,1634302861,604800,503,2604.50970820711,2604.50970820711,1.0,__IDENTITY__,Unshuffled,out\Unshuffled,42,2026-02-20T01:37:29.392114Z,604800
1634302861,1634907661,604800,487,2512.2705778489503,2512.2705778489503,1.0,__IDENTITY__,Unshuffled,out\Unshuffled,42,2026-02-20T01:37:29.392114Z,604800
1634907661,1635512461,604800,473,2419.8728468092627,2419.8728468092627,1.0,__IDENTITY__,Unshuffled,out\Unshuffled,42,2026-02-20T01:37:29.392114Z,604800
1635512461,1636117261,604800,410,2046.283247122064,2046.283247122064,1.0,__IDENTITY__,Unshuffled,out\Unshuffled,42,2026-02-20T01:37:29.392114Z,604800
1636117261,1636722061,604800,473,2422.6454355315027,2422.6454355315027,1.0,__IDENTITY__,Unshuffled,out\Unshuffled,42,2026-02-20T01:37:29.392114Z,604800
1636722061,1637326861,604800,469,2404.377878029401,2404.377878029401,1.0,__IDENTITY__,Unshuffled,out\Unshuffled,42,2026-02-20T01:37:29.392114Z,604800
1637326861,1637931661,604800,454,2305.701270891099,2305.701270891099,1.0,__IDENTITY__,Unshuffled,out\Unshuffled,42,2026-02-20T01:37:29.392114Z,604800
1637931661,1638536461,604800,481,2474.766445428502,2474.766445428502,1.0,__IDENTITY__,Unshuffled,out\Unshuffled,42,2026-02-20T01:37:29.392114Z,604800
1638536461,1639141261,604800,564,2977.6534605349043,2977.6534605349043,1.0,__IDENTITY__,Unshuffled,out\Unshuffled,42,2026-02-20T01:37:29.392114Z,604800
1639141261,1639746061,604800,474,2437.935339236133,2437.935339236133,1.0,__IDENTITY__,Unshuffled,out\Unshuffled,42,2026-02-20T01:37:29.392114Z,604800
1639746061,1640350861,604800,453,2303.048909595857,2303.048909595857,1.0,__IDENTITY__,Unshuffled,out\Unshuffled,42,2026-02-20T01:37:29.392114Z,604800
1451653261,1452258061,604800,1101,6553.8516899338665,6553.8516899338665,1.0,Full Shuffle,Full Shuffle,out\Full_Shuffle,42,2026-02-20T01:37:43.456070Z,604800
1452258061,1452862861,604800,1077,6377.978710562234,6377.978710562234,1.0,Full Shuffle,Full Shuffle,out\Full_Shuffle,42,2026-02-20T01:37:43.456070Z,604800
1452862861,1453467661,604800,994,5805.59295541802,5805.59295541802,1.0,Full Shuffle,Full Shuffle,out\Full_Shuffle,42,2026-02-20T01:37:43.456070Z,604800
1453467661,1454072461,604800,946,5485.1669597873515,5485.1669597873515,1.0,Full Shuffle,Full Shuffle,out\Full_Shuffle,42,2026-02-20T01:37:43.456070Z,604800
1454072461,1454677261,604800,1040,6134.99860832446,6134.99860832446,1.0,Full Shuffle,Full Shuffle,out\Full_Shuffle,42,2026-02-20T01:37:43.456070Z,604800
1454677261,1455282061,604800,958,5566.782815080834,5566.782815080834,1.0,Full Shuffle,Full Shuffle,out\Full_Shuffle,42,2026-02-20T01:37:43.456070Z,604800
1455282061,1455886861,604800,932,5389.044537124854,5389.044537124854,1.0,Full Shuffle,Full Shuffle,out\Full_Shuffle,42,2026-02-20T01:37:43.456070Z,604800
1455886861,1456491661,604800,1052,6205.790473252456,6205.790473252456,1.0,Full Shuffle,Full Shuffle,out\Full_Shuffle,42,2026-02-20T01:37:43.456070Z,604800
1456491661,1457096461,604800,1025,6009.93108803418,6009.93108803418,1.0,Full Shuffle,Full Shuffle,out\Full_Shuffle,42,2026-02-20T01:37:43.456070Z,604800
1457096461,1457701261,604800,1072,6357.228960869745,6357.228960869745,1.0,Full Shuffle,Full Shuffle,out\Full_Shuffle,42,2026-02-20T01:37:43.456070Z,604800
1457701261,1458306061,604800,1053,6221.473103039417,6221.473103039417,1.0,Full Shuffle,Full Shuffle,out\Full_Shuffle,42,2026-02-20T01:37:43.456070Z,604800
1458306061,1458910861,604800,977,5703.650245200965,5703.650245200965,1.0,Full Shuffle,Full Shuffle,out\Full_Shuffle,42,2026-02-20T01:37:43.456070Z,604800
1458910861,1459515661,604800,954,5549.033755185716,5549.033755185716,1.0,Full Shuffle,Full Shuffle,out\Full_Shuffle,42,2026-02-20T01:37:43.456070Z,604800
1459515661,1460120461,604800,922,5331.522329947783,5331.522329947783,1.0,Full Shuffle,Full Shuffle,out\Full_Shuffle,42,2026-02-20T01:37:43.456070Z,604800
1460120461,1460725261,604800,949,5503.127332495959,5503.127332495959,1.0,Full Shuffle,Full Shuffle,out\Full_Shuffle,42,2026-02-20T01:37:43.456070Z,604800
1460725261,1461330061,604800,961,5596.68220926888,5596.68220926888,1.0,Full Shuffle,Full Shuffle,out\Full_Shuffle,42,2026-02-20T01:37:43.456070Z,604800
1461330061,1461934861,604800,1003,5884.624816770341,5884.624816770341,1.0,Full Shuffle,Full Shuffle,out\Full_Shuffle,42,2026-02-20T01:37:43.456070Z,604800
1461934861,1462539661,604800,881,5051.438050397155,5051.438050397155,1.0,Full Shuffle,Full Shuffle,out\Full_Shuffle,42,2026-02-20T01:37:43.456070Z,604800
1462539661,1463144461,604800,939,5443.17415410519,5443.17415410519,1.0,Full Shuffle,Full Shuffle,out\Full_Shuffle,42,2026-02-20T01:37:43.456070Z,604800
1463144461,1463749261,604800,881,5049.240825819818,5049.240825819818,1.0,Full Shuffle,Full Shuffle,out\Full_Shuffle,42,2026-02-20T01:37:43.456070Z,604800
1463749261,1464354061,604800,903,5190.3910870981,5190.3910870981,1.0,Full Shuffle,Full Shuffle,out\Full_Shuffle,42,2026-02-20T01:37:43.456070Z,604800
1464354061,1464958861,604800,892,5125.005663006941,5125.005663006941,1.0,Full Shuffle,Full Shuffle,out\Full_Shuffle,42,2026-02-20T01:37:43.456070Z,604800
1464958861,1465563661,604800,845,4808.738022775311,4808.738022775311,1.0,Full Shuffle,Full Shuffle,out\Full_Shuffle,42,2026-02-20T01:37:43.456070Z,604800
1465563661,1466168461,604800,861,4918.178150958921,4918.178150958921,1.0,Full Shuffle,Full Shuffle,out\Full_Shuffle,42,2026-02-20T01:37:43.456070Z,604800
1466168461,1466773261,604800,865,4933.661764678199,4933.661764678199,1.0,Full Shuffle,Full Shuffle,out\Full_Shuffle,42,2026-02-20T01:37:43.456070Z,604800
1466773261,1467378061,604800,833,4732.678693739833,4732.678693739833,1.0,Full Shuffle,Full Shuffle,out\Full_Shuffle,42,2026-02-20T01:37:43.456070Z,604800
1467378061,1467982861,604800,745,4154.599896958677,4154.599896958677,1.0,Full Shuffle,Full Shuffle,out\Full_Shuffle,42,2026-02-20T01:37:43.456070Z,604800
1467982861,1468587661,604800,837,4764.560624850193,4764.560624850193,1.0,Full Shuffle,Full Shuffle,out\Full_Shuffle,42,2026-02-20T01:37:43.456070Z,604800
1468587661,1469192461,604800,884,5059.768956575573,5059.768956575573,1.0,Full Shuffle,Full Shuffle,out\Full_Shuffle,42,2026-02-20T01:37:43.456070Z,604800
1469192461,1469797261,604800,813,4596.158572493447,4596.158572493447,1.0,Full Shuffle,Full Shuffle,out\Full_Shuffle,42,2026-02-20T01:37:43.456070Z,604800
1469797261,1470402061,604800,822,4646.46287905293,4646.46287905293,1.0,Full Shuffle,Full Shuffle,out\Full_Shuffle,42,2026-02-20T01:37:43.456070Z,604800
1470402061,1471006861,604800,838,4758.932776736252,4758.932776736252,1.0,Full Shuffle,Full Shuffle,out\Full_Shuffle,42,2026-02-20T01:37:43.456070Z,604800
1471006861,1471611661,604800,839,4777.73617158469,4777.73617158469,1.0,Full Shuffle,Full Shuffle,out\Full_Shuffle,42,2026-02-20T01:37:43.456070Z,604800
1471611661,1472216461,604800,860,4917.711625594051,4917.711625594051,1.0,Full Shuffle,Full Shuffle,out\Full_Shuffle,42,2026-02-20T01:37:43.456070Z,604800
1472216461,1472821261,604800,841,4773.757702586846,4773.757702586846,1.0,Full Shuffle,Full Shuffle,out\Full_Shuffle,42,2026-02-20T01:37:43.456070Z,604800
1472821261,1473426061,604800,791,4448.048329962239,4448.048329962239,1.0,Full Shuffle,Full Shuffle,out\Full_Shuffle,42,2026-02-20T01:37:43.456070Z,604800
1473426061,1474030861,604800,816,4617.654429688774,4617.654429688774,1.0,Full Shuffle,Full Shuffle,out\Full_Shuffle,42,2026-02-20T01:37:43.456070Z,604800
1474030861,1474635661,604800,869,4978.863833133682,4978.863833133682,1.0,Full Shuffle,Full Shuffle,out\Full_Shuffle,42,2026-02-20T01:37:43.456070Z,604800
1474635661,1475240461,604800,848,4823.012480912773,4823.012480912773,1.0,Full Shuffle,Full Shuffle,out\Full_Shuffle,42,2026-02-20T01:37:43.456070Z,604800
1475240461,1475845261,604800,748,4171.9631840722,4171.9631840722,1.0,Full Shuffle,Full Shuffle,out\Full_Shuffle,42,2026-02-20T01:37:43.456070Z,604800
1475845261,1476450061,604800,761,4259.496649527935,4259.496649527935,1.0,Full Shuffle,Full Shuffle,out\Full_Shuffle,42,2026-02-20T01:37:43.456070Z,604800
1476450061,1477054861,604800,791,4451.2263837925875,4451.2263837925875,1.0,Full Shuffle,Full Shuffle,out\Full_Shuffle,42,2026-02-20T01:37:43.456070Z,604800
1477054861,1477659661,604800,773,4333.263547346096,4333.263547346096,1.0,Full Shuffle,Full Shuffle,out\Full_Shuffle,42,2026-02-20T01:37:43.456070Z,604800
1477659661,1478264461,604800,697,3836.2198872155873,3836.2198872155873,1.0,Full Shuffle,Full Shuffle,out\Full_Shuffle,42,2026-02-20T01:37:43.456070Z,604800
1478264461,1478869261,604800,774,4341.994560761367,4341.994560761367,1.0,Full Shuffle,Full Shuffle,out\Full_Shuffle,42,2026-02-20T01:37:43.456070Z,604800
1478869261,1479474061,604800,726,4030.851027287883,4030.851027287883,1.0,Full Shuffle,Full Shuffle,out\Full_Shuffle,42,2026-02-20T01:37:43.456070Z,604800
1479474061,1480078861,604800,651,3545.309334832004,3545.309334832004,1.0,Full Shuffle,Full Shuffle,out\Full_Shuffle,42,2026-02-20T01:37:43.456070Z,604800
1480078861,1480683661,604800,753,4203.2784439965335,4203.2784439965335,1.0,Full Shuffle,Full Shuffle,out\Full_Shuffle,42,2026-02-20T01:37:43.456070Z,604800
1480683661,1481288461,604800,798,4493.867989361801,4493.867989361801,1.0,Full Shuffle,Full Shuffle,out\Full_Shuffle,42,2026-02-20T01:37:43.456070Z,604800
1481288461,1481893261,604800,778,4364.742542174541,4364.742542174541,1.0,Full Shuffle,Full Shuffle,out\Full_Shuffle,42,2026-02-20T01:37:43.456070Z,604800
1481893261,1482498061,604800,831,4711.892890743138,4711.892890743138,1.0,Full Shuffle,Full Shuffle,out\Full_Shuffle,42,2026-02-20T01:37:43.456070Z,604800
1482498061,1483102861,604800,682,3744.525914978599,3744.525914978599,1.0,Full Shuffle,Full Shuffle,out\Full_Shuffle,42,2026-02-20T01:37:43.456070Z,604800
1483102861,1483707661,604800,679,3717.9059753751803,3717.9059753751803,1.0,Full Shuffle,Full Shuffle,out\Full_Shuffle,42,2026-02-20T01:37:43.456070Z,604800
1483707661,1484312461,604800,634,3428.7415782227886,3428.7415782227886,1.0,Full Shuffle,Full Shuffle,out\Full_Shuffle,42,2026-02-20T01:37:43.456070Z,604800
1484312461,1484917261,604800,686,3773.7009350164726,3773.7009350164726,1.0,Full Shuffle,Full Shuffle,out\Full_Shuffle,42,2026-02-20T01:37:43.456070Z,604800
1484917261,1485522061,604800,681,3728.87218893782,3728.87218893782,1.0,Full Shuffle,Full Shuffle,out\Full_Shuffle,42,2026-02-20T01:37:43.456070Z,604800
1485522061,1486126861,604800,742,4132.972016191518,4132.972016191518,1.0,Full Shuffle,Full Shuffle,out\Full_Shuffle,42,2026-02-20T01:37:43.456070Z,604800
1486126861,1486731661,604800,711,3920.5697747115582,3920.5697747115582,1.0,Full Shuffle,Full Shuffle,out\Full_Shuffle,42,2026-02-20T01:37:43.456070Z,604800
1486731661,1487336461,604800,737,4103.809975402217,4103.809975402217,1.0,Full Shuffle,Full Shuffle,out\Full_Shuffle,42,2026-02-20T01:37:43.456070Z,604800
1487336461,1487941261,604800,808,4557.291961417212,4557.291961417212,1.0,Full Shuffle,Full Shuffle,out\Full_Shuffle,42,2026-02-20T01:37:43.456070Z,604800
1487941261,1488546061,604800,703,3874.3142402541735,3874.3142402541735,1.0,Full Shuffle,Full Shuffle,out\Full_Shuffle,42,2026-02-20T01:37:43.456070Z,604800
1488546061,1489150861,604800,727,4032.9933886096055,4032.9933886096055,1.0,Full Shuffle,Full Shuffle,out\Full_Shuffle,42,2026-02-20T01:37:43.456070Z,604800
1489150861,1489755661,604800,759,4244.842403375674,4244.842403375674,1.0,Full Shuffle,Full Shuffle,out\Full_Shuffle,42,2026-02-20T01:37:43.456070Z,604800
1489755661,1490360461,604800,772,4324.53382675583,4324.53382675583,1.0,Full Shuffle,Full Shuffle,out\Full_Shuffle,42,2026-02-20T01:37:43.456070Z,604800
1490360461,1490965261,604800,743,4135.99919329778,4135.99919329778,1.0,Full Shuffle,Full Shuffle,out\Full_Shuffle,42,2026-02-20T01:37:43.456070Z,604800
1490965261,1491570061,604800,681,3731.64477766006,3731.64477766006,1.0,Full Shuffle,Full Shuffle,out\Full_Shuffle,42,2026-02-20T01:37:43.456070Z,604800
1491570061,1492174861,604800,702,3868.452030542923,3868.452030542923,1.0,Full Shuffle,Full Shuffle,out\Full_Shuffle,42,2026-02-20T01:37:43.456070Z,604800
1492174861,1492779661,604800,695,3824.108581397504,3824.108581397504,1.0,Full Shuffle,Full Shuffle,out\Full_Shuffle,42,2026-02-20T01:37:43.456070Z,604800
1492779661,1493384461,604800,683,3746.3702786110457,3746.3702786110457,1.0,Full Shuffle,Full Shuffle,out\Full_Shuffle,42,2026-02-20T01:37:43.456070Z,604800
1493384461,1493989261,604800,679,3718.3114404832886,3718.3114404832886,1.0,Full Shuffle,Full Shuffle,out\Full_Shuffle,42,2026-02-20T01:37:43.456070Z,604800
1493989261,1494594061,604800,676,3697.367706433758,3697.367706433758,1.0,Full Shuffle,Full Shuffle,out\Full_Shuffle,42,2026-02-20T01:37:43.456070Z,604800
1494594061,1495198861,604800,670,3662.0462157240413,3662.0462157240413,1.0,Full Shuffle,Full Shuffle,out\Full_Shuffle,42,2026-02-20T01:37:43.456070Z,604800
1495198861,1495803661,604800,704,3875.0381590934003,3875.0381590934003,1.0,Full Shuffle,Full Shuffle,out\Full_Shuffle,42,2026-02-20T01:37:43.456070Z,604800
1495803661,1496408461,604800,610,3275.314044407484,3275.314044407484,1.0,Full Shuffle,Full Shuffle,out\Full_Shuffle,42,2026-02-20T01:37:43.456070Z,604800
1496408461,1497013261,604800,659,3591.647294939077,3591.647294939077,1.0,Full Shuffle,Full Shuffle,out\Full_Shuffle,42,2026-02-20T01:37:43.456070Z,604800
1497013261,1497618061,604800,709,3915.9911695497517,3915.9911695497517,1.0,Full Shuffle,Full Shuffle,out\Full_Shuffle,42,2026-02-20T01:37:43.456070Z,604800
1497618061,1498222861,604800,686,3768.7311217168963,3768.7311217168963,1.0,Full Shuffle,Full Shuffle,out\Full_Shuffle,42,2026-02-20T01:37:43.456070Z,604800
1498222861,1498827661,604800,651,3536.46832052152,3536.46832052152,1.0,Full Shuffle,Full Shuffle,out\Full_Shuffle,42,2026-02-20T01:37:43.456070Z,604800
1498827661,1499432461,604800,608,3265.0914568680505,3265.0914568680505,1.0,Full Shuffle,Full Shuffle,out\Full_Shuffle,42,2026-02-20T01:37:43.456070Z,604800
1499432461,1500037261,604800,718,3977.4961809771908,3977.4961809771908,1.0,Full Shuffle,Full Shuffle,out\Full_Shuffle,42,2026-02-20T01:37:43.456070Z,604800
1500037261,1500642061,604800,690,3781.006234104458,3781.006234104458,1.0,Full Shuffle,Full Shuffle,out\Full_Shuffle,42,2026-02-20T01:37:43.456070Z,604800
1500642061,1501246861,604800,701,3860.7473688490895,3860.7473688490895,1.0,Full Shuffle,Full Shuffle,out\Full_Shuffle,42,2026-02-20T01:37:43.456070Z,604800
1501246861,1501851661,604800,672,3674.372096020976,3674.372096020976,1.0,Full Shuffle,Full Shuffle,out\Full_Shuffle,42,2026-02-20T01:37:43.456070Z,604800
1501851661,1502456461,604800,632,3415.5513767737557,3415.5513767737557,1.0,Full Shuffle,Full Shuffle,out\Full_Shuffle,42,2026-02-20T01:37:43.456070Z,604800
1502456461,1503061261,604800,692,3802.519509086219,3802.519509086219,1.0,Full Shuffle,Full Shuffle,out\Full_Shuffle,42,2026-02-20T01:37:43.456070Z,604800
1503061261,1503666061,604800,661,3599.5456922787157,3599.5456922787157,1.0,Full Shuffle,Full Shuffle,out\Full_Shuffle,42,2026-02-20T01:37:43.456070Z,604800
1503666061,1504270861,604800,642,3482.2062595845086,3482.2062595845086,1.0,Full Shuffle,Full Shuffle,out\Full_Shuffle,42,2026-02-20T01:37:43.456070Z,604800
1504270861,1504875661,604800,627,3389.155649791445,3389.155649791445,1.0,Full Shuffle,Full Shuffle,out\Full_Shuffle,42,2026-02-20T01:37:43.456070Z,604800
1504875661,1505480461,604800,635,3445.017046785177,3445.017046785177,1.0,Full Shuffle,Full Shuffle,out\Full_Shuffle,42,2026-02-20T01:37:43.456070Z,604800
1505480461,1506085261,604800,683,3746.775743719154,3746.775743719154,1.0,Full Shuffle,Full Shuffle,out\Full_Shuffle,42,2026-02-20T01:37:43.456070Z,604800
1506085261,1506690061,604800,731,4056.1847675533554,4056.1847675533554,1.0,Full Shuffle,Full Shuffle,out\Full_Shuffle,42,2026-02-20T01:37:43.456070Z,604800
1506690061,1507294861,604800,662,3610.435406989325,3610.435406989325,1.0,Full Shuffle,Full Shuffle,out\Full_Shuffle,42,2026-02-20T01:37:43.456070Z,604800
1507294861,1507899661,604800,694,3821.148188490395,3821.148188490395,1.0,Full Shuffle,Full Shuffle,out\Full_Shuffle,42,2026-02-20T01:37:43.456070Z,604800
1507899661,1508504461,604800,614,3309.4197827156263,3309.4197827156263,1.0,Full Shuffle,Full Shuffle,out\Full_Shuffle,42,2026-02-20T01:37:43.456070Z,604800
1508504461,1509109261,604800,690,3790.8280776679535,3790.8280776679535,1.0,Full Shuffle,Full Shuffle,out\Full_Shuffle,42,2026-02-20T01:37:43.456070Z,604800
1509109261,1509714061,604800,683,3745.101767285582,3745.101767285582,1.0,Full Shuffle,Full Shuffle,out\Full_Shuffle,42,2026-02-20T01:37:43.456070Z,604800
1509714061,1510318861,604800,664,3620.827774443543,3620.827774443543,1.0,Full Shuffle,Full Shuffle,out\Full_Shuffle,42,2026-02-20T01:37:43.456070Z,604800
1510318861,1510923661,604800,686,3760.1256734777253,3760.1256734777253,1.0,Full Shuffle,Full Shuffle,out\Full_Shuffle,42,2026-02-20T01:37:43.456070Z,604800
1510923661,1511528461,604800,594,3181.3326593000643,3181.3326593000643,1.0,Full Shuffle,Full Shuffle,out\Full_Shuffle,42,2026-02-20T01:37:43.456070Z,604800
1511528461,1512133261,604800,643,3496.7024884030134,3496.7024884030134,1.0,Full Shuffle,Full Shuffle,out\Full_Shuffle,42,2026-02-20T01:37:43.456070Z,604800
1512133261,1512738061,604800,635,3431.324002210774,3431.324002210774,1.0,Full Shuffle,Full Shuffle,out\Full_Shuffle,42,2026-02-20T01:37:43.456070Z,604800
1512738061,1513342861,604800,612,3298.255399285115,3298.255399285115,1.0,Full Shuffle,Full Shuffle,out\Full_Shuffle,42,2026-02-20T01:37:43.456070Z,604800
1513342861,1513947661,604800,646,3506.5760754586518,3506.5760754586518,1.0,Full Shuffle,Full Shuffle,out\Full_Shuffle,42,2026-02-20T01:37:43.456070Z,604800
1513947661,1514552461,604800,526,2750.6085454738454,2750.6085454738454,1.0,Full Shuffle,Full Shuffle,out\Full_Shuffle,42,2026-02-20T01:37:43.456070Z,604800
1514552461,1515157261,604800,514,2682.195120475987,2682.195120475987,1.0,Full Shuffle,Full Shuffle,out\Full_Shuffle,42,2026-02-20T01:37:43.456070Z,604800
1515157261,1515762061,604800,664,3630.2441528989307,3630.2441528989307,1.0,Full Shuffle,Full Shuffle,out\Full_Shuffle,42,2026-02-20T01:37:43.456070Z,604800
1515762061,1516366861,604800,561,2967.5999996315154,2967.5999996315154,1.0,Full Shuffle,Full Shuffle,out\Full_Shuffle,42,2026-02-20T01:37:43.456070Z,604800
1516366861,1516971661,604800,661,3600.4744055305882,3600.4744055305882,1.0,Full Shuffle,Full Shuffle,out\Full_Shuffle,42,2026-02-20T01:37:43.456070Z,604800
1516971661,1517576461,604800,606,3258.798759892516,3258.798759892516,1.0,Full Shuffle,Full Shuffle,out\Full_Shuffle,42,2026-02-20T01:37:43.456070Z,604800
1517576461,1518181261,604800,653,3560.062715992435,3560.062715992435,1.0,Full Shuffle,Full Shuffle,out\Full_Shuffle,42,2026-02-20T01:37:43.456070Z,604800
1518181261,1518786061,604800,659,3596.0938600948884,3596.0938600948884,1.0,Full Shuffle,Full Shuffle,out\Full_Shuffle,42,2026-02-20T01:37:43.456070Z,604800
1518786061,1519390861,604800,648,3515.768894474254,3515.768894474254,1.0,Full Shuffle,Full Shuffle,out\Full_Shuffle,42,2026-02-20T01:37:43.456070Z,604800
1519390861,1519995661,604800,627,3384.5913015999768,3384.5913015999768,1.0,Full Shuffle,Full Shuffle,out\Full_Shuffle,42,2026-02-20T01:37:43.456070Z,604800
1519995661,1520600461,604800,599,3207.22380524989,3207.22380524989,1.0,Full Shuffle,Full Shuffle,out\Full_Shuffle,42,2026-02-20T01:37:43.456070Z,604800
1520600461,1521205261,604800,571,3034.578160835912,3034.578160835912,1.0,Full Shuffle,Full Shuffle,out\Full_Shuffle,42,2026-02-20T01:37:43.456070Z,604800
1521205261,1521810061,604800,619,3329.707368116976,3329.707368116976,1.0,Full Shuffle,Full Shuffle,out\Full_Shuffle,42,2026-02-20T01:37:43.456070Z,604800
1521810061,1522414861,604800,609,3270.810127955201,3270.810127955201,1.0,Full Shuffle,Full Shuffle,out\Full_Shuffle,42,2026-02-20T01:37:43.456070Z,604800
1522414861,1523019661,604800,537,2827.6815136149503,2827.6815136149503,1.0,Full Shuffle,Full Shuffle,out\Full_Shuffle,42,2026-02-20T01:37:43.456070Z,604800
1523019661,1523624461,604800,602,3227.518199573618,3227.518199573618,1.0,Full Shuffle,Full Shuffle,out\Full_Shuffle,42,2026-02-20T01:37:43.456070Z,604800
1523624461,1524229261,604800,621,3356.196924730215,3356.196924730215,1.0,Full Shuffle,Full Shuffle,out\Full_Shuffle,42,2026-02-20T01:37:43.456070Z,604800
1524229261,1524834061,604800,646,3512.8144000836915,3512.8144000836915,1.0,Full Shuffle,Full Shuffle,out\Full_Shuffle,42,2026-02-20T01:37:43.456070Z,604800
1524834061,1525438861,604800,590,3152.329527026614,3152.329527026614,1.0,Full Shuffle,Full Shuffle,out\Full_Shuffle,42,2026-02-20T01:37:43.456070Z,604800
1525438861,1526043661,604800,602,3226.8250523930583,3226.8250523930583,1.0,Full Shuffle,Full Shuffle,out\Full_Shuffle,42,2026-02-20T01:37:43.456070Z,604800
1526043661,1526648461,604800,586,3121.1562660582003,3121.1562660582003,1.0,Full Shuffle,Full Shuffle,out\Full_Shuffle,42,2026-02-20T01:37:43.456070Z,604800
1526648461,1527253261,604800,609,3276.9306695445844,3276.9306695445844,1.0,Full Shuffle,Full Shuffle,out\Full_Shuffle,42,2026-02-20T01:37:43.456070Z,604800
1527253261,1527858061,604800,565,2995.3037847063247,2995.3037847063247,1.0,Full Shuffle,Full Shuffle,out\Full_Shuffle,42,2026-02-20T01:37:43.456070Z,604800
1527858061,1528462861,604800,613,3300.9203462458,3300.9203462458,1.0,Full Shuffle,Full Shuffle,out\Full_Shuffle,42,2026-02-20T01:37:43.456070Z,604800
1528462861,1529067661,604800,634,3437.0593443895077,3437.0593443895077,1.0,Full Shuffle,Full Shuffle,out\Full_Shuffle,42,2026-02-20T01:37:43.456070Z,604800
1529067661,1529672461,604800,599,3213.985378018694,3213.985378018694,1.0,Full Shuffle,Full Shuffle,out\Full_Shuffle,42,2026-02-20T01:37:43.456070Z,604800
1529672461,1530277261,604800,589,3150.108287573074,3150.108287573074,1.0,Full Shuffle,Full Shuffle,out\Full_Shuffle,42,2026-02-20T01:37:43.456070Z,604800
1530277261,1530882061,604800,518,2707.471094331352,2707.471094331352,1.0,Full Shuffle,Full Shuffle,out\Full_Shuffle,42,2026-02-20T01:37:43.456070Z,604800
1530882061,1531486861,604800,614,3306.6471939933867,3306.6471939933867,1.0,Full Shuffle,Full Shuffle,out\Full_Shuffle,42,2026-02-20T01:37:43.456070Z,604800
1531486861,1532091661,604800,598,3204.4120625902306,3204.4120625902306,1.0,Full Shuffle,Full Shuffle,out\Full_Shuffle,42,2026-02-20T01:37:43.456070Z,604800
1532091661,1532696461,604800,595,3186.0472442720384,3186.0472442720384,1.0,Full Shuffle,Full Shuffle,out\Full_Shuffle,42,2026-02-20T01:37:43.456070Z,604800
1532696461,1533301261,604800,528,2760.947617728757,2760.947617728757,1.0,Full Shuffle,Full Shuffle,out\Full_Shuffle,42,2026-02-20T01:37:43.456070Z,604800
1533301261,1533906061,604800,619,3337.7906967257622,3337.7906967257622,1.0,Full Shuffle,Full Shuffle,out\Full_Shuffle,42,2026-02-20T01:37:43.456070Z,604800
1533906061,1534510861,604800,607,3263.127847141896,3263.127847141896,1.0,Full Shuffle,Full Shuffle,out\Full_Shuffle,42,2026-02-20T01:37:43.456070Z,604800
1534510861,1535115661,604800,629,3402.447786322721,3402.447786322721,1.0,Full Shuffle,Full Shuffle,out\Full_Shuffle,42,2026-02-20T01:37:43.456070Z,604800
1535115661,1535720461,604800,642,3470.76255558858,3470.76255558858,1.0,Full Shuffle,Full Shuffle,out\Full_Shuffle,42,2026-02-20T01:37:43.456070Z,604800
1535720461,1536325261,604800,551,2908.947809315723,2908.947809315723,1.0,Full Shuffle,Full Shuffle,out\Full_Shuffle,42,2026-02-20T01:37:43.456070Z,604800
1536325261,1536930061,604800,587,3132.5011041776042,3132.5011041776042,1.0,Full Shuffle,Full Shuffle,out\Full_Shuffle,42,2026-02-20T01:37:43.456070Z,604800
1536930061,1537534861,604800,606,3258.105612711956,3258.105612711956,1.0,Full Shuffle,Full Shuffle,out\Full_Shuffle,42,2026-02-20T01:37:43.456070Z,604800
1537534861,1538139661,604800,602,3225.8442231400463,3225.8442231400463,1.0,Full Shuffle,Full Shuffle,out\Full_Shuffle,42,2026-02-20T01:37:43.456070Z,604800
1538139661,1538744461,604800,589,3137.5138552873386,3137.5138552873386,1.0,Full Shuffle,Full Shuffle,out\Full_Shuffle,42,2026-02-20T01:37:43.456070Z,604800
1538744461,1539349261,604800,627,3398.2843461743805,3398.2843461743805,1.0,Full Shuffle,Full Shuffle,out\Full_Shuffle,42,2026-02-20T01:37:43.456070Z,604800
1539349261,1539954061,604800,573,3047.5658676164576,3047.5658676164576,1.0,Full Shuffle,Full Shuffle,out\Full_Shuffle,42,2026-02-20T01:37:43.456070Z,604800
1539954061,1540558861,604800,573,3045.08096096667,3045.08096096667,1.0,Full Shuffle,Full Shuffle,out\Full_Shuffle,42,2026-02-20T01:37:43.456070Z,604800
1540558861,1541163661,604800,595,3184.2554848028103,3184.2554848028103,1.0,Full Shuffle,Full Shuffle,out\Full_Shuffle,42,2026-02-20T01:37:43.456070Z,604800
1541163661,1541768461,604800,611,3279.649699824975,3279.649699824975,1.0,Full Shuffle,Full Shuffle,out\Full_Shuffle,42,2026-02-20T01:37:43.456070Z,604800
1541768461,1542373261,604800,610,3277.3934859491637,3277.3934859491637,1.0,Full Shuffle,Full Shuffle,out\Full_Shuffle,42,2026-02-20T01:37:43.456070Z,604800
1542373261,1542978061,604800,517,2700.9334370166416,2700.9334370166416,1.0,Full Shuffle,Full Shuffle,out\Full_Shuffle,42,2026-02-20T01:37:43.456070Z,604800
1542978061,1543582861,604800,587,3132.788786250056,3132.788786250056,1.0,Full Shuffle,Full Shuffle,out\Full_Shuffle,42,2026-02-20T01:37:43.456070Z,604800
1543582861,1544187661,604800,592,3164.4017024983445,3164.4017024983445,1.0,Full Shuffle,Full Shuffle,out\Full_Shuffle,42,2026-02-20T01:37:43.456070Z,604800
1544187661,1544792461,604800,534,2809.522261793035,2809.522261793035,1.0,Full Shuffle,Full Shuffle,out\Full_Shuffle,42,2026-02-20T01:37:43.456070Z,604800
1544792461,1545397261,604800,619,3345.0098506038134,3345.0098506038134,1.0,Full Shuffle,Full Shuffle,out\Full_Shuffle,42,2026-02-20T01:37:43.456070Z,604800
1545397261,1546002061,604800,473,2430.3878375533186,2430.3878375533186,1.0,Full Shuffle,Full Shuffle,out\Full_Shuffle,42,2026-02-20T01:37:43.456070Z,604800
1546002061,1546606861,604800,525,2752.778793463484,2752.778793463484,1.0,Full Shuffle,Full Shuffle,out\Full_Shuffle,42,2026-02-20T01:37:43.456070Z,604800
1546606861,1547211661,604800,618,3333.6119320315534,3333.6119320315534,1.0,Full Shuffle,Full Shuffle,out\Full_Shuffle,42,2026-02-20T01:37:43.456070Z,604800
1547211661,1547816461,604800,579,3083.5104687496882,3083.5104687496882,1.0,Full Shuffle,Full Shuffle,out\Full_Shuffle,42,2026-02-20T01:37:43.456070Z,604800
1547816461,1548421261,604800,538,2829.1173419111924,2829.1173419111924,1.0,Full Shuffle,Full Shuffle,out\Full_Shuffle,42,2026-02-20T01:37:43.456070Z,604800
1548421261,1549026061,604800,537,2822.4240182429226,2822.4240182429226,1.0,Full Shuffle,Full Shuffle,out\Full_Shuffle,42,2026-02-20T01:37:43.456070Z,604800
1549026061,1549630861,604800,573,3043.69466660555,3043.69466660555,1.0,Full Shuffle,Full Shuffle,out\Full_Shuffle,42,2026-02-20T01:37:43.456070Z,604800
1549630861,1550235661,604800,565,2999.4626677896845,2999.4626677896845,1.0,Full Shuffle,Full Shuffle,out\Full_Shuffle,42,2026-02-20T01:37:43.456070Z,604800
1550235661,1550840461,604800,590,3156.893875218082,3156.893875218082,1.0,Full Shuffle,Full Shuffle,out\Full_Shuffle,42,2026-02-20T01:37:43.456070Z,604800
1550840461,1551445261,604800,584,3116.0359534075506,3116.0359534075506,1.0,Full Shuffle,Full Shuffle,out\Full_Shuffle,42,2026-02-20T01:37:43.456070Z,604800
1551445261,1552050061,604800,554,2925.1212913280306,2925.1212913280306,1.0,Full Shuffle,Full Shuffle,out\Full_Shuffle,42,2026-02-20T01:37:43.456070Z,604800
1552050061,1552654861,604800,588,3138.1846839449427,3138.1846839449427,1.0,Full Shuffle,Full Shuffle,out\Full_Shuffle,42,2026-02-20T01:37:43.456070Z,604800
1552654861,1553259661,604800,586,3126.295978394572,3126.295978394572,1.0,Full Shuffle,Full Shuffle,out\Full_Shuffle,42,2026-02-20T01:37:43.456070Z,604800
1553259661,1553864461,604800,570,3022.450028110464,3022.450028110464,1.0,Full Shuffle,Full Shuffle,out\Full_Shuffle,42,2026-02-20T01:37:43.456070Z,604800
1553864461,1554469261,604800,590,3146.95424861893,3146.95424861893,1.0,Full Shuffle,Full Shuffle,out\Full_Shuffle,42,2026-02-20T01:37:43.456070Z,604800
1554469261,1555074061,604800,611,3278.6688705719635,3278.6688705719635,1.0,Full Shuffle,Full Shuffle,out\Full_Shuffle,42,2026-02-20T01:37:43.456070Z,604800
1555074061,1555678861,604800,559,2956.9040004482863,2956.9040004482863,1.0,Full Shuffle,Full Shuffle,out\Full_Shuffle,42,2026-02-20T01:37:43.456070Z,604800
1555678861,1556283661,604800,609,3282.188164916612,3282.188164916612,1.0,Full Shuffle,Full Shuffle,out\Full_Shuffle,42,2026-02-20T01:37:43.456070Z,604800
1556283661,1556888461,604800,549,2898.0001326619154,2898.0001326619154,1.0,Full Shuffle,Full Shuffle,out\Full_Shuffle,42,2026-02-20T01:37:43.456070Z,604800
1556888461,1557493261,604800,604,3245.1757212321995,3245.1757212321995,1.0,Full Shuffle,Full Shuffle,out\Full_Shuffle,42,2026-02-20T01:37:43.456070Z,604800
1557493261,1558098061,604800,579,3088.767964121716,3088.767964121716,1.0,Full Shuffle,Full Shuffle,out\Full_Shuffle,42,2026-02-20T01:37:43.456070Z,604800
1558098061,1558702861,604800,566,3005.2258977229835,3005.2258977229835,1.0,Full Shuffle,Full Shuffle,out\Full_Shuffle,42,2026-02-20T01:37:43.456070Z,604800
1558702861,1559307661,604800,565,2995.421567741981,2995.421567741981,1.0,Full Shuffle,Full Shuffle,out\Full_Shuffle,42,2026-02-20T01:37:43.456070Z,604800
1559307661,1559912461,604800,568,3019.7001379146604,3019.7001379146604,1.0,Full Shuffle,Full Shuffle,out\Full_Shuffle,42,2026-02-20T01:37:43.456070Z,604800
1559912461,1560517261,604800,532,2790.0318727243093,2790.0318727243093,1.0,Full Shuffle,Full Shuffle,out\Full_Shuffle,42,2026-02-20T01:37:43.456070Z,604800
1560517261,1561122061,604800,572,3038.7300752499555,3038.7300752499555,1.0,Full Shuffle,Full Shuffle,out\Full_Shuffle,42,2026-02-20T01:37:43.456070Z,604800
1561122061,1561726861,604800,545,2872.4910090828394,2872.4910090828394,1.0,Full Shuffle,Full Shuffle,out\Full_Shuffle,42,2026-02-20T01:37:43.456070Z,604800
1561726861,1562331661,604800,532,2790.725019904869,2790.725019904869,1.0,Full Shuffle,Full Shuffle,out\Full_Shuffle,42,2026-02-20T01:37:43.456070Z,604800
1562331661,1562936461,604800,534,2806.461990998343,2806.461990998343,1.0,Full Shuffle,Full Shuffle,out\Full_Shuffle,42,2026-02-20T01:37:43.456070Z,604800
1562936461,1563541261,604800,538,2824.840675792176,2824.840675792176,1.0,Full Shuffle,Full Shuffle,out\Full_Shuffle,42,2026-02-20T01:37:43.456070Z,604800
1563541261,1564146061,604800,576,3070.5001757251785,3070.5001757251785,1.0,Full Shuffle,Full Shuffle,out\Full_Shuffle,42,2026-02-20T01:37:43.456070Z,604800
1564146061,1564750861,604800,569,3025.6385532406784,3025.6385532406784,1.0,Full Shuffle,Full Shuffle,out\Full_Shuffle,42,2026-02-20T01:37:43.456070Z,604800
1564750861,1565355661,604800,577,3069.115615969871,3069.115615969871,1.0,Full Shuffle,Full Shuffle,out\Full_Shuffle,42,2026-02-20T01:37:43.456070Z,604800
1565355661,1565960461,604800,586,3128.2055208994566,3128.2055208994566,1.0,Full Shuffle,Full Shuffle,out\Full_Shuffle,42,2026-02-20T01:37:43.456070Z,604800
1565960461,1566565261,604800,548,2880.8893614038984,2880.8893614038984,1.0,Full Shuffle,Full Shuffle,out\Full_Shuffle,42,2026-02-20T01:37:43.456070Z,604800
1566565261,1567170061,604800,531,2790.3990189681153,2790.3990189681153,1.0,Full Shuffle,Full Shuffle,out\Full_Shuffle,42,2026-02-20T01:37:43.456070Z,604800
1567170061,1567774861,604800,519,2713.147634069615,2713.147634069615,1.0,Full Shuffle,Full Shuffle,out\Full_Shuffle,42,2026-02-20T01:37:43.456070Z,604800
1567774861,1568379661,604800,591,3158.0181958634607,3158.0181958634607,1.0,Full Shuffle,Full Shuffle,out\Full_Shuffle,42,2026-02-20T01:37:43.456070Z,604800
1568379661,1568984461,604800,599,3209.015564719118,3209.015564719118,1.0,Full Shuffle,Full Shuffle,out\Full_Shuffle,42,2026-02-20T01:37:43.456070Z,604800
1568984461,1569589261,604800,555,2929.3608179000976,2929.3608179000976,1.0,Full Shuffle,Full Shuffle,out\Full_Shuffle,42,2026-02-20T01:37:43.456070Z,604800
1569589261,1570194061,604800,557,2938.4206324958186,2938.4206324958186,1.0,Full Shuffle,Full Shuffle,out\Full_Shuffle,42,2026-02-20T01:37:43.456070Z,604800
1570194061,1570798861,604800,534,2798.837372012184,2798.837372012184,1.0,Full Shuffle,Full Shuffle,out\Full_Shuffle,42,2026-02-20T01:37:43.456070Z,604800
1570798861,1571403661,604800,557,2943.6781278678463,2943.6781278678463,1.0,Full Shuffle,Full Shuffle,out\Full_Shuffle,42,2026-02-20T01:37:43.456070Z,604800
1571403661,1572008461,604800,565,3003.7393339087007,3003.7393339087007,1.0,Full Shuffle,Full Shuffle,out\Full_Shuffle,42,2026-02-20T01:37:43.456070Z,604800
1572008461,1572613261,604800,543,2859.89127404132,2859.89127404132,1.0,Full Shuffle,Full Shuffle,out\Full_Shuffle,42,2026-02-20T01:37:43.456070Z,604800
1572613261,1573218061,604800,501,2597.4457963250024,2597.4457963250024,1.0,Full Shuffle,Full Shuffle,out\Full_Shuffle,42,2026-02-20T01:37:43.456070Z,604800
1573218061,1573822861,604800,498,2586.4265950159033,2586.4265950159033,1.0,Full Shuffle,Full Shuffle,out\Full_Shuffle,42,2026-02-20T01:37:43.456070Z,604800
1573822861,1574427661,604800,572,3041.9081290803033,3041.9081290803033,1.0,Full Shuffle,Full Shuffle,out\Full_Shuffle,42,2026-02-20T01:37:43.456070Z,604800
1574427661,1575032461,604800,465,2373.8376495206544,2373.8376495206544,1.0,Full Shuffle,Full Shuffle,out\Full_Shuffle,42,2026-02-20T01:37:43.456070Z,604800
1575032461,1575637261,604800,459,2342.5629885296726,2342.5629885296726,1.0,Full Shuffle,Full Shuffle,out\Full_Shuffle,42,2026-02-20T01:37:43.456070Z,604800
1575637261,1576242061,604800,520,2714.8371146897225,2714.8371146897225,1.0,Full Shuffle,Full Shuffle,out\Full_Shuffle,42,2026-02-20T01:37:43.456070Z,604800
1576242061,1576846861,604800,533,2795.9049290403673,2795.9049290403673,1.0,Full Shuffle,Full Shuffle,out\Full_Shuffle,42,2026-02-20T01:37:43.456070Z,604800
1576846861,1577451661,604800,443,2245.8612288677937,2245.8612288677937,1.0,Full Shuffle,Full Shuffle,out\Full_Shuffle,42,2026-02-20T01:37:43.456070Z,604800
1577451661,1578056461,604800,448,2275.6696513108805,2275.6696513108805,1.0,Full Shuffle,Full Shuffle,out\Full_Shuffle,42,2026-02-20T01:37:43.456070Z,604800
1578056461,1578661261,604800,587,3133.887398538724,3133.887398538724,1.0,Full Shuffle,Full Shuffle,out\Full_Shuffle,42,2026-02-20T01:37:43.456070Z,604800
1578661261,1579266061,604800,550,2897.9539432794463,2897.9539432794463,1.0,Full Shuffle,Full Shuffle,out\Full_Shuffle,42,2026-02-20T01:37:43.456070Z,604800
1579266061,1579870861,604800,484,2493.01880903047,2493.01880903047,1.0,Full Shuffle,Full Shuffle,out\Full_Shuffle,42,2026-02-20T01:37:43.456070Z,604800
1579870861,1580475661,604800,532,2788.3578962907377,2788.3578962907377,1.0,Full Shuffle,Full Shuffle,out\Full_Shuffle,42,2026-02-20T01:37:43.456070Z,604800
1580475661,1581080461,604800,560,2963.637402340123,2963.637402340123,1.0,Full Shuffle,Full Shuffle,out\Full_Shuffle,42,2026-02-20T01:37:43.456070Z,604800
1581080461,1581685261,604800,565,2987.7969487558216,2987.7969487558216,1.0,Full Shuffle,Full Shuffle,out\Full_Shuffle,42,2026-02-20T01:37:43.456070Z,604800
1581685261,1582290061,604800,539,2836.3878867351136,2836.3878867351136,1.0,Full Shuffle,Full Shuffle,out\Full_Shuffle,42,2026-02-20T01:37:43.456070Z,604800
1582290061,1582894861,604800,474,2433.0833089722137,2433.0833089722137,1.0,Full Shuffle,Full Shuffle,out\Full_Shuffle,42,2026-02-20T01:37:43.456070Z,604800
1582894861,1583499661,604800,476,2447.7791652446117,2447.7791652446117,1.0,Full Shuffle,Full Shuffle,out\Full_Shuffle,42,2026-02-20T01:37:43.456070Z,604800
1583499661,1584104461,604800,492,2543.24258397967,2543.24258397967,1.0,Full Shuffle,Full Shuffle,out\Full_Shuffle,42,2026-02-20T01:37:43.456070Z,604800
1584104461,1584709261,604800,450,2286.499627420267,2286.499627420267,1.0,Full Shuffle,Full Shuffle,out\Full_Shuffle,42,2026-02-20T01:37:43.456070Z,604800
1584709261,1585314061,604800,312,1471.8241997480745,1471.8241997480745,1.0,Full Shuffle,Full Shuffle,out\Full_Shuffle,42,2026-02-20T01:37:43.456070Z,604800
1585314061,1585918861,604800,241,1073.6950709359583,1073.6950709359583,1.0,Full Shuffle,Full Shuffle,out\Full_Shuffle,42,2026-02-20T01:37:43.456070Z,604800
1585918861,1586523661,604800,257,1159.9242402895882,1159.9242402895882,1.0,Full Shuffle,Full Shuffle,out\Full_Shuffle,42,2026-02-20T01:37:43.456070Z,604800
1586523661,1587128461,604800,252,1135.396053289657,1135.396053289657,1.0,Full Shuffle,Full Shuffle,out\Full_Shuffle,42,2026-02-20T01:37:43.456070Z,604800
1587128461,1587733261,604800,300,1403.8154950561088,1403.8154950561088,1.0,Full Shuffle,Full Shuffle,out\Full_Shuffle,42,2026-02-20T01:37:43.456070Z,604800
1587733261,1588338061,604800,329,1573.4024545364036,1573.4024545364036,1.0,Full Shuffle,Full Shuffle,out\Full_Shuffle,42,2026-02-20T01:37:43.456070Z,604800
1588338061,1588942861,604800,302,1405.4757272958745,1405.4757272958745,1.0,Full Shuffle,Full Shuffle,out\Full_Shuffle,42,2026-02-20T01:37:43.456070Z,604800
1588942861,1589547661,604800,355,1715.6051197756738,1715.6051197756738,1.0,Full Shuffle,Full Shuffle,out\Full_Shuffle,42,2026-02-20T01:37:43.456070Z,604800
1589547661,1590152461,604800,389,1916.5936973668345,1916.5936973668345,1.0,Full Shuffle,Full Shuffle,out\Full_Shuffle,42,2026-02-20T01:37:43.456070Z,604800
1590152461,1590757261,604800,391,1927.4299393772756,1927.4299393772756,1.0,Full Shuffle,Full Shuffle,out\Full_Shuffle,42,2026-02-20T01:37:43.456070Z,604800
1590757261,1591362061,604800,473,2417.1647966081605,2417.1647966081605,1.0,Full Shuffle,Full Shuffle,out\Full_Shuffle,42,2026-02-20T01:37:43.456070Z,604800
1591362061,1591966861,604800,466,2374.606556747096,2374.606556747096,1.0,Full Shuffle,Full Shuffle,out\Full_Shuffle,42,2026-02-20T01:37:43.456070Z,604800
1591966861,1592571661,604800,505,2622.3321213121408,2622.3321213121408,1.0,Full Shuffle,Full Shuffle,out\Full_Shuffle,42,2026-02-20T01:37:43.456070Z,604800
1592571661,1593176461,604800,481,2465.7555320812226,2465.7555320812226,1.0,Full Shuffle,Full Shuffle,out\Full_Shuffle,42,2026-02-20T01:37:43.456070Z,604800
1593176461,1593781261,604800,458,2335.335326030944,2335.335326030944,1.0,Full Shuffle,Full Shuffle,out\Full_Shuffle,42,2026-02-20T01:37:43.456070Z,604800
1593781261,1594386061,604800,422,2120.457231935658,2120.457231935658,1.0,Full Shuffle,Full Shuffle,out\Full_Shuffle,42,2026-02-20T01:37:43.456070Z,604800
1594386061,1594990861,604800,489,2521.3574188782745,2521.3574188782745,1.0,Full Shuffle,Full Shuffle,out\Full_Shuffle,42,2026-02-20T01:37:43.456070Z,604800
1594990861,1595595661,604800,519,2709.8517972036107,2709.8517972036107,1.0,Full Shuffle,Full Shuffle,out\Full_Shuffle,42,2026-02-20T01:37:43.456070Z,604800
1595595661,1596200461,604800,479,2461.4359628014827,2461.4359628014827,1.0,Full Shuffle,Full Shuffle,out\Full_Shuffle,42,2026-02-20T01:37:43.456070Z,604800
1596200461,1596805261,604800,519,2706.9093094445757,2706.9093094445757,1.0,Full Shuffle,Full Shuffle,out\Full_Shuffle,42,2026-02-20T01:37:43.456070Z,604800
1596805261,1597410061,604800,456,2327.3604395749517,2327.3604395749517,1.0,Full Shuffle,Full Shuffle,out\Full_Shuffle,42,2026-02-20T01:37:43.456070Z,604800
1597410061,1598014861,604800,503,2612.9452574094857,2612.9452574094857,1.0,Full Shuffle,Full Shuffle,out\Full_Shuffle,42,2026-02-20T01:37:43.456070Z,604800
1598014861,1598619661,604800,466,2383.44757105758,2383.44757105758,1.0,Full Shuffle,Full Shuffle,out\Full_Shuffle,42,2026-02-20T01:37:43.456070Z,604800
1598619661,1599224461,604800,527,2753.1223280471354,2753.1223280471354,1.0,Full Shuffle,Full Shuffle,out\Full_Shuffle,42,2026-02-20T01:37:43.456070Z,604800
1599224461,1599829261,604800,508,2640.8998673969413,2640.8998673969413,1.0,Full Shuffle,Full Shuffle,out\Full_Shuffle,42,2026-02-20T01:37:43.456070Z,604800
1599829261,1600434061,604800,479,2462.1291099820423,2462.1291099820423,1.0,Full Shuffle,Full Shuffle,out\Full_Shuffle,42,2026-02-20T01:37:43.456070Z,604800
1600434061,1601038861,604800,436,2206.719613997564,2206.719613997564,1.0,Full Shuffle,Full Shuffle,out\Full_Shuffle,42,2026-02-20T01:37:43.456070Z,604800
1601038861,1601643661,604800,433,2187.1072868279057,2187.1072868279057,1.0,Full Shuffle,Full Shuffle,out\Full_Shuffle,42,2026-02-20T01:37:43.456070Z,604800
1601643661,1602248461,604800,473,2422.2399704233944,2422.2399704233944,1.0,Full Shuffle,Full Shuffle,out\Full_Shuffle,42,2026-02-20T01:37:43.456070Z,604800
1602248461,1602853261,604800,487,2516.42946093231,2516.42946093231,1.0,Full Shuffle,Full Shuffle,out\Full_Shuffle,42,2026-02-20T01:37:43.456070Z,604800
1602853261,1603458061,604800,466,2380.387300262888,2380.387300262888,1.0,Full Shuffle,Full Shuffle,out\Full_Shuffle,42,2026-02-20T01:37:43.456070Z,604800
1603458061,1604062861,604800,466,2376.110634143872,2376.110634143872,1.0,Full Shuffle,Full Shuffle,out\Full_Shuffle,42,2026-02-20T01:37:43.456070Z,604800
1604062861,1604667661,604800,431,2168.6120158509634,2168.6120158509634,1.0,Full Shuffle,Full Shuffle,out\Full_Shuffle,42,2026-02-20T01:37:43.456070Z,604800
1604667661,1605272461,604800,502,2595.9219944228785,2595.9219944228785,1.0,Full Shuffle,Full Shuffle,out\Full_Shuffle,42,2026-02-20T01:37:43.456070Z,604800
1605272461,1605877261,604800,471,2408.4198186525405,2408.4198186525405,1.0,Full Shuffle,Full Shuffle,out\Full_Shuffle,42,2026-02-20T01:37:43.456070Z,604800
1605877261,1606482061,604800,429,2148.1643563854527,2148.1643563854527,1.0,Full Shuffle,Full Shuffle,out\Full_Shuffle,42,2026-02-20T01:37:43.456070Z,604800
1606482061,1607086861,604800,450,2284.8777669878345,2284.8777669878345,1.0,Full Shuffle,Full Shuffle,out\Full_Shuffle,42,2026-02-20T01:37:43.456070Z,604800
1607086861,1607691661,604800,476,2445.699723702932,2445.699723702932,1.0,Full Shuffle,Full Shuffle,out\Full_Shuffle,42,2026-02-20T01:37:43.456070Z,604800
1607691661,1608296461,604800,494,2545.8237851074055,2545.8237851074055,1.0,Full Shuffle,Full Shuffle,out\Full_Shuffle,42,2026-02-20T01:37:43.456070Z,604800
1608296461,1608901261,604800,428,2151.5192779219124,2151.5192779219124,1.0,Full Shuffle,Full Shuffle,out\Full_Shuffle,42,2026-02-20T01:37:43.456070Z,604800
1608901261,1609506061,604800,382,1873.1111702758142,1873.1111702758142,1.0,Full Shuffle,Full Shuffle,out\Full_Shuffle,42,2026-02-20T01:37:43.456070Z,604800
1609506061,1610110861,604800,432,2173.6996121861957,2173.6996121861957,1.0,Full Shuffle,Full Shuffle,out\Full_Shuffle,42,2026-02-20T01:37:43.456070Z,604800
1610110861,1610715661,604800,410,2036.1737214861166,2036.1737214861166,1.0,Full Shuffle,Full Shuffle,out\Full_Shuffle,42,2026-02-20T01:37:43.456070Z,604800
1610715661,1611320461,604800,378,1853.334226880842,1853.334226880842,1.0,Full Shuffle,Full Shuffle,out\Full_Shuffle,42,2026-02-20T01:37:43.456070Z,604800
1611320461,1611925261,604800,420,2101.7258040547913,2101.7258040547913,1.0,Full Shuffle,Full Shuffle,out\Full_Shuffle,42,2026-02-20T01:37:43.456070Z,604800
1611925261,1612530061,604800,406,2022.638759554584,2022.638759554584,1.0,Full Shuffle,Full Shuffle,out\Full_Shuffle,42,2026-02-20T01:37:43.456070Z,604800
1612530061,1613134861,604800,467,2383.643257762661,2383.643257762661,1.0,Full Shuffle,Full Shuffle,out\Full_Shuffle,42,2026-02-20T01:37:43.456070Z,604800
1613134861,1613739661,604800,420,2103.805245596471,2103.805245596471,1.0,Full Shuffle,Full Shuffle,out\Full_Shuffle,42,2026-02-20T01:37:43.456070Z,604800
1613739661,1614344461,604800,462,2362.7549374224623,2362.7549374224623,1.0,Full Shuffle,Full Shuffle,out\Full_Shuffle,42,2026-02-20T01:37:43.456070Z,604800
1614344461,1614949261,604800,447,2270.545687331477,2270.545687331477,1.0,Full Shuffle,Full Shuffle,out\Full_Shuffle,42,2026-02-20T01:37:43.456070Z,604800
1614949261,1615554061,604800,444,2248.0858524193172,2248.0858524193172,1.0,Full Shuffle,Full Shuffle,out\Full_Shuffle,42,2026-02-20T01:37:43.456070Z,604800
1615554061,1616158861,604800,472,2417.061704287915,2417.061704287915,1.0,Full Shuffle,Full Shuffle,out\Full_Shuffle,42,2026-02-20T01:37:43.456070Z,604800
1616158861,1616763661,604800,522,2726.25192003069,2726.25192003069,1.0,Full Shuffle,Full Shuffle,out\Full_Shuffle,42,2026-02-20T01:37:43.456070Z,604800
1616763661,1617368461,604800,473,2426.922101650519,2426.922101650519,1.0,Full Shuffle,Full Shuffle,out\Full_Shuffle,42,2026-02-20T01:37:43.456070Z,604800
1617368461,1617973261,604800,475,2432.1973689349925,2432.1973689349925,1.0,Full Shuffle,Full Shuffle,out\Full_Shuffle,42,2026-02-20T01:37:43.456070Z,604800
1617973261,1618578061,604800,507,2634.6693859493635,2634.6693859493635,1.0,Full Shuffle,Full Shuffle,out\Full_Shuffle,42,2026-02-20T01:37:43.456070Z,604800
1618578061,1619182861,604800,512,2656.425041899066,2656.425041899066,1.0,Full Shuffle,Full Shuffle,out\Full_Shuffle,42,2026-02-20T01:37:43.456070Z,604800
1619182861,1619787661,604800,543,2855.326925849852,2855.326925849852,1.0,Full Shuffle,Full Shuffle,out\Full_Shuffle,42,2026-02-20T01:37:43.456070Z,604800
1619787661,1620392461,604800,501,2597.7334783974543,2597.7334783974543,1.0,Full Shuffle,Full Shuffle,out\Full_Shuffle,42,2026-02-20T01:37:43.456070Z,604800
1620392461,1620997261,604800,500,2595.9634374521806,2595.9634374521806,1.0,Full Shuffle,Full Shuffle,out\Full_Shuffle,42,2026-02-20T01:37:43.456070Z,604800
1620997261,1621602061,604800,554,2921.2500903171226,2921.2500903171226,1.0,Full Shuffle,Full Shuffle,out\Full_Shuffle,42,2026-02-20T01:37:43.456070Z,604800
1621602061,1622206861,604800,544,2867.2888355768446,2867.2888355768446,1.0,Full Shuffle,Full Shuffle,out\Full_Shuffle,42,2026-02-20T01:37:43.456070Z,604800
1622206861,1622811661,604800,477,2444.2426212076607,2444.2426212076607,1.0,Full Shuffle,Full Shuffle,out\Full_Shuffle,42,2026-02-20T01:37:43.456070Z,604800
1622811661,1623416461,604800,513,2677.0515094992,2677.0515094992,1.0,Full Shuffle,Full Shuffle,out\Full_Shuffle,42,2026-02-20T01:37:43.456070Z,604800
1623416461,1624021261,604800,568,3016.927549192421,3016.927549192421,1.0,Full Shuffle,Full Shuffle,out\Full_Shuffle,42,2026-02-20T01:37:43.456070Z,604800
1624021261,1624626061,604800,532,2791.8236321935374,2791.8236321935374,1.0,Full Shuffle,Full Shuffle,out\Full_Shuffle,42,2026-02-20T01:37:43.456070Z,604800
1624626061,1625230861,604800,493,2547.0759695395814,2547.0759695395814,1.0,Full Shuffle,Full Shuffle,out\Full_Shuffle,42,2026-02-20T01:37:43.456070Z,604800
1625230861,1625835661,604800,460,2350.4859744883843,2350.4859744883843,1.0,Full Shuffle,Full Shuffle,out\Full_Shuffle,42,2026-02-20T01:37:43.456070Z,604800
1625835661,1626440461,604800,538,2833.276224994552,2833.276224994552,1.0,Full Shuffle,Full Shuffle,out\Full_Shuffle,42,2026-02-20T01:37:43.456070Z,604800
1626440461,1627045261,604800,511,2656.047747667925,2656.047747667925,1.0,Full Shuffle,Full Shuffle,out\Full_Shuffle,42,2026-02-20T01:37:43.456070Z,604800
1627045261,1627650061,604800,544,2861.2204099886003,2861.2204099886003,1.0,Full Shuffle,Full Shuffle,out\Full_Shuffle,42,2026-02-20T01:37:43.456070Z,604800
1627650061,1628254861,604800,501,2602.990973769482,2602.990973769482,1.0,Full Shuffle,Full Shuffle,out\Full_Shuffle,42,2026-02-20T01:37:43.456070Z,604800
1628254861,1628859661,604800,469,2395.536863718917,2395.536863718917,1.0,Full Shuffle,Full Shuffle,out\Full_Shuffle,42,2026-02-20T01:37:43.456070Z,604800
1628859661,1629464461,604800,498,2581.1690996438756,2581.1690996438756,1.0,Full Shuffle,Full Shuffle,out\Full_Shuffle,42,2026-02-20T01:37:43.456070Z,604800
1629464461,1630069261,604800,471,2409.348531904413,2409.348531904413,1.0,Full Shuffle,Full Shuffle,out\Full_Shuffle,42,2026-02-20T01:37:43.456070Z,604800
1630069261,1630674061,604800,507,2633.688556696352,2633.688556696352,1.0,Full Shuffle,Full Shuffle,out\Full_Shuffle,42,2026-02-20T01:37:43.456070Z,604800
1630674061,1631278861,604800,441,2236.44893793791,2236.44893793791,1.0,Full Shuffle,Full Shuffle,out\Full_Shuffle,42,2026-02-20T01:37:43.456070Z,604800
1631278861,1631883661,604800,459,2341.464376241004,2341.464376241004,1.0,Full Shuffle,Full Shuffle,out\Full_Shuffle,42,2026-02-20T01:37:43.456070Z,604800
1631883661,1632488461,604800,465,2380.3636562181455,2380.3636562181455,1.0,Full Shuffle,Full Shuffle,out\Full_Shuffle,42,2026-02-20T01:37:43.456070Z,604800
1632488461,1633093261,604800,479,2465.3071638123906,2465.3071638123906,1.0,Full Shuffle,Full Shuffle,out\Full_Shuffle,42,2026-02-20T01:37:43.456070Z,604800
1633093261,1633698061,604800,501,2600.506067119694,2600.506067119694,1.0,Full Shuffle,Full Shuffle,out\Full_Shuffle,42,2026-02-20T01:37:43.456070Z,604800
1633698061,1634302861,604800,503,2604.50970820711,2604.50970820711,1.0,Full Shuffle,Full Shuffle,out\Full_Shuffle,42,2026-02-20T01:37:43.456070Z,604800
1634302861,1634907661,604800,487,2512.2705778489503,2512.2705778489503,1.0,Full Shuffle,Full Shuffle,out\Full_Shuffle,42,2026-02-20T01:37:43.456070Z,604800
1634907661,1635512461,604800,473,2419.8728468092627,2419.8728468092627,1.0,Full Shuffle,Full Shuffle,out\Full_Shuffle,42,2026-02-20T01:37:43.456070Z,604800
1635512461,1636117261,604800,410,2046.283247122064,2046.283247122064,1.0,Full Shuffle,Full Shuffle,out\Full_Shuffle,42,2026-02-20T01:37:43.456070Z,604800
1636117261,1636722061,604800,473,2422.6454355315027,2422.6454355315027,1.0,Full Shuffle,Full Shuffle,out\Full_Shuffle,42,2026-02-20T01:37:43.456070Z,604800
1636722061,1637326861,604800,469,2404.377878029401,2404.377878029401,1.0,Full Shuffle,Full Shuffle,out\Full_Shuffle,42,2026-02-20T01:37:43.456070Z,604800
1637326861,1637931661,604800,454,2305.701270891099,2305.701270891099,1.0,Full Shuffle,Full Shuffle,out\Full_Shuffle,42,2026-02-20T01:37:43.456070Z,604800
1637931661,1638536461,604800,481,2474.766445428502,2474.766445428502,1.0,Full Shuffle,Full Shuffle,out\Full_Shuffle,42,2026-02-20T01:37:43.456070Z,604800
1638536461,1639141261,604800,564,2977.6534605349043,2977.6534605349043,1.0,Full Shuffle,Full Shuffle,out\Full_Shuffle,42,2026-02-20T01:37:43.456070Z,604800
1639141261,1639746061,604800,474,2437.935339236133,2437.935339236133,1.0,Full Shuffle,Full Shuffle,out\Full_Shuffle,42,2026-02-20T01:37:43.456070Z,604800
1639746061,1640350861,604800,453,2303.048909595857,2303.048909595857,1.0,Full Shuffle,Full Shuffle,out\Full_Shuffle,42,2026-02-20T01:37:43.456070Z,604800
1451653261,1452258061,604800,1101,6553.8516899338665,6553.8516899338665,1.0,Shuffle by Year,Shuffle by Year,out\Shuffle_by_Year,42,2026-02-20T01:39:01.784727Z,604800
1452258061,1452862861,604800,1077,6377.978710562234,6377.978710562234,1.0,Shuffle by Year,Shuffle by Year,out\Shuffle_by_Year,42,2026-02-20T01:39:01.784727Z,604800
1452862861,1453467661,604800,994,5805.59295541802,5805.59295541802,1.0,Shuffle by Year,Shuffle by Year,out\Shuffle_by_Year,42,2026-02-20T01:39:01.784727Z,604800
1453467661,1454072461,604800,946,5485.1669597873515,5485.1669597873515,1.0,Shuffle by Year,Shuffle by Year,out\Shuffle_by_Year,42,2026-02-20T01:39:01.784727Z,604800
1454072461,1454677261,604800,1040,6134.99860832446,6134.99860832446,1.0,Shuffle by Year,Shuffle by Year,out\Shuffle_by_Year,42,2026-02-20T01:39:01.784727Z,604800
1454677261,1455282061,604800,958,5566.782815080834,5566.782815080834,1.0,Shuffle by Year,Shuffle by Year,out\Shuffle_by_Year,42,2026-02-20T01:39:01.784727Z,604800
1455282061,1455886861,604800,932,5389.044537124854,5389.044537124854,1.0,Shuffle by Year,Shuffle by Year,out\Shuffle_by_Year,42,2026-02-20T01:39:01.784727Z,604800
1455886861,1456491661,604800,1052,6205.790473252456,6205.790473252456,1.0,Shuffle by Year,Shuffle by Year,out\Shuffle_by_Year,42,2026-02-20T01:39:01.784727Z,604800
1456491661,1457096461,604800,1025,6009.93108803418,6009.93108803418,1.0,Shuffle by Year,Shuffle by Year,out\Shuffle_by_Year,42,2026-02-20T01:39:01.784727Z,604800
1457096461,1457701261,604800,1072,6357.228960869745,6357.228960869745,1.0,Shuffle by Year,Shuffle by Year,out\Shuffle_by_Year,42,2026-02-20T01:39:01.784727Z,604800
1457701261,1458306061,604800,1053,6221.473103039417,6221.473103039417,1.0,Shuffle by Year,Shuffle by Year,out\Shuffle_by_Year,42,2026-02-20T01:39:01.784727Z,604800
1458306061,1458910861,604800,977,5703.650245200965,5703.650245200965,1.0,Shuffle by Year,Shuffle by Year,out\Shuffle_by_Year,42,2026-02-20T01:39:01.784727Z,604800
1458910861,1459515661,604800,954,5549.033755185716,5549.033755185716,1.0,Shuffle by Year,Shuffle by Year,out\Shuffle_by_Year,42,2026-02-20T01:39:01.784727Z,604800
1459515661,1460120461,604800,922,5331.522329947783,5331.522329947783,1.0,Shuffle by Year,Shuffle by Year,out\Shuffle_by_Year,42,2026-02-20T01:39:01.784727Z,604800
1460120461,1460725261,604800,949,5503.127332495959,5503.127332495959,1.0,Shuffle by Year,Shuffle by Year,out\Shuffle_by_Year,42,2026-02-20T01:39:01.784727Z,604800
1460725261,1461330061,604800,961,5596.68220926888,5596.68220926888,1.0,Shuffle by Year,Shuffle by Year,out\Shuffle_by_Year,42,2026-02-20T01:39:01.784727Z,604800
1461330061,1461934861,604800,1003,5884.624816770341,5884.624816770341,1.0,Shuffle by Year,Shuffle by Year,out\Shuffle_by_Year,42,2026-02-20T01:39:01.784727Z,604800
1461934861,1462539661,604800,881,5051.438050397155,5051.438050397155,1.0,Shuffle by Year,Shuffle by Year,out\Shuffle_by_Year,42,2026-02-20T01:39:01.784727Z,604800
1462539661,1463144461,604800,939,5443.17415410519,5443.17415410519,1.0,Shuffle by Year,Shuffle by Year,out\Shuffle_by_Year,42,2026-02-20T01:39:01.784727Z,604800
1463144461,1463749261,604800,881,5049.240825819818,5049.240825819818,1.0,Shuffle by Year,Shuffle by Year,out\Shuffle_by_Year,42,2026-02-20T01:39:01.784727Z,604800
1463749261,1464354061,604800,903,5190.3910870981,5190.3910870981,1.0,Shuffle by Year,Shuffle by Year,out\Shuffle_by_Year,42,2026-02-20T01:39:01.784727Z,604800
1464354061,1464958861,604800,892,5125.005663006941,5125.005663006941,1.0,Shuffle by Year,Shuffle by Year,out\Shuffle_by_Year,42,2026-02-20T01:39:01.784727Z,604800
1464958861,1465563661,604800,845,4808.738022775311,4808.738022775311,1.0,Shuffle by Year,Shuffle by Year,out\Shuffle_by_Year,42,2026-02-20T01:39:01.784727Z,604800
1465563661,1466168461,604800,861,4918.178150958921,4918.178150958921,1.0,Shuffle by Year,Shuffle by Year,out\Shuffle_by_Year,42,2026-02-20T01:39:01.784727Z,604800
1466168461,1466773261,604800,865,4933.661764678199,4933.661764678199,1.0,Shuffle by Year,Shuffle by Year,out\Shuffle_by_Year,42,2026-02-20T01:39:01.784727Z,604800
1466773261,1467378061,604800,833,4732.678693739833,4732.678693739833,1.0,Shuffle by Year,Shuffle by Year,out\Shuffle_by_Year,42,2026-02-20T01:39:01.784727Z,604800
1467378061,1467982861,604800,745,4154.599896958677,4154.599896958677,1.0,Shuffle by Year,Shuffle by Year,out\Shuffle_by_Year,42,2026-02-20T01:39:01.784727Z,604800
1467982861,1468587661,604800,837,4764.560624850193,4764.560624850193,1.0,Shuffle by Year,Shuffle by Year,out\Shuffle_by_Year,42,2026-02-20T01:39:01.784727Z,604800
1468587661,1469192461,604800,884,5059.768956575573,5059.768956575573,1.0,Shuffle by Year,Shuffle by Year,out\Shuffle_by_Year,42,2026-02-20T01:39:01.784727Z,604800
1469192461,1469797261,604800,813,4596.158572493447,4596.158572493447,1.0,Shuffle by Year,Shuffle by Year,out\Shuffle_by_Year,42,2026-02-20T01:39:01.784727Z,604800
1469797261,1470402061,604800,822,4646.46287905293,4646.46287905293,1.0,Shuffle by Year,Shuffle by Year,out\Shuffle_by_Year,42,2026-02-20T01:39:01.784727Z,604800
1470402061,1471006861,604800,838,4758.932776736252,4758.932776736252,1.0,Shuffle by Year,Shuffle by Year,out\Shuffle_by_Year,42,2026-02-20T01:39:01.784727Z,604800
1471006861,1471611661,604800,839,4777.73617158469,4777.73617158469,1.0,Shuffle by Year,Shuffle by Year,out\Shuffle_by_Year,42,2026-02-20T01:39:01.784727Z,604800
1471611661,1472216461,604800,860,4917.711625594051,4917.711625594051,1.0,Shuffle by Year,Shuffle by Year,out\Shuffle_by_Year,42,2026-02-20T01:39:01.784727Z,604800
1472216461,1472821261,604800,841,4773.757702586846,4773.757702586846,1.0,Shuffle by Year,Shuffle by Year,out\Shuffle_by_Year,42,2026-02-20T01:39:01.784727Z,604800
1472821261,1473426061,604800,791,4448.048329962239,4448.048329962239,1.0,Shuffle by Year,Shuffle by Year,out\Shuffle_by_Year,42,2026-02-20T01:39:01.784727Z,604800
1473426061,1474030861,604800,816,4617.654429688774,4617.654429688774,1.0,Shuffle by Year,Shuffle by Year,out\Shuffle_by_Year,42,2026-02-20T01:39:01.784727Z,604800
1474030861,1474635661,604800,869,4978.863833133682,4978.863833133682,1.0,Shuffle by Year,Shuffle by Year,out\Shuffle_by_Year,42,2026-02-20T01:39:01.784727Z,604800
1474635661,1475240461,604800,848,4823.012480912773,4823.012480912773,1.0,Shuffle by Year,Shuffle by Year,out\Shuffle_by_Year,42,2026-02-20T01:39:01.784727Z,604800
1475240461,1475845261,604800,748,4171.9631840722,4171.9631840722,1.0,Shuffle by Year,Shuffle by Year,out\Shuffle_by_Year,42,2026-02-20T01:39:01.784727Z,604800
1475845261,1476450061,604800,761,4259.496649527935,4259.496649527935,1.0,Shuffle by Year,Shuffle by Year,out\Shuffle_by_Year,42,2026-02-20T01:39:01.784727Z,604800
1476450061,1477054861,604800,791,4451.2263837925875,4451.2263837925875,1.0,Shuffle by Year,Shuffle by Year,out\Shuffle_by_Year,42,2026-02-20T01:39:01.784727Z,604800
1477054861,1477659661,604800,773,4333.263547346096,4333.263547346096,1.0,Shuffle by Year,Shuffle by Year,out\Shuffle_by_Year,42,2026-02-20T01:39:01.784727Z,604800
1477659661,1478264461,604800,697,3836.2198872155873,3836.2198872155873,1.0,Shuffle by Year,Shuffle by Year,out\Shuffle_by_Year,42,2026-02-20T01:39:01.784727Z,604800
1478264461,1478869261,604800,774,4341.994560761367,4341.994560761367,1.0,Shuffle by Year,Shuffle by Year,out\Shuffle_by_Year,42,2026-02-20T01:39:01.784727Z,604800
1478869261,1479474061,604800,726,4030.851027287883,4030.851027287883,1.0,Shuffle by Year,Shuffle by Year,out\Shuffle_by_Year,42,2026-02-20T01:39:01.784727Z,604800
1479474061,1480078861,604800,651,3545.309334832004,3545.309334832004,1.0,Shuffle by Year,Shuffle by Year,out\Shuffle_by_Year,42,2026-02-20T01:39:01.784727Z,604800
1480078861,1480683661,604800,753,4203.2784439965335,4203.2784439965335,1.0,Shuffle by Year,Shuffle by Year,out\Shuffle_by_Year,42,2026-02-20T01:39:01.784727Z,604800
1480683661,1481288461,604800,798,4493.867989361801,4493.867989361801,1.0,Shuffle by Year,Shuffle by Year,out\Shuffle_by_Year,42,2026-02-20T01:39:01.784727Z,604800
1481288461,1481893261,604800,778,4364.742542174541,4364.742542174541,1.0,Shuffle by Year,Shuffle by Year,out\Shuffle_by_Year,42,2026-02-20T01:39:01.784727Z,604800
1481893261,1482498061,604800,831,4711.892890743138,4711.892890743138,1.0,Shuffle by Year,Shuffle by Year,out\Shuffle_by_Year,42,2026-02-20T01:39:01.784727Z,604800
1482498061,1483102861,604800,682,3744.525914978599,3744.525914978599,1.0,Shuffle by Year,Shuffle by Year,out\Shuffle_by_Year,42,2026-02-20T01:39:01.784727Z,604800
1483102861,1483707661,604800,679,3351.6715360466305,3717.9059753751803,0.9014944321469581,Shuffle by Year,Shuffle by Year,out\Shuffle_by_Year,42,2026-02-20T01:39:01.784727Z,604800
1483707661,1484312461,604800,634,3428.7415782227886,3428.7415782227886,1.0,Shuffle by Year,Shuffle by Year,out\Shuffle_by_Year,42,2026-02-20T01:39:01.784727Z,604800
1484312461,1484917261,604800,686,3773.7009350164726,3773.7009350164726,1.0,Shuffle by Year,Shuffle by Year,out\Shuffle_by_Year,42,2026-02-20T01:39:01.784727Z,604800
1484917261,1485522061,604800,681,3728.87218893782,3728.87218893782,1.0,Shuffle by Year,Shuffle by Year,out\Shuffle_by_Year,42,2026-02-20T01:39:01.784727Z,604800
1485522061,1486126861,604800,742,4132.972016191518,4132.972016191518,1.0,Shuffle by Year,Shuffle by Year,out\Shuffle_by_Year,42,2026-02-20T01:39:01.784727Z,604800
1486126861,1486731661,604800,711,3920.5697747115582,3920.5697747115582,1.0,Shuffle by Year,Shuffle by Year,out\Shuffle_by_Year,42,2026-02-20T01:39:01.784727Z,604800
1486731661,1487336461,604800,737,4103.809975402217,4103.809975402217,1.0,Shuffle by Year,Shuffle by Year,out\Shuffle_by_Year,42,2026-02-20T01:39:01.784727Z,604800
1487336461,1487941261,604800,808,4557.291961417212,4557.291961417212,1.0,Shuffle by Year,Shuffle by Year,out\Shuffle_by_Year,42,2026-02-20T01:39:01.784727Z,604800
1487941261,1488546061,604800,703,3874.3142402541735,3874.3142402541735,1.0,Shuffle by Year,Shuffle by Year,out\Shuffle_by_Year,42,2026-02-20T01:39:01.784727Z,604800
1488546061,1489150861,604800,727,4032.9933886096055,4032.9933886096055,1.0,Shuffle by Year,Shuffle by Year,out\Shuffle_by_Year,42,2026-02-20T01:39:01.784727Z,604800
1489150861,1489755661,604800,759,4244.842403375674,4244.842403375674,1.0,Shuffle by Year,Shuffle by Year,out\Shuffle_by_Year,42,2026-02-20T01:39:01.784727Z,604800
1489755661,1490360461,604800,772,4324.53382675583,4324.53382675583,1.0,Shuffle by Year,Shuffle by Year,out\Shuffle_by_Year,42,2026-02-20T01:39:01.784727Z,604800
1490360461,1490965261,604800,743,4135.99919329778,4135.99919329778,1.0,Shuffle by Year,Shuffle by Year,out\Shuffle_by_Year,42,2026-02-20T01:39:01.784727Z,604800
1490965261,1491570061,604800,681,3731.64477766006,3731.64477766006,1.0,Shuffle by Year,Shuffle by Year,out\Shuffle_by_Year,42,2026-02-20T01:39:01.784727Z,604800
1491570061,1492174861,604800,702,3868.452030542923,3868.452030542923,1.0,Shuffle by Year,Shuffle by Year,out\Shuffle_by_Year,42,2026-02-20T01:39:01.784727Z,604800
1492174861,1492779661,604800,695,3824.108581397504,3824.108581397504,1.0,Shuffle by Year,Shuffle by Year,out\Shuffle_by_Year,42,2026-02-20T01:39:01.784727Z,604800
1492779661,1493384461,604800,683,3746.3702786110457,3746.3702786110457,1.0,Shuffle by Year,Shuffle by Year,out\Shuffle_by_Year,42,2026-02-20T01:39:01.784727Z,604800
1493384461,1493989261,604800,679,3718.3114404832886,3718.3114404832886,1.0,Shuffle by Year,Shuffle by Year,out\Shuffle_by_Year,42,2026-02-20T01:39:01.784727Z,604800
1493989261,1494594061,604800,676,3697.367706433758,3697.367706433758,1.0,Shuffle by Year,Shuffle by Year,out\Shuffle_by_Year,42,2026-02-20T01:39:01.784727Z,604800
1494594061,1495198861,604800,670,3662.0462157240413,3662.0462157240413,1.0,Shuffle by Year,Shuffle by Year,out\Shuffle_by_Year,42,2026-02-20T01:39:01.784727Z,604800
1495198861,1495803661,604800,704,3875.0381590934003,3875.0381590934003,1.0,Shuffle by Year,Shuffle by Year,out\Shuffle_by_Year,42,2026-02-20T01:39:01.784727Z,604800
1495803661,1496408461,604800,610,3275.314044407484,3275.314044407484,1.0,Shuffle by Year,Shuffle by Year,out\Shuffle_by_Year,42,2026-02-20T01:39:01.784727Z,604800
1496408461,1497013261,604800,659,3591.647294939077,3591.647294939077,1.0,Shuffle by Year,Shuffle by Year,out\Shuffle_by_Year,42,2026-02-20T01:39:01.784727Z,604800
1497013261,1497618061,604800,709,3915.9911695497517,3915.9911695497517,1.0,Shuffle by Year,Shuffle by Year,out\Shuffle_by_Year,42,2026-02-20T01:39:01.784727Z,604800
1497618061,1498222861,604800,686,3768.7311217168963,3768.7311217168963,1.0,Shuffle by Year,Shuffle by Year,out\Shuffle_by_Year,42,2026-02-20T01:39:01.784727Z,604800
1498222861,1498827661,604800,651,3536.46832052152,3536.46832052152,1.0,Shuffle by Year,Shuffle by Year,out\Shuffle_by_Year,42,2026-02-20T01:39:01.784727Z,604800
1498827661,1499432461,604800,608,3265.0914568680505,3265.0914568680505,1.0,Shuffle by Year,Shuffle by Year,out\Shuffle_by_Year,42,2026-02-20T01:39:01.784727Z,604800
1499432461,1500037261,604800,718,3977.4961809771908,3977.4961809771908,1.0,Shuffle by Year,Shuffle by Year,out\Shuffle_by_Year,42,2026-02-20T01:39:01.784727Z,604800
1500037261,1500642061,604800,690,3781.006234104458,3781.006234104458,1.0,Shuffle by Year,Shuffle by Year,out\Shuffle_by_Year,42,2026-02-20T01:39:01.784727Z,604800
1500642061,1501246861,604800,701,3860.7473688490895,3860.7473688490895,1.0,Shuffle by Year,Shuffle by Year,out\Shuffle_by_Year,42,2026-02-20T01:39:01.784727Z,604800
1501246861,1501851661,604800,672,3674.372096020976,3674.372096020976,1.0,Shuffle by Year,Shuffle by Year,out\Shuffle_by_Year,42,2026-02-20T01:39:01.784727Z,604800
1501851661,1502456461,604800,632,3415.5513767737557,3415.5513767737557,1.0,Shuffle by Year,Shuffle by Year,out\Shuffle_by_Year,42,2026-02-20T01:39:01.784727Z,604800
1502456461,1503061261,604800,692,3802.519509086219,3802.519509086219,1.0,Shuffle by Year,Shuffle by Year,out\Shuffle_by_Year,42,2026-02-20T01:39:01.784727Z,604800
1503061261,1503666061,604800,661,3599.5456922787157,3599.5456922787157,1.0,Shuffle by Year,Shuffle by Year,out\Shuffle_by_Year,42,2026-02-20T01:39:01.784727Z,604800
1503666061,1504270861,604800,642,3482.2062595845086,3482.2062595845086,1.0,Shuffle by Year,Shuffle by Year,out\Shuffle_by_Year,42,2026-02-20T01:39:01.784727Z,604800
1504270861,1504875661,604800,627,3389.155649791445,3389.155649791445,1.0,Shuffle by Year,Shuffle by Year,out\Shuffle_by_Year,42,2026-02-20T01:39:01.784727Z,604800
1504875661,1505480461,604800,635,3445.017046785177,3445.017046785177,1.0,Shuffle by Year,Shuffle by Year,out\Shuffle_by_Year,42,2026-02-20T01:39:01.784727Z,604800
1505480461,1506085261,604800,683,3746.775743719154,3746.775743719154,1.0,Shuffle by Year,Shuffle by Year,out\Shuffle_by_Year,42,2026-02-20T01:39:01.784727Z,604800
1506085261,1506690061,604800,731,4056.1847675533554,4056.1847675533554,1.0,Shuffle by Year,Shuffle by Year,out\Shuffle_by_Year,42,2026-02-20T01:39:01.784727Z,604800
1506690061,1507294861,604800,662,3610.435406989325,3610.435406989325,1.0,Shuffle by Year,Shuffle by Year,out\Shuffle_by_Year,42,2026-02-20T01:39:01.784727Z,604800
1507294861,1507899661,604800,694,3821.148188490395,3821.148188490395,1.0,Shuffle by Year,Shuffle by Year,out\Shuffle_by_Year,42,2026-02-20T01:39:01.784727Z,604800
1507899661,1508504461,604800,614,3309.4197827156263,3309.4197827156263,1.0,Shuffle by Year,Shuffle by Year,out\Shuffle_by_Year,42,2026-02-20T01:39:01.784727Z,604800
1508504461,1509109261,604800,690,3790.8280776679535,3790.8280776679535,1.0,Shuffle by Year,Shuffle by Year,out\Shuffle_by_Year,42,2026-02-20T01:39:01.784727Z,604800
1509109261,1509714061,604800,683,3745.101767285582,3745.101767285582,1.0,Shuffle by Year,Shuffle by Year,out\Shuffle_by_Year,42,2026-02-20T01:39:01.784727Z,604800
1509714061,1510318861,604800,664,3620.827774443543,3620.827774443543,1.0,Shuffle by Year,Shuffle by Year,out\Shuffle_by_Year,42,2026-02-20T01:39:01.784727Z,604800
1510318861,1510923661,604800,686,3760.1256734777253,3760.1256734777253,1.0,Shuffle by Year,Shuffle by Year,out\Shuffle_by_Year,42,2026-02-20T01:39:01.784727Z,604800
1510923661,1511528461,604800,594,3181.3326593000643,3181.3326593000643,1.0,Shuffle by Year,Shuffle by Year,out\Shuffle_by_Year,42,2026-02-20T01:39:01.784727Z,604800
1511528461,1512133261,604800,643,3496.7024884030134,3496.7024884030134,1.0,Shuffle by Year,Shuffle by Year,out\Shuffle_by_Year,42,2026-02-20T01:39:01.784727Z,604800
1512133261,1512738061,604800,635,3431.324002210774,3431.324002210774,1.0,Shuffle by Year,Shuffle by Year,out\Shuffle_by_Year,42,2026-02-20T01:39:01.784727Z,604800
1512738061,1513342861,604800,612,3298.255399285115,3298.255399285115,1.0,Shuffle by Year,Shuffle by Year,out\Shuffle_by_Year,42,2026-02-20T01:39:01.784727Z,604800
1513342861,1513947661,604800,646,3506.5760754586518,3506.5760754586518,1.0,Shuffle by Year,Shuffle by Year,out\Shuffle_by_Year,42,2026-02-20T01:39:01.784727Z,604800
1513947661,1514552461,604800,526,2750.6085454738454,2750.6085454738454,1.0,Shuffle by Year,Shuffle by Year,out\Shuffle_by_Year,42,2026-02-20T01:39:01.784727Z,604800
1514552461,1515157261,604800,514,2352.6461130052217,2682.195120475987,0.877134588399265,Shuffle by Year,Shuffle by Year,out\Shuffle_by_Year,42,2026-02-20T01:39:01.784727Z,604800
1515157261,1515762061,604800,664,3630.2441528989307,3630.2441528989307,1.0,Shuffle by Year,Shuffle by Year,out\Shuffle_by_Year,42,2026-02-20T01:39:01.784727Z,604800
1515762061,1516366861,604800,561,2967.5999996315154,2967.5999996315154,1.0,Shuffle by Year,Shuffle by Year,out\Shuffle_by_Year,42,2026-02-20T01:39:01.784727Z,604800
1516366861,1516971661,604800,661,3600.4744055305882,3600.4744055305882,1.0,Shuffle by Year,Shuffle by Year,out\Shuffle_by_Year,42,2026-02-20T01:39:01.784727Z,604800
1516971661,1517576461,604800,606,3258.798759892516,3258.798759892516,1.0,Shuffle by Year,Shuffle by Year,out\Shuffle_by_Year,42,2026-02-20T01:39:01.784727Z,604800
1517576461,1518181261,604800,653,3560.062715992435,3560.062715992435,1.0,Shuffle by Year,Shuffle by Year,out\Shuffle_by_Year,42,2026-02-20T01:39:01.784727Z,604800
1518181261,1518786061,604800,659,3596.0938600948884,3596.0938600948884,1.0,Shuffle by Year,Shuffle by Year,out\Shuffle_by_Year,42,2026-02-20T01:39:01.784727Z,604800
1518786061,1519390861,604800,648,3515.768894474254,3515.768894474254,1.0,Shuffle by Year,Shuffle by Year,out\Shuffle_by_Year,42,2026-02-20T01:39:01.784727Z,604800
1519390861,1519995661,604800,627,3384.5913015999768,3384.5913015999768,1.0,Shuffle by Year,Shuffle by Year,out\Shuffle_by_Year,42,2026-02-20T01:39:01.784727Z,604800
1519995661,1520600461,604800,599,3207.22380524989,3207.22380524989,1.0,Shuffle by Year,Shuffle by Year,out\Shuffle_by_Year,42,2026-02-20T01:39:01.784727Z,604800
1520600461,1521205261,604800,571,3034.578160835912,3034.578160835912,1.0,Shuffle by Year,Shuffle by Year,out\Shuffle_by_Year,42,2026-02-20T01:39:01.784727Z,604800
1521205261,1521810061,604800,619,3329.707368116976,3329.707368116976,1.0,Shuffle by Year,Shuffle by Year,out\Shuffle_by_Year,42,2026-02-20T01:39:01.784727Z,604800
1521810061,1522414861,604800,609,3270.810127955201,3270.810127955201,1.0,Shuffle by Year,Shuffle by Year,out\Shuffle_by_Year,42,2026-02-20T01:39:01.784727Z,604800
1522414861,1523019661,604800,537,2827.6815136149503,2827.6815136149503,1.0,Shuffle by Year,Shuffle by Year,out\Shuffle_by_Year,42,2026-02-20T01:39:01.784727Z,604800
1523019661,1523624461,604800,602,3227.518199573618,3227.518199573618,1.0,Shuffle by Year,Shuffle by Year,out\Shuffle_by_Year,42,2026-02-20T01:39:01.784727Z,604800
1523624461,1524229261,604800,621,3356.196924730215,3356.196924730215,1.0,Shuffle by Year,Shuffle by Year,out\Shuffle_by_Year,42,2026-02-20T01:39:01.784727Z,604800
1524229261,1524834061,604800,646,3512.8144000836915,3512.8144000836915,1.0,Shuffle by Year,Shuffle by Year,out\Shuffle_by_Year,42,2026-02-20T01:39:01.784727Z,604800
1524834061,1525438861,604800,590,3152.329527026614,3152.329527026614,1.0,Shuffle by Year,Shuffle by Year,out\Shuffle_by_Year,42,2026-02-20T01:39:01.784727Z,604800
1525438861,1526043661,604800,602,3226.8250523930583,3226.8250523930583,1.0,Shuffle by Year,Shuffle by Year,out\Shuffle_by_Year,42,2026-02-20T01:39:01.784727Z,604800
1526043661,1526648461,604800,586,3121.1562660582003,3121.1562660582003,1.0,Shuffle by Year,Shuffle by Year,out\Shuffle_by_Year,42,2026-02-20T01:39:01.784727Z,604800
1526648461,1527253261,604800,609,3276.9306695445844,3276.9306695445844,1.0,Shuffle by Year,Shuffle by Year,out\Shuffle_by_Year,42,2026-02-20T01:39:01.784727Z,604800
1527253261,1527858061,604800,565,2995.3037847063247,2995.3037847063247,1.0,Shuffle by Year,Shuffle by Year,out\Shuffle_by_Year,42,2026-02-20T01:39:01.784727Z,604800
1527858061,1528462861,604800,613,3300.9203462458,3300.9203462458,1.0,Shuffle by Year,Shuffle by Year,out\Shuffle_by_Year,42,2026-02-20T01:39:01.784727Z,604800
1528462861,1529067661,604800,634,3437.0593443895077,3437.0593443895077,1.0,Shuffle by Year,Shuffle by Year,out\Shuffle_by_Year,42,2026-02-20T01:39:01.784727Z,604800
1529067661,1529672461,604800,599,3213.985378018694,3213.985378018694,1.0,Shuffle by Year,Shuffle by Year,out\Shuffle_by_Year,42,2026-02-20T01:39:01.784727Z,604800
1529672461,1530277261,604800,589,3150.108287573074,3150.108287573074,1.0,Shuffle by Year,Shuffle by Year,out\Shuffle_by_Year,42,2026-02-20T01:39:01.784727Z,604800
1530277261,1530882061,604800,518,2707.471094331352,2707.471094331352,1.0,Shuffle by Year,Shuffle by Year,out\Shuffle_by_Year,42,2026-02-20T01:39:01.784727Z,604800
1530882061,1531486861,604800,614,3306.6471939933867,3306.6471939933867,1.0,Shuffle by Year,Shuffle by Year,out\Shuffle_by_Year,42,2026-02-20T01:39:01.784727Z,604800
1531486861,1532091661,604800,598,3204.4120625902306,3204.4120625902306,1.0,Shuffle by Year,Shuffle by Year,out\Shuffle_by_Year,42,2026-02-20T01:39:01.784727Z,604800
1532091661,1532696461,604800,595,3186.0472442720384,3186.0472442720384,1.0,Shuffle by Year,Shuffle by Year,out\Shuffle_by_Year,42,2026-02-20T01:39:01.784727Z,604800
1532696461,1533301261,604800,528,2760.947617728757,2760.947617728757,1.0,Shuffle by Year,Shuffle by Year,out\Shuffle_by_Year,42,2026-02-20T01:39:01.784727Z,604800
1533301261,1533906061,604800,619,3337.7906967257622,3337.7906967257622,1.0,Shuffle by Year,Shuffle by Year,out\Shuffle_by_Year,42,2026-02-20T01:39:01.784727Z,604800
1533906061,1534510861,604800,607,3263.127847141896,3263.127847141896,1.0,Shuffle by Year,Shuffle by Year,out\Shuffle_by_Year,42,2026-02-20T01:39:01.784727Z,604800
1534510861,1535115661,604800,629,3402.447786322721,3402.447786322721,1.0,Shuffle by Year,Shuffle by Year,out\Shuffle_by_Year,42,2026-02-20T01:39:01.784727Z,604800
1535115661,1535720461,604800,642,3470.76255558858,3470.76255558858,1.0,Shuffle by Year,Shuffle by Year,out\Shuffle_by_Year,42,2026-02-20T01:39:01.784727Z,604800
1535720461,1536325261,604800,551,2908.947809315723,2908.947809315723,1.0,Shuffle by Year,Shuffle by Year,out\Shuffle_by_Year,42,2026-02-20T01:39:01.784727Z,604800
1536325261,1536930061,604800,587,3132.5011041776042,3132.5011041776042,1.0,Shuffle by Year,Shuffle by Year,out\Shuffle_by_Year,42,2026-02-20T01:39:01.784727Z,604800
1536930061,1537534861,604800,606,3258.105612711956,3258.105612711956,1.0,Shuffle by Year,Shuffle by Year,out\Shuffle_by_Year,42,2026-02-20T01:39:01.784727Z,604800
1537534861,1538139661,604800,602,3225.8442231400463,3225.8442231400463,1.0,Shuffle by Year,Shuffle by Year,out\Shuffle_by_Year,42,2026-02-20T01:39:01.784727Z,604800
1538139661,1538744461,604800,589,3137.5138552873386,3137.5138552873386,1.0,Shuffle by Year,Shuffle by Year,out\Shuffle_by_Year,42,2026-02-20T01:39:01.784727Z,604800
1538744461,1539349261,604800,627,3398.2843461743805,3398.2843461743805,1.0,Shuffle by Year,Shuffle by Year,out\Shuffle_by_Year,42,2026-02-20T01:39:01.784727Z,604800
1539349261,1539954061,604800,573,3047.5658676164576,3047.5658676164576,1.0,Shuffle by Year,Shuffle by Year,out\Shuffle_by_Year,42,2026-02-20T01:39:01.784727Z,604800
1539954061,1540558861,604800,573,3045.08096096667,3045.08096096667,1.0,Shuffle by Year,Shuffle by Year,out\Shuffle_by_Year,42,2026-02-20T01:39:01.784727Z,604800
1540558861,1541163661,604800,595,3184.2554848028103,3184.2554848028103,1.0,Shuffle by Year,Shuffle by Year,out\Shuffle_by_Year,42,2026-02-20T01:39:01.784727Z,604800
1541163661,1541768461,604800,611,3279.649699824975,3279.649699824975,1.0,Shuffle by Year,Shuffle by Year,out\Shuffle_by_Year,42,2026-02-20T01:39:01.784727Z,604800
1541768461,1542373261,604800,610,3277.3934859491637,3277.3934859491637,1.0,Shuffle by Year,Shuffle by Year,out\Shuffle_by_Year,42,2026-02-20T01:39:01.784727Z,604800
1542373261,1542978061,604800,517,2700.9334370166416,2700.9334370166416,1.0,Shuffle by Year,Shuffle by Year,out\Shuffle_by_Year,42,2026-02-20T01:39:01.784727Z,604800
1542978061,1543582861,604800,587,3132.788786250056,3132.788786250056,1.0,Shuffle by Year,Shuffle by Year,out\Shuffle_by_Year,42,2026-02-20T01:39:01.784727Z,604800
1543582861,1544187661,604800,592,3164.4017024983445,3164.4017024983445,1.0,Shuffle by Year,Shuffle by Year,out\Shuffle_by_Year,42,2026-02-20T01:39:01.784727Z,604800
1544187661,1544792461,604800,534,2809.522261793035,2809.522261793035,1.0,Shuffle by Year,Shuffle by Year,out\Shuffle_by_Year,42,2026-02-20T01:39:01.784727Z,604800
1544792461,1545397261,604800,619,3345.0098506038134,3345.0098506038134,1.0,Shuffle by Year,Shuffle by Year,out\Shuffle_by_Year,42,2026-02-20T01:39:01.784727Z,604800
1545397261,1546002061,604800,473,2430.3878375533186,2430.3878375533186,1.0,Shuffle by Year,Shuffle by Year,out\Shuffle_by_Year,42,2026-02-20T01:39:01.784727Z,604800
1546002061,1546606861,604800,525,2393.9940556778834,2752.778793463484,0.8696645227587699,Shuffle by Year,Shuffle by Year,out\Shuffle_by_Year,42,2026-02-20T01:39:01.784727Z,604800
1546606861,1547211661,604800,618,3333.6119320315534,3333.6119320315534,1.0,Shuffle by Year,Shuffle by Year,out\Shuffle_by_Year,42,2026-02-20T01:39:01.784727Z,604800
1547211661,1547816461,604800,579,3083.5104687496882,3083.5104687496882,1.0,Shuffle by Year,Shuffle by Year,out\Shuffle_by_Year,42,2026-02-20T01:39:01.784727Z,604800
1547816461,1548421261,604800,538,2829.1173419111924,2829.1173419111924,1.0,Shuffle by Year,Shuffle by Year,out\Shuffle_by_Year,42,2026-02-20T01:39:01.784727Z,604800
1548421261,1549026061,604800,537,2822.4240182429226,2822.4240182429226,1.0,Shuffle by Year,Shuffle by Year,out\Shuffle_by_Year,42,2026-02-20T01:39:01.784727Z,604800
1549026061,1549630861,604800,573,3043.69466660555,3043.69466660555,1.0,Shuffle by Year,Shuffle by Year,out\Shuffle_by_Year,42,2026-02-20T01:39:01.784727Z,604800
1549630861,1550235661,604800,565,2999.4626677896845,2999.4626677896845,1.0,Shuffle by Year,Shuffle by Year,out\Shuffle_by_Year,42,2026-02-20T01:39:01.784727Z,604800
1550235661,1550840461,604800,590,3156.893875218082,3156.893875218082,1.0,Shuffle by Year,Shuffle by Year,out\Shuffle_by_Year,42,2026-02-20T01:39:01.784727Z,604800
1550840461,1551445261,604800,584,3116.0359534075506,3116.0359534075506,1.0,Shuffle by Year,Shuffle by Year,out\Shuffle_by_Year,42,2026-02-20T01:39:01.784727Z,604800
1551445261,1552050061,604800,554,2925.1212913280306,2925.1212913280306,1.0,Shuffle by Year,Shuffle by Year,out\Shuffle_by_Year,42,2026-02-20T01:39:01.784727Z,604800
1552050061,1552654861,604800,588,3138.1846839449427,3138.1846839449427,1.0,Shuffle by Year,Shuffle by Year,out\Shuffle_by_Year,42,2026-02-20T01:39:01.784727Z,604800
1552654861,1553259661,604800,586,3126.295978394572,3126.295978394572,1.0,Shuffle by Year,Shuffle by Year,out\Shuffle_by_Year,42,2026-02-20T01:39:01.784727Z,604800
1553259661,1553864461,604800,570,3022.450028110464,3022.450028110464,1.0,Shuffle by Year,Shuffle by Year,out\Shuffle_by_Year,42,2026-02-20T01:39:01.784727Z,604800
1553864461,1554469261,604800,590,3146.95424861893,3146.95424861893,1.0,Shuffle by Year,Shuffle by Year,out\Shuffle_by_Year,42,2026-02-20T01:39:01.784727Z,604800
1554469261,1555074061,604800,611,3278.6688705719635,3278.6688705719635,1.0,Shuffle by Year,Shuffle by Year,out\Shuffle_by_Year,42,2026-02-20T01:39:01.784727Z,604800
1555074061,1555678861,604800,559,2956.9040004482863,2956.9040004482863,1.0,Shuffle by Year,Shuffle by Year,out\Shuffle_by_Year,42,2026-02-20T01:39:01.784727Z,604800
1555678861,1556283661,604800,609,3282.188164916612,3282.188164916612,1.0,Shuffle by Year,Shuffle by Year,out\Shuffle_by_Year,42,2026-02-20T01:39:01.784727Z,604800
1556283661,1556888461,604800,549,2898.0001326619154,2898.0001326619154,1.0,Shuffle by Year,Shuffle by Year,out\Shuffle_by_Year,42,2026-02-20T01:39:01.784727Z,604800
1556888461,1557493261,604800,604,3245.1757212321995,3245.1757212321995,1.0,Shuffle by Year,Shuffle by Year,out\Shuffle_by_Year,42,2026-02-20T01:39:01.784727Z,604800
1557493261,1558098061,604800,579,3088.767964121716,3088.767964121716,1.0,Shuffle by Year,Shuffle by Year,out\Shuffle_by_Year,42,2026-02-20T01:39:01.784727Z,604800
1558098061,1558702861,604800,566,3005.2258977229835,3005.2258977229835,1.0,Shuffle by Year,Shuffle by Year,out\Shuffle_by_Year,42,2026-02-20T01:39:01.784727Z,604800
1558702861,1559307661,604800,565,2995.421567741981,2995.421567741981,1.0,Shuffle by Year,Shuffle by Year,out\Shuffle_by_Year,42,2026-02-20T01:39:01.784727Z,604800
1559307661,1559912461,604800,568,3019.7001379146604,3019.7001379146604,1.0,Shuffle by Year,Shuffle by Year,out\Shuffle_by_Year,42,2026-02-20T01:39:01.784727Z,604800
1559912461,1560517261,604800,532,2790.0318727243093,2790.0318727243093,1.0,Shuffle by Year,Shuffle by Year,out\Shuffle_by_Year,42,2026-02-20T01:39:01.784727Z,604800
1560517261,1561122061,604800,572,3038.7300752499555,3038.7300752499555,1.0,Shuffle by Year,Shuffle by Year,out\Shuffle_by_Year,42,2026-02-20T01:39:01.784727Z,604800
1561122061,1561726861,604800,545,2872.4910090828394,2872.4910090828394,1.0,Shuffle by Year,Shuffle by Year,out\Shuffle_by_Year,42,2026-02-20T01:39:01.784727Z,604800
1561726861,1562331661,604800,532,2790.725019904869,2790.725019904869,1.0,Shuffle by Year,Shuffle by Year,out\Shuffle_by_Year,42,2026-02-20T01:39:01.784727Z,604800
1562331661,1562936461,604800,534,2806.461990998343,2806.461990998343,1.0,Shuffle by Year,Shuffle by Year,out\Shuffle_by_Year,42,2026-02-20T01:39:01.784727Z,604800
1562936461,1563541261,604800,538,2824.840675792176,2824.840675792176,1.0,Shuffle by Year,Shuffle by Year,out\Shuffle_by_Year,42,2026-02-20T01:39:01.784727Z,604800
1563541261,1564146061,604800,576,3070.5001757251785,3070.5001757251785,1.0,Shuffle by Year,Shuffle by Year,out\Shuffle_by_Year,42,2026-02-20T01:39:01.784727Z,604800
1564146061,1564750861,604800,569,3025.6385532406784,3025.6385532406784,1.0,Shuffle by Year,Shuffle by Year,out\Shuffle_by_Year,42,2026-02-20T01:39:01.784727Z,604800
1564750861,1565355661,604800,577,3069.115615969871,3069.115615969871,1.0,Shuffle by Year,Shuffle by Year,out\Shuffle_by_Year,42,2026-02-20T01:39:01.784727Z,604800
1565355661,1565960461,604800,586,3128.2055208994566,3128.2055208994566,1.0,Shuffle by Year,Shuffle by Year,out\Shuffle_by_Year,42,2026-02-20T01:39:01.784727Z,604800
1565960461,1566565261,604800,548,2880.8893614038984,2880.8893614038984,1.0,Shuffle by Year,Shuffle by Year,out\Shuffle_by_Year,42,2026-02-20T01:39:01.784727Z,604800
1566565261,1567170061,604800,531,2790.3990189681153,2790.3990189681153,1.0,Shuffle by Year,Shuffle by Year,out\Shuffle_by_Year,42,2026-02-20T01:39:01.784727Z,604800
1567170061,1567774861,604800,519,2713.147634069615,2713.147634069615,1.0,Shuffle by Year,Shuffle by Year,out\Shuffle_by_Year,42,2026-02-20T01:39:01.784727Z,604800
1567774861,1568379661,604800,591,3158.0181958634607,3158.0181958634607,1.0,Shuffle by Year,Shuffle by Year,out\Shuffle_by_Year,42,2026-02-20T01:39:01.784727Z,604800
1568379661,1568984461,604800,599,3209.015564719118,3209.015564719118,1.0,Shuffle by Year,Shuffle by Year,out\Shuffle_by_Year,42,2026-02-20T01:39:01.784727Z,604800
1568984461,1569589261,604800,555,2929.3608179000976,2929.3608179000976,1.0,Shuffle by Year,Shuffle by Year,out\Shuffle_by_Year,42,2026-02-20T01:39:01.784727Z,604800
1569589261,1570194061,604800,557,2938.4206324958186,2938.4206324958186,1.0,Shuffle by Year,Shuffle by Year,out\Shuffle_by_Year,42,2026-02-20T01:39:01.784727Z,604800
1570194061,1570798861,604800,534,2798.837372012184,2798.837372012184,1.0,Shuffle by Year,Shuffle by Year,out\Shuffle_by_Year,42,2026-02-20T01:39:01.784727Z,604800
1570798861,1571403661,604800,557,2943.6781278678463,2943.6781278678463,1.0,Shuffle by Year,Shuffle by Year,out\Shuffle_by_Year,42,2026-02-20T01:39:01.784727Z,604800
1571403661,1572008461,604800,565,3003.7393339087007,3003.7393339087007,1.0,Shuffle by Year,Shuffle by Year,out\Shuffle_by_Year,42,2026-02-20T01:39:01.784727Z,604800
1572008461,1572613261,604800,543,2859.89127404132,2859.89127404132,1.0,Shuffle by Year,Shuffle by Year,out\Shuffle_by_Year,42,2026-02-20T01:39:01.784727Z,604800
1572613261,1573218061,604800,501,2597.4457963250024,2597.4457963250024,1.0,Shuffle by Year,Shuffle by Year,out\Shuffle_by_Year,42,2026-02-20T01:39:01.784727Z,604800
1573218061,1573822861,604800,498,2586.4265950159033,2586.4265950159033,1.0,Shuffle by Year,Shuffle by Year,out\Shuffle_by_Year,42,2026-02-20T01:39:01.784727Z,604800
1573822861,1574427661,604800,572,3041.9081290803033,3041.9081290803033,1.0,Shuffle by Year,Shuffle by Year,out\Shuffle_by_Year,42,2026-02-20T01:39:01.784727Z,604800
1574427661,1575032461,604800,465,2373.8376495206544,2373.8376495206544,1.0,Shuffle by Year,Shuffle by Year,out\Shuffle_by_Year,42,2026-02-20T01:39:01.784727Z,604800
1575032461,1575637261,604800,459,2342.5629885296726,2342.5629885296726,1.0,Shuffle by Year,Shuffle by Year,out\Shuffle_by_Year,42,2026-02-20T01:39:01.784727Z,604800
1575637261,1576242061,604800,520,2714.8371146897225,2714.8371146897225,1.0,Shuffle by Year,Shuffle by Year,out\Shuffle_by_Year,42,2026-02-20T01:39:01.784727Z,604800
1576242061,1576846861,604800,533,2795.9049290403673,2795.9049290403673,1.0,Shuffle by Year,Shuffle by Year,out\Shuffle_by_Year,42,2026-02-20T01:39:01.784727Z,604800
1576846861,1577451661,604800,443,2245.8612288677937,2245.8612288677937,1.0,Shuffle by Year,Shuffle by Year,out\Shuffle_by_Year,42,2026-02-20T01:39:01.784727Z,604800
1577451661,1578056461,604800,448,2016.5041507723656,2275.6696513108805,0.8861146210790196,Shuffle by Year,Shuffle by Year,out\Shuffle_by_Year,42,2026-02-20T01:39:01.784727Z,604800
1578056461,1578661261,604800,587,3133.887398538724,3133.887398538724,1.0,Shuffle by Year,Shuffle by Year,out\Shuffle_by_Year,42,2026-02-20T01:39:01.784727Z,604800
1578661261,1579266061,604800,550,2897.9539432794463,2897.9539432794463,1.0,Shuffle by Year,Shuffle by Year,out\Shuffle_by_Year,42,2026-02-20T01:39:01.784727Z,604800
1579266061,1579870861,604800,484,2493.01880903047,2493.01880903047,1.0,Shuffle by Year,Shuffle by Year,out\Shuffle_by_Year,42,2026-02-20T01:39:01.784727Z,604800
1579870861,1580475661,604800,532,2788.3578962907377,2788.3578962907377,1.0,Shuffle by Year,Shuffle by Year,out\Shuffle_by_Year,42,2026-02-20T01:39:01.784727Z,604800
1580475661,1581080461,604800,560,2963.637402340123,2963.637402340123,1.0,Shuffle by Year,Shuffle by Year,out\Shuffle_by_Year,42,2026-02-20T01:39:01.784727Z,604800
1581080461,1581685261,604800,565,2987.7969487558216,2987.7969487558216,1.0,Shuffle by Year,Shuffle by Year,out\Shuffle_by_Year,42,2026-02-20T01:39:01.784727Z,604800
1581685261,1582290061,604800,539,2836.3878867351136,2836.3878867351136,1.0,Shuffle by Year,Shuffle by Year,out\Shuffle_by_Year,42,2026-02-20T01:39:01.784727Z,604800
1582290061,1582894861,604800,474,2433.0833089722137,2433.0833089722137,1.0,Shuffle by Year,Shuffle by Year,out\Shuffle_by_Year,42,2026-02-20T01:39:01.784727Z,604800
1582894861,1583499661,604800,476,2447.7791652446117,2447.7791652446117,1.0,Shuffle by Year,Shuffle by Year,out\Shuffle_by_Year,42,2026-02-20T01:39:01.784727Z,604800
1583499661,1584104461,604800,492,2543.24258397967,2543.24258397967,1.0,Shuffle by Year,Shuffle by Year,out\Shuffle_by_Year,42,2026-02-20T01:39:01.784727Z,604800
1584104461,1584709261,604800,450,2286.499627420267,2286.499627420267,1.0,Shuffle by Year,Shuffle by Year,out\Shuffle_by_Year,42,2026-02-20T01:39:01.784727Z,604800
1584709261,1585314061,604800,312,1471.8241997480745,1471.8241997480745,1.0,Shuffle by Year,Shuffle by Year,out\Shuffle_by_Year,42,2026-02-20T01:39:01.784727Z,604800
1585314061,1585918861,604800,241,1073.6950709359583,1073.6950709359583,1.0,Shuffle by Year,Shuffle by Year,out\Shuffle_by_Year,42,2026-02-20T01:39:01.784727Z,604800
1585918861,1586523661,604800,257,1159.9242402895882,1159.9242402895882,1.0,Shuffle by Year,Shuffle by Year,out\Shuffle_by_Year,42,2026-02-20T01:39:01.784727Z,604800
1586523661,1587128461,604800,252,1135.396053289657,1135.396053289657,1.0,Shuffle by Year,Shuffle by Year,out\Shuffle_by_Year,42,2026-02-20T01:39:01.784727Z,604800
1587128461,1587733261,604800,300,1403.8154950561088,1403.8154950561088,1.0,Shuffle by Year,Shuffle by Year,out\Shuffle_by_Year,42,2026-02-20T01:39:01.784727Z,604800
1587733261,1588338061,604800,329,1573.4024545364036,1573.4024545364036,1.0,Shuffle by Year,Shuffle by Year,out\Shuffle_by_Year,42,2026-02-20T01:39:01.784727Z,604800
1588338061,1588942861,604800,302,1405.4757272958745,1405.4757272958745,1.0,Shuffle by Year,Shuffle by Year,out\Shuffle_by_Year,42,2026-02-20T01:39:01.784727Z,604800
1588942861,1589547661,604800,355,1715.6051197756738,1715.6051197756738,1.0,Shuffle by Year,Shuffle by Year,out\Shuffle_by_Year,42,2026-02-20T01:39:01.784727Z,604800
1589547661,1590152461,604800,389,1916.5936973668345,1916.5936973668345,1.0,Shuffle by Year,Shuffle by Year,out\Shuffle_by_Year,42,2026-02-20T01:39:01.784727Z,604800
1590152461,1590757261,604800,391,1927.4299393772756,1927.4299393772756,1.0,Shuffle by Year,Shuffle by Year,out\Shuffle_by_Year,42,2026-02-20T01:39:01.784727Z,604800
1590757261,1591362061,604800,473,2417.1647966081605,2417.1647966081605,1.0,Shuffle by Year,Shuffle by Year,out\Shuffle_by_Year,42,2026-02-20T01:39:01.784727Z,604800
1591362061,1591966861,604800,466,2374.606556747096,2374.606556747096,1.0,Shuffle by Year,Shuffle by Year,out\Shuffle_by_Year,42,2026-02-20T01:39:01.784727Z,604800
1591966861,1592571661,604800,505,2622.3321213121408,2622.3321213121408,1.0,Shuffle by Year,Shuffle by Year,out\Shuffle_by_Year,42,2026-02-20T01:39:01.784727Z,604800
1592571661,1593176461,604800,481,2465.7555320812226,2465.7555320812226,1.0,Shuffle by Year,Shuffle by Year,out\Shuffle_by_Year,42,2026-02-20T01:39:01.784727Z,604800
1593176461,1593781261,604800,458,2335.335326030944,2335.335326030944,1.0,Shuffle by Year,Shuffle by Year,out\Shuffle_by_Year,42,2026-02-20T01:39:01.784727Z,604800
1593781261,1594386061,604800,422,2120.457231935658,2120.457231935658,1.0,Shuffle by Year,Shuffle by Year,out\Shuffle_by_Year,42,2026-02-20T01:39:01.784727Z,604800
1594386061,1594990861,604800,489,2521.3574188782745,2521.3574188782745,1.0,Shuffle by Year,Shuffle by Year,out\Shuffle_by_Year,42,2026-02-20T01:39:01.784727Z,604800
1594990861,1595595661,604800,519,2709.8517972036107,2709.8517972036107,1.0,Shuffle by Year,Shuffle by Year,out\Shuffle_by_Year,42,2026-02-20T01:39:01.784727Z,604800
1595595661,1596200461,604800,479,2461.4359628014827,2461.4359628014827,1.0,Shuffle by Year,Shuffle by Year,out\Shuffle_by_Year,42,2026-02-20T01:39:01.784727Z,604800
1596200461,1596805261,604800,519,2706.9093094445757,2706.9093094445757,1.0,Shuffle by Year,Shuffle by Year,out\Shuffle_by_Year,42,2026-02-20T01:39:01.784727Z,604800
1596805261,1597410061,604800,456,2327.3604395749517,2327.3604395749517,1.0,Shuffle by Year,Shuffle by Year,out\Shuffle_by_Year,42,2026-02-20T01:39:01.784727Z,604800
1597410061,1598014861,604800,503,2612.9452574094857,2612.9452574094857,1.0,Shuffle by Year,Shuffle by Year,out\Shuffle_by_Year,42,2026-02-20T01:39:01.784727Z,604800
1598014861,1598619661,604800,466,2383.44757105758,2383.44757105758,1.0,Shuffle by Year,Shuffle by Year,out\Shuffle_by_Year,42,2026-02-20T01:39:01.784727Z,604800
1598619661,1599224461,604800,527,2753.1223280471354,2753.1223280471354,1.0,Shuffle by Year,Shuffle by Year,out\Shuffle_by_Year,42,2026-02-20T01:39:01.784727Z,604800
1599224461,1599829261,604800,508,2640.8998673969413,2640.8998673969413,1.0,Shuffle by Year,Shuffle by Year,out\Shuffle_by_Year,42,2026-02-20T01:39:01.784727Z,604800
1599829261,1600434061,604800,479,2462.1291099820423,2462.1291099820423,1.0,Shuffle by Year,Shuffle by Year,out\Shuffle_by_Year,42,2026-02-20T01:39:01.784727Z,604800
1600434061,1601038861,604800,436,2206.719613997564,2206.719613997564,1.0,Shuffle by Year,Shuffle by Year,out\Shuffle_by_Year,42,2026-02-20T01:39:01.784727Z,604800
1601038861,1601643661,604800,433,2187.1072868279057,2187.1072868279057,1.0,Shuffle by Year,Shuffle by Year,out\Shuffle_by_Year,42,2026-02-20T01:39:01.784727Z,604800
1601643661,1602248461,604800,473,2422.2399704233944,2422.2399704233944,1.0,Shuffle by Year,Shuffle by Year,out\Shuffle_by_Year,42,2026-02-20T01:39:01.784727Z,604800
1602248461,1602853261,604800,487,2516.42946093231,2516.42946093231,1.0,Shuffle by Year,Shuffle by Year,out\Shuffle_by_Year,42,2026-02-20T01:39:01.784727Z,604800
1602853261,1603458061,604800,466,2380.387300262888,2380.387300262888,1.0,Shuffle by Year,Shuffle by Year,out\Shuffle_by_Year,42,2026-02-20T01:39:01.784727Z,604800
1603458061,1604062861,604800,466,2376.110634143872,2376.110634143872,1.0,Shuffle by Year,Shuffle by Year,out\Shuffle_by_Year,42,2026-02-20T01:39:01.784727Z,604800
1604062861,1604667661,604800,431,2168.6120158509634,2168.6120158509634,1.0,Shuffle by Year,Shuffle by Year,out\Shuffle_by_Year,42,2026-02-20T01:39:01.784727Z,604800
1604667661,1605272461,604800,502,2595.9219944228785,2595.9219944228785,1.0,Shuffle by Year,Shuffle by Year,out\Shuffle_by_Year,42,2026-02-20T01:39:01.784727Z,604800
1605272461,1605877261,604800,471,2408.4198186525405,2408.4198186525405,1.0,Shuffle by Year,Shuffle by Year,out\Shuffle_by_Year,42,2026-02-20T01:39:01.784727Z,604800
1605877261,1606482061,604800,429,2148.1643563854527,2148.1643563854527,1.0,Shuffle by Year,Shuffle by Year,out\Shuffle_by_Year,42,2026-02-20T01:39:01.784727Z,604800
1606482061,1607086861,604800,450,2284.8777669878345,2284.8777669878345,1.0,Shuffle by Year,Shuffle by Year,out\Shuffle_by_Year,42,2026-02-20T01:39:01.784727Z,604800
1607086861,1607691661,604800,476,2445.699723702932,2445.699723702932,1.0,Shuffle by Year,Shuffle by Year,out\Shuffle_by_Year,42,2026-02-20T01:39:01.784727Z,604800
1607691661,1608296461,604800,494,2545.8237851074055,2545.8237851074055,1.0,Shuffle by Year,Shuffle by Year,out\Shuffle_by_Year,42,2026-02-20T01:39:01.784727Z,604800
1608296461,1608901261,604800,428,2151.5192779219124,2151.5192779219124,1.0,Shuffle by Year,Shuffle by Year,out\Shuffle_by_Year,42,2026-02-20T01:39:01.784727Z,604800
1608901261,1609506061,604800,382,1848.1978403814403,1873.1111702758142,0.9866994921125235,Shuffle by Year,Shuffle by Year,out\Shuffle_by_Year,42,2026-02-20T01:39:01.784727Z,604800
1609506061,1610110861,604800,432,2173.6996121861957,2173.6996121861957,1.0,Shuffle by Year,Shuffle by Year,out\Shuffle_by_Year,42,2026-02-20T01:39:01.784727Z,604800
1610110861,1610715661,604800,410,2036.1737214861166,2036.1737214861166,1.0,Shuffle by Year,Shuffle by Year,out\Shuffle_by_Year,42,2026-02-20T01:39:01.784727Z,604800
1610715661,1611320461,604800,378,1853.334226880842,1853.334226880842,1.0,Shuffle by Year,Shuffle by Year,out\Shuffle_by_Year,42,2026-02-20T01:39:01.784727Z,604800
1611320461,1611925261,604800,420,2101.7258040547913,2101.7258040547913,1.0,Shuffle by Year,Shuffle by Year,out\Shuffle_by_Year,42,2026-02-20T01:39:01.784727Z,604800
1611925261,1612530061,604800,406,2022.638759554584,2022.638759554584,1.0,Shuffle by Year,Shuffle by Year,out\Shuffle_by_Year,42,2026-02-20T01:39:01.784727Z,604800
1612530061,1613134861,604800,467,2383.643257762661,2383.643257762661,1.0,Shuffle by Year,Shuffle by Year,out\Shuffle_by_Year,42,2026-02-20T01:39:01.784727Z,604800
1613134861,1613739661,604800,420,2103.805245596471,2103.805245596471,1.0,Shuffle by Year,Shuffle by Year,out\Shuffle_by_Year,42,2026-02-20T01:39:01.784727Z,604800
1613739661,1614344461,604800,462,2362.7549374224623,2362.7549374224623,1.0,Shuffle by Year,Shuffle by Year,out\Shuffle_by_Year,42,2026-02-20T01:39:01.784727Z,604800
1614344461,1614949261,604800,447,2270.545687331477,2270.545687331477,1.0,Shuffle by Year,Shuffle by Year,out\Shuffle_by_Year,42,2026-02-20T01:39:01.784727Z,604800
1614949261,1615554061,604800,444,2248.0858524193172,2248.0858524193172,1.0,Shuffle by Year,Shuffle by Year,out\Shuffle_by_Year,42,2026-02-20T01:39:01.784727Z,604800
1615554061,1616158861,604800,472,2417.061704287915,2417.061704287915,1.0,Shuffle by Year,Shuffle by Year,out\Shuffle_by_Year,42,2026-02-20T01:39:01.784727Z,604800
1616158861,1616763661,604800,522,2726.25192003069,2726.25192003069,1.0,Shuffle by Year,Shuffle by Year,out\Shuffle_by_Year,42,2026-02-20T01:39:01.784727Z,604800
1616763661,1617368461,604800,473,2426.922101650519,2426.922101650519,1.0,Shuffle by Year,Shuffle by Year,out\Shuffle_by_Year,42,2026-02-20T01:39:01.784727Z,604800
1617368461,1617973261,604800,475,2432.1973689349925,2432.1973689349925,1.0,Shuffle by Year,Shuffle by Year,out\Shuffle_by_Year,42,2026-02-20T01:39:01.784727Z,604800
1617973261,1618578061,604800,507,2634.6693859493635,2634.6693859493635,1.0,Shuffle by Year,Shuffle by Year,out\Shuffle_by_Year,42,2026-02-20T01:39:01.784727Z,604800
1618578061,1619182861,604800,512,2656.425041899066,2656.425041899066,1.0,Shuffle by Year,Shuffle by Year,out\Shuffle_by_Year,42,2026-02-20T01:39:01.784727Z,604800
1619182861,1619787661,604800,543,2855.326925849852,2855.326925849852,1.0,Shuffle by Year,Shuffle by Year,out\Shuffle_by_Year,42,2026-02-20T01:39:01.784727Z,604800
1619787661,1620392461,604800,501,2597.7334783974543,2597.7334783974543,1.0,Shuffle by Year,Shuffle by Year,out\Shuffle_by_Year,42,2026-02-20T01:39:01.784727Z,604800
1620392461,1620997261,604800,500,2595.9634374521806,2595.9634374521806,1.0,Shuffle by Year,Shuffle by Year,out\Shuffle_by_Year,42,2026-02-20T01:39:01.784727Z,604800
1620997261,1621602061,604800,554,2921.2500903171226,2921.2500903171226,1.0,Shuffle by Year,Shuffle by Year,out\Shuffle_by_Year,42,2026-02-20T01:39:01.784727Z,604800
1621602061,1622206861,604800,544,2867.2888355768446,2867.2888355768446,1.0,Shuffle by Year,Shuffle by Year,out\Shuffle_by_Year,42,2026-02-20T01:39:01.784727Z,604800
1622206861,1622811661,604800,477,2444.2426212076607,2444.2426212076607,1.0,Shuffle by Year,Shuffle by Year,out\Shuffle_by_Year,42,2026-02-20T01:39:01.784727Z,604800
1622811661,1623416461,604800,513,2677.0515094992,2677.0515094992,1.0,Shuffle by Year,Shuffle by Year,out\Shuffle_by_Year,42,2026-02-20T01:39:01.784727Z,604800
1623416461,1624021261,604800,568,3016.927549192421,3016.927549192421,1.0,Shuffle by Year,Shuffle by Year,out\Shuffle_by_Year,42,2026-02-20T01:39:01.784727Z,604800
1624021261,1624626061,604800,532,2791.8236321935374,2791.8236321935374,1.0,Shuffle by Year,Shuffle by Year,out\Shuffle_by_Year,42,2026-02-20T01:39:01.784727Z,604800
1624626061,1625230861,604800,493,2547.0759695395814,2547.0759695395814,1.0,Shuffle by Year,Shuffle by Year,out\Shuffle_by_Year,42,2026-02-20T01:39:01.784727Z,604800
1625230861,1625835661,604800,460,2350.4859744883843,2350.4859744883843,1.0,Shuffle by Year,Shuffle by Year,out\Shuffle_by_Year,42,2026-02-20T01:39:01.784727Z,604800
1625835661,1626440461,604800,538,2833.276224994552,2833.276224994552,1.0,Shuffle by Year,Shuffle by Year,out\Shuffle_by_Year,42,2026-02-20T01:39:01.784727Z,604800
1626440461,1627045261,604800,511,2656.047747667925,2656.047747667925,1.0,Shuffle by Year,Shuffle by Year,out\Shuffle_by_Year,42,2026-02-20T01:39:01.784727Z,604800
1627045261,1627650061,604800,544,2861.2204099886003,2861.2204099886003,1.0,Shuffle by Year,Shuffle by Year,out\Shuffle_by_Year,42,2026-02-20T01:39:01.784727Z,604800
1627650061,1628254861,604800,501,2602.990973769482,2602.990973769482,1.0,Shuffle by Year,Shuffle by Year,out\Shuffle_by_Year,42,2026-02-20T01:39:01.784727Z,604800
1628254861,1628859661,604800,469,2395.536863718917,2395.536863718917,1.0,Shuffle by Year,Shuffle by Year,out\Shuffle_by_Year,42,2026-02-20T01:39:01.784727Z,604800
1628859661,1629464461,604800,498,2581.1690996438756,2581.1690996438756,1.0,Shuffle by Year,Shuffle by Year,out\Shuffle_by_Year,42,2026-02-20T01:39:01.784727Z,604800
1629464461,1630069261,604800,471,2409.348531904413,2409.348531904413,1.0,Shuffle by Year,Shuffle by Year,out\Shuffle_by_Year,42,2026-02-20T01:39:01.784727Z,604800
1630069261,1630674061,604800,507,2633.688556696352,2633.688556696352,1.0,Shuffle by Year,Shuffle by Year,out\Shuffle_by_Year,42,2026-02-20T01:39:01.784727Z,604800
1630674061,1631278861,604800,441,2236.44893793791,2236.44893793791,1.0,Shuffle by Year,Shuffle by Year,out\Shuffle_by_Year,42,2026-02-20T01:39:01.784727Z,604800
1631278861,1631883661,604800,459,2341.464376241004,2341.464376241004,1.0,Shuffle by Year,Shuffle by Year,out\Shuffle_by_Year,42,2026-02-20T01:39:01.784727Z,604800
1631883661,1632488461,604800,465,2380.3636562181455,2380.3636562181455,1.0,Shuffle by Year,Shuffle by Year,out\Shuffle_by_Year,42,2026-02-20T01:39:01.784727Z,604800
1632488461,1633093261,604800,479,2465.3071638123906,2465.3071638123906,1.0,Shuffle by Year,Shuffle by Year,out\Shuffle_by_Year,42,2026-02-20T01:39:01.784727Z,604800
1633093261,1633698061,604800,501,2600.506067119694,2600.506067119694,1.0,Shuffle by Year,Shuffle by Year,out\Shuffle_by_Year,42,2026-02-20T01:39:01.784727Z,604800
1633698061,1634302861,604800,503,2604.50970820711,2604.50970820711,1.0,Shuffle by Year,Shuffle by Year,out\Shuffle_by_Year,42,2026-02-20T01:39:01.784727Z,604800
1634302861,1634907661,604800,487,2512.2705778489503,2512.2705778489503,1.0,Shuffle by Year,Shuffle by Year,out\Shuffle_by_Year,42,2026-02-20T01:39:01.784727Z,604800
1634907661,1635512461,604800,473,2419.8728468092627,2419.8728468092627,1.0,Shuffle by Year,Shuffle by Year,out\Shuffle_by_Year,42,2026-02-20T01:39:01.784727Z,604800
1635512461,1636117261,604800,410,2046.283247122064,2046.283247122064,1.0,Shuffle by Year,Shuffle by Year,out\Shuffle_by_Year,42,2026-02-20T01:39:01.784727Z,604800
1636117261,1636722061,604800,473,2422.6454355315027,2422.6454355315027,1.0,Shuffle by Year,Shuffle by Year,out\Shuffle_by_Year,42,2026-02-20T01:39:01.784727Z,604800
1636722061,1637326861,604800,469,2404.377878029401,2404.377878029401,1.0,Shuffle by Year,Shuffle by Year,out\Shuffle_by_Year,42,2026-02-20T01:39:01.784727Z,604800
1637326861,1637931661,604800,454,2305.701270891099,2305.701270891099,1.0,Shuffle by Year,Shuffle by Year,out\Shuffle_by_Year,42,2026-02-20T01:39:01.784727Z,604800
1637931661,1638536461,604800,481,2474.766445428502,2474.766445428502,1.0,Shuffle by Year,Shuffle by Year,out\Shuffle_by_Year,42,2026-02-20T01:39:01.784727Z,604800
1638536461,1639141261,604800,564,2977.6534605349043,2977.6534605349043,1.0,Shuffle by Year,Shuffle by Year,out\Shuffle_by_Year,42,2026-02-20T01:39:01.784727Z,604800
1639141261,1639746061,604800,474,2437.935339236133,2437.935339236133,1.0,Shuffle by Year,Shuffle by Year,out\Shuffle_by_Year,42,2026-02-20T01:39:01.784727Z,604800
1639746061,1640350861,604800,453,2303.048909595857,2303.048909595857,1.0,Shuffle by Year,Shuffle by Year,out\Shuffle_by_Year,42,2026-02-20T01:39:01.784727Z,604800
1451653261,1452258061,604800,1101,6553.8516899338665,6553.8516899338665,1.0,Shuffle by Year + Shuffle by Month,Shuffle by Year + Shuffle by Month,out\Shuffle_by_Year_+_Shuffle_by_Month,42,2026-02-20T01:40:15.122811Z,604800
1452258061,1452862861,604800,1077,6377.978710562234,6377.978710562234,1.0,Shuffle by Year + Shuffle by Month,Shuffle by Year + Shuffle by Month,out\Shuffle_by_Year_+_Shuffle_by_Month,42,2026-02-20T01:40:15.122811Z,604800
1452862861,1453467661,604800,994,5805.59295541802,5805.59295541802,1.0,Shuffle by Year + Shuffle by Month,Shuffle by Year + Shuffle by Month,out\Shuffle_by_Year_+_Shuffle_by_Month,42,2026-02-20T01:40:15.122811Z,604800
1453467661,1454072461,604800,946,5485.1669597873515,5485.1669597873515,1.0,Shuffle by Year + Shuffle by Month,Shuffle by Year + Shuffle by Month,out\Shuffle_by_Year_+_Shuffle_by_Month,42,2026-02-20T01:40:15.122811Z,604800
1454072461,1454677261,604800,1040,5465.927017226317,6134.99860832446,0.8909418512026567,Shuffle by Year + Shuffle by Month,Shuffle by Year + Shuffle by Month,out\Shuffle_by_Year_+_Shuffle_by_Month,42,2026-02-20T01:40:15.122811Z,604800
1454677261,1455282061,604800,958,5566.782815080834,5566.782815080834,1.0,Shuffle by Year + Shuffle by Month,Shuffle by Year + Shuffle by Month,out\Shuffle_by_Year_+_Shuffle_by_Month,42,2026-02-20T01:40:15.122811Z,604800
1455282061,1455886861,604800,932,5389.044537124854,5389.044537124854,1.0,Shuffle by Year + Shuffle by Month,Shuffle by Year + Shuffle by Month,out\Shuffle_by_Year_+_Shuffle_by_Month,42,2026-02-20T01:40:15.122811Z,604800
1455886861,1456491661,604800,1052,6205.790473252456,6205.790473252456,1.0,Shuffle by Year + Shuffle by Month,Shuffle by Year + Shuffle by Month,out\Shuffle_by_Year_+_Shuffle_by_Month,42,2026-02-20T01:40:15.122811Z,604800
1456491661,1457096461,604800,1025,5304.84481656527,6009.93108803418,0.8826798076149754,Shuffle by Year + Shuffle by Month,Shuffle by Year + Shuffle by Month,out\Shuffle_by_Year_+_Shuffle_by_Month,42,2026-02-20T01:40:15.122811Z,604800
1457096461,1457701261,604800,1072,6357.228960869745,6357.228960869745,1.0,Shuffle by Year + Shuffle by Month,Shuffle by Year + Shuffle by Month,out\Shuffle_by_Year_+_Shuffle_by_Month,42,2026-02-20T01:40:15.122811Z,604800
1457701261,1458306061,604800,1053,6221.473103039417,6221.473103039417,1.0,Shuffle by Year + Shuffle by Month,Shuffle by Year + Shuffle by Month,out\Shuffle_by_Year_+_Shuffle_by_Month,42,2026-02-20T01:40:15.122811Z,604800
1458306061,1458910861,604800,977,5703.650245200965,5703.650245200965,1.0,Shuffle by Year + Shuffle by Month,Shuffle by Year + Shuffle by Month,out\Shuffle_by_Year_+_Shuffle_by_Month,42,2026-02-20T01:40:15.122811Z,604800
1458910861,1459515661,604800,954,5466.050932921804,5549.033755185716,0.9850455365879939,Shuffle by Year + Shuffle by Month,Shuffle by Year + Shuffle by Month,out\Shuffle_by_Year_+_Shuffle_by_Month,42,2026-02-20T01:40:15.122811Z,604800
1459515661,1460120461,604800,922,5331.522329947783,5331.522329947783,1.0,Shuffle by Year + Shuffle by Month,Shuffle by Year + Shuffle by Month,out\Shuffle_by_Year_+_Shuffle_by_Month,42,2026-02-20T01:40:15.122811Z,604800
1460120461,1460725261,604800,949,5503.127332495959,5503.127332495959,1.0,Shuffle by Year + Shuffle by Month,Shuffle by Year + Shuffle by Month,out\Shuffle_by_Year_+_Shuffle_by_Month,42,2026-02-20T01:40:15.122811Z,604800
1460725261,1461330061,604800,961,5596.68220926888,5596.68220926888,1.0,Shuffle by Year + Shuffle by Month,Shuffle by Year + Shuffle by Month,out\Shuffle_by_Year_+_Shuffle_by_Month,42,2026-02-20T01:40:15.122811Z,604800
1461330061,1461934861,604800,1003,5884.624816770341,5884.624816770341,1.0,Shuffle by Year + Shuffle by Month,Shuffle by Year + Shuffle by Month,out\Shuffle_by_Year_+_Shuffle_by_Month,42,2026-02-20T01:40:15.122811Z,604800
1461934861,1462539661,604800,881,4578.132954805817,5051.438050397155,0.9063029001109641,Shuffle by Year + Shuffle by Month,Shuffle by Year + Shuffle by Month,out\Shuffle_by_Year_+_Shuffle_by_Month,42,2026-02-20T01:40:15.122811Z,604800
1462539661,1463144461,604800,939,5443.17415410519,5443.17415410519,1.0,Shuffle by Year + Shuffle by Month,Shuffle by Year + Shuffle by Month,out\Shuffle_by_Year_+_Shuffle_by_Month,42,2026-02-20T01:40:15.122811Z,604800
1463144461,1463749261,604800,881,5049.240825819818,5049.240825819818,1.0,Shuffle by Year + Shuffle by Month,Shuffle by Year + Shuffle by Month,out\Shuffle_by_Year_+_Shuffle_by_Month,42,2026-02-20T01:40:15.122811Z,604800
1463749261,1464354061,604800,903,5190.3910870981,5190.3910870981,1.0,Shuffle by Year + Shuffle by Month,Shuffle by Year + Shuffle by Month,out\Shuffle_by_Year_+_Shuffle_by_Month,42,2026-02-20T01:40:15.122811Z,604800
1464354061,1464958861,604800,892,4566.743965771283,5125.005663006941,0.8910710087082879,Shuffle by Year + Shuffle by Month,Shuffle by Year + Shuffle by Month,out\Shuffle_by_Year_+_Shuffle_by_Month,42,2026-02-20T01:40:15.122811Z,604800
1464958861,1465563661,604800,845,4808.738022775311,4808.738022775311,1.0,Shuffle by Year + Shuffle by Month,Shuffle by Year + Shuffle by Month,out\Shuffle_by_Year_+_Shuffle_by_Month,42,2026-02-20T01:40:15.122811Z,604800
1465563661,1466168461,604800,861,4918.178150958921,4918.178150958921,1.0,Shuffle by Year + Shuffle by Month,Shuffle by Year + Shuffle by Month,out\Shuffle_by_Year_+_Shuffle_by_Month,42,2026-02-20T01:40:15.122811Z,604800
1466168461,1466773261,604800,865,4933.661764678199,4933.661764678199,1.0,Shuffle by Year + Shuffle by Month,Shuffle by Year + Shuffle by Month,out\Shuffle_by_Year_+_Shuffle_by_Month,42,2026-02-20T01:40:15.122811Z,604800
1466773261,1467378061,604800,833,4672.045103366819,4732.678693739833,0.9871883146317925,Shuffle by Year + Shuffle by Month,Shuffle by Year + Shuffle by Month,out\Shuffle_by_Year_+_Shuffle_by_Month,42,2026-02-20T01:40:15.122811Z,604800
1467378061,1467982861,604800,745,4154.599896958677,4154.599896958677,1.0,Shuffle by Year + Shuffle by Month,Shuffle by Year + Shuffle by Month,out\Shuffle_by_Year_+_Shuffle_by_Month,42,2026-02-20T01:40:15.122811Z,604800
1467982861,1468587661,604800,837,4764.560624850193,4764.560624850193,1.0,Shuffle by Year + Shuffle by Month,Shuffle by Year + Shuffle by Month,out\Shuffle_by_Year_+_Shuffle_by_Month,42,2026-02-20T01:40:15.122811Z,604800
1468587661,1469192461,604800,884,5059.768956575573,5059.768956575573,1.0,Shuffle by Year + Shuffle by Month,Shuffle by Year + Shuffle by Month,out\Shuffle_by_Year_+_Shuffle_by_Month,42,2026-02-20T01:40:15.122811Z,604800
1469192461,1469797261,604800,813,4596.158572493447,4596.158572493447,1.0,Shuffle by Year + Shuffle by Month,Shuffle by Year + Shuffle by Month,out\Shuffle_by_Year_+_Shuffle_by_Month,42,2026-02-20T01:40:15.122811Z,604800
1469797261,1470402061,604800,822,4122.059070781997,4646.46287905293,0.8871391374641049,Shuffle by Year + Shuffle by Month,Shuffle by Year + Shuffle by Month,out\Shuffle_by_Year_+_Shuffle_by_Month,42,2026-02-20T01:40:15.122811Z,604800
1470402061,1471006861,604800,838,4758.932776736252,4758.932776736252,1.0,Shuffle by Year + Shuffle by Month,Shuffle by Year + Shuffle by Month,out\Shuffle_by_Year_+_Shuffle_by_Month,42,2026-02-20T01:40:15.122811Z,604800
1471006861,1471611661,604800,839,4777.73617158469,4777.73617158469,1.0,Shuffle by Year + Shuffle by Month,Shuffle by Year + Shuffle by Month,out\Shuffle_by_Year_+_Shuffle_by_Month,42,2026-02-20T01:40:15.122811Z,604800
1471611661,1472216461,604800,860,4917.711625594051,4917.711625594051,1.0,Shuffle by Year + Shuffle by Month,Shuffle by Year + Shuffle by Month,out\Shuffle_by_Year_+_Shuffle_by_Month,42,2026-02-20T01:40:15.122811Z,604800
1472216461,1472821261,604800,841,4409.871653431713,4773.757702586846,0.9237736659826813,Shuffle by Year + Shuffle by Month,Shuffle by Year + Shuffle by Month,out\Shuffle_by_Year_+_Shuffle_by_Month,42,2026-02-20T01:40:15.122811Z,604800
1472821261,1473426061,604800,791,4448.048329962239,4448.048329962239,1.0,Shuffle by Year + Shuffle by Month,Shuffle by Year + Shuffle by Month,out\Shuffle_by_Year_+_Shuffle_by_Month,42,2026-02-20T01:40:15.122811Z,604800
1473426061,1474030861,604800,816,4617.654429688774,4617.654429688774,1.0,Shuffle by Year + Shuffle by Month,Shuffle by Year + Shuffle by Month,out\Shuffle_by_Year_+_Shuffle_by_Month,42,2026-02-20T01:40:15.122811Z,604800
1474030861,1474635661,604800,869,4978.863833133682,4978.863833133682,1.0,Shuffle by Year + Shuffle by Month,Shuffle by Year + Shuffle by Month,out\Shuffle_by_Year_+_Shuffle_by_Month,42,2026-02-20T01:40:15.122811Z,604800
1474635661,1475240461,604800,848,4823.012480912773,4823.012480912773,1.0,Shuffle by Year + Shuffle by Month,Shuffle by Year + Shuffle by Month,out\Shuffle_by_Year_+_Shuffle_by_Month,42,2026-02-20T01:40:15.122811Z,604800
1475240461,1475845261,604800,748,3898.1528117696275,4171.9631840722,0.9343689385016792,Shuffle by Year + Shuffle by Month,Shuffle by Year + Shuffle by Month,out\Shuffle_by_Year_+_Shuffle_by_Month,42,2026-02-20T01:40:15.122811Z,604800
1475845261,1476450061,604800,761,4259.496649527935,4259.496649527935,1.0,Shuffle by Year + Shuffle by Month,Shuffle by Year + Shuffle by Month,out\Shuffle_by_Year_+_Shuffle_by_Month,42,2026-02-20T01:40:15.122811Z,604800
1476450061,1477054861,604800,791,4451.2263837925875,4451.2263837925875,1.0,Shuffle by Year + Shuffle by Month,Shuffle by Year + Shuffle by Month,out\Shuffle_by_Year_+_Shuffle_by_Month,42,2026-02-20T01:40:15.122811Z,604800
1477054861,1477659661,604800,773,4333.263547346096,4333.263547346096,1.0,Shuffle by Year + Shuffle by Month,Shuffle by Year + Shuffle by Month,out\Shuffle_by_Year_+_Shuffle_by_Month,42,2026-02-20T01:40:15.122811Z,604800
1477659661,1478264461,604800,697,3356.6309459541662,3836.2198872155873,0.874983980230206,Shuffle by Year + Shuffle by Month,Shuffle by Year + Shuffle by Month,out\Shuffle_by_Year_+_Shuffle_by_Month,42,2026-02-20T01:40:15.122811Z,604800
1478264461,1478869261,604800,774,4341.994560761367,4341.994560761367,1.0,Shuffle by Year + Shuffle by Month,Shuffle by Year + Shuffle by Month,out\Shuffle_by_Year_+_Shuffle_by_Month,42,2026-02-20T01:40:15.122811Z,604800
1478869261,1479474061,604800,726,4030.851027287883,4030.851027287883,1.0,Shuffle by Year + Shuffle by Month,Shuffle by Year + Shuffle by Month,out\Shuffle_by_Year_+_Shuffle_by_Month,42,2026-02-20T01:40:15.122811Z,604800
1479474061,1480078861,604800,651,3545.309334832004,3545.309334832004,1.0,Shuffle by Year + Shuffle by Month,Shuffle by Year + Shuffle by Month,out\Shuffle_by_Year_+_Shuffle_by_Month,42,2026-02-20T01:40:15.122811Z,604800
1480078861,1480683661,604800,753,3853.9355487507137,4203.2784439965335,0.9168879959059624,Shuffle by Year + Shuffle by Month,Shuffle by Year + Shuffle by Month,out\Shuffle_by_Year_+_Shuffle_by_Month,42,2026-02-20T01:40:15.122811Z,604800
1480683661,1481288461,604800,798,4493.867989361801,4493.867989361801,1.0,Shuffle by Year + Shuffle by Month,Shuffle by Year + Shuffle by Month,out\Shuffle_by_Year_+_Shuffle_by_Month,42,2026-02-20T01:40:15.122811Z,604800
1481288461,1481893261,604800,778,4364.742542174541,4364.742542174541,1.0,Shuffle by Year + Shuffle by Month,Shuffle by Year + Shuffle by Month,out\Shuffle_by_Year_+_Shuffle_by_Month,42,2026-02-20T01:40:15.122811Z,604800
1481893261,1482498061,604800,831,4711.892890743138,4711.892890743138,1.0,Shuffle by Year + Shuffle by Month,Shuffle by Year + Shuffle by Month,out\Shuffle_by_Year_+_Shuffle_by_Month,42,2026-02-20T01:40:15.122811Z,604800
1482498061,1483102861,604800,682,3744.525914978599,3744.525914978599,1.0,Shuffle by Year + Shuffle by Month,Shuffle by Year + Shuffle by Month,out\Shuffle_by_Year_+_Shuffle_by_Month,42,2026-02-20T01:40:15.122811Z,604800
1483102861,1483707661,604800,679,3351.6715360466305,3717.9059753751803,0.9014944321469581,Shuffle by Year + Shuffle by Month,Shuffle by Year + Shuffle by Month,out\Shuffle_by_Year_+_Shuffle_by_Month,42,2026-02-20T01:40:15.122811Z,604800
1483707661,1484312461,604800,634,3428.7415782227886,3428.7415782227886,1.0,Shuffle by Year + Shuffle by Month,Shuffle by Year + Shuffle by Month,out\Shuffle_by_Year_+_Shuffle_by_Month,42,2026-02-20T01:40:15.122811Z,604800
1484312461,1484917261,604800,686,3773.7009350164726,3773.7009350164726,1.0,Shuffle by Year + Shuffle by Month,Shuffle by Year + Shuffle by Month,out\Shuffle_by_Year_+_Shuffle_by_Month,42,2026-02-20T01:40:15.122811Z,604800
1484917261,1485522061,604800,681,3728.87218893782,3728.87218893782,1.0,Shuffle by Year + Shuffle by Month,Shuffle by Year + Shuffle by Month,out\Shuffle_by_Year_+_Shuffle_by_Month,42,2026-02-20T01:40:15.122811Z,604800
1485522061,1486126861,604800,742,3677.0682054824283,4132.972016191518,0.889691048252197,Shuffle by Year + Shuffle by Month,Shuffle by Year + Shuffle by Month,out\Shuffle_by_Year_+_Shuffle_by_Month,42,2026-02-20T01:40:15.122811Z,604800
1486126861,1486731661,604800,711,3920.5697747115582,3920.5697747115582,1.0,Shuffle by Year + Shuffle by Month,Shuffle by Year + Shuffle by Month,out\Shuffle_by_Year_+_Shuffle_by_Month,42,2026-02-20T01:40:15.122811Z,604800
1486731661,1487336461,604800,737,4103.809975402217,4103.809975402217,1.0,Shuffle by Year + Shuffle by Month,Shuffle by Year + Shuffle by Month,out\Shuffle_by_Year_+_Shuffle_by_Month,42,2026-02-20T01:40:15.122811Z,604800
1487336461,1487941261,604800,808,4557.291961417212,4557.291961417212,1.0,Shuffle by Year + Shuffle by Month,Shuffle by Year + Shuffle by Month,out\Shuffle_by_Year_+_Shuffle_by_Month,42,2026-02-20T01:40:15.122811Z,604800
1487941261,1488546061,604800,703,3441.6614215514446,3874.3142402541735,0.8883278970488607,Shuffle by Year + Shuffle by Month,Shuffle by Year + Shuffle by Month,out\Shuffle_by_Year_+_Shuffle_by_Month,42,2026-02-20T01:40:15.122811Z,604800
1488546061,1489150861,604800,727,4032.9933886096055,4032.9933886096055,1.0,Shuffle by Year + Shuffle by Month,Shuffle by Year + Shuffle by Month,out\Shuffle_by_Year_+_Shuffle_by_Month,42,2026-02-20T01:40:15.122811Z,604800
1489150861,1489755661,604800,759,4244.842403375674,4244.842403375674,1.0,Shuffle by Year + Shuffle by Month,Shuffle by Year + Shuffle by Month,out\Shuffle_by_Year_+_Shuffle_by_Month,42,2026-02-20T01:40:15.122811Z,604800
1489755661,1490360461,604800,772,4324.53382675583,4324.53382675583,1.0,Shuffle by Year + Shuffle by Month,Shuffle by Year + Shuffle by Month,out\Shuffle_by_Year_+_Shuffle_by_Month,42,2026-02-20T01:40:15.122811Z,604800
1490360461,1490965261,604800,743,4135.99919329778,4135.99919329778,1.0,Shuffle by Year + Shuffle by Month,Shuffle by Year + Shuffle by Month,out\Shuffle_by_Year_+_Shuffle_by_Month,42,2026-02-20T01:40:15.122811Z,604800
1490965261,1491570061,604800,681,3466.9629420590727,3731.64477766006,0.9290709991514903,Shuffle by Year + Shuffle by Month,Shuffle by Year + Shuffle by Month,out\Shuffle_by_Year_+_Shuffle_by_Month,42,2026-02-20T01:40:15.122811Z,604800
1491570061,1492174861,604800,702,3868.452030542923,3868.452030542923,1.0,Shuffle by Year + Shuffle by Month,Shuffle by Year + Shuffle by Month,out\Shuffle_by_Year_+_Shuffle_by_Month,42,2026-02-20T01:40:15.122811Z,604800
1492174861,1492779661,604800,695,3824.108581397504,3824.108581397504,1.0,Shuffle by Year + Shuffle by Month,Shuffle by Year + Shuffle by Month,out\Shuffle_by_Year_+_Shuffle_by_Month,42,2026-02-20T01:40:15.122811Z,604800
1492779661,1493384461,604800,683,3746.3702786110457,3746.3702786110457,1.0,Shuffle by Year + Shuffle by Month,Shuffle by Year + Shuffle by Month,out\Shuffle_by_Year_+_Shuffle_by_Month,42,2026-02-20T01:40:15.122811Z,604800
1493384461,1493989261,604800,679,3273.401341685886,3718.3114404832886,0.8803461985584577,Shuffle by Year + Shuffle by Month,Shuffle by Year + Shuffle by Month,out\Shuffle_by_Year_+_Shuffle_by_Month,42,2026-02-20T01:40:15.122811Z,604800
1493989261,1494594061,604800,676,3697.367706433758,3697.367706433758,1.0,Shuffle by Year + Shuffle by Month,Shuffle by Year + Shuffle by Month,out\Shuffle_by_Year_+_Shuffle_by_Month,42,2026-02-20T01:40:15.122811Z,604800
1494594061,1495198861,604800,670,3662.0462157240413,3662.0462157240413,1.0,Shuffle by Year + Shuffle by Month,Shuffle by Year + Shuffle by Month,out\Shuffle_by_Year_+_Shuffle_by_Month,42,2026-02-20T01:40:15.122811Z,604800
1495198861,1495803661,604800,704,3875.0381590934003,3875.0381590934003,1.0,Shuffle by Year + Shuffle by Month,Shuffle by Year + Shuffle by Month,out\Shuffle_by_Year_+_Shuffle_by_Month,42,2026-02-20T01:40:15.122811Z,604800
1495803661,1496408461,604800,610,2974.6670019854187,3275.314044407484,0.9082081784079874,Shuffle by Year + Shuffle by Month,Shuffle by Year + Shuffle by Month,out\Shuffle_by_Year_+_Shuffle_by_Month,42,2026-02-20T01:40:15.122811Z,604800
1496408461,1497013261,604800,659,3591.647294939077,3591.647294939077,1.0,Shuffle by Year + Shuffle by Month,Shuffle by Year + Shuffle by Month,out\Shuffle_by_Year_+_Shuffle_by_Month,42,2026-02-20T01:40:15.122811Z,604800
1497013261,1497618061,604800,709,3915.9911695497517,3915.9911695497517,1.0,Shuffle by Year + Shuffle by Month,Shuffle by Year + Shuffle by Month,out\Shuffle_by_Year_+_Shuffle_by_Month,42,2026-02-20T01:40:15.122811Z,604800
1497618061,1498222861,604800,686,3768.7311217168963,3768.7311217168963,1.0,Shuffle by Year + Shuffle by Month,Shuffle by Year + Shuffle by Month,out\Shuffle_by_Year_+_Shuffle_by_Month,42,2026-02-20T01:40:15.122811Z,604800
1498222861,1498827661,604800,651,3536.46832052152,3536.46832052152,1.0,Shuffle by Year + Shuffle by Month,Shuffle by Year + Shuffle by Month,out\Shuffle_by_Year_+_Shuffle_by_Month,42,2026-02-20T01:40:15.122811Z,604800
1498827661,1499432461,604800,608,2999.705828527588,3265.0914568680505,0.9187203078853337,Shuffle by Year + Shuffle by Month,Shuffle by Year + Shuffle by Month,out\Shuffle_by_Year_+_Shuffle_by_Month,42,2026-02-20T01:40:15.122811Z,604800
1499432461,1500037261,604800,718,3977.4961809771908,3977.4961809771908,1.0,Shuffle by Year + Shuffle by Month,Shuffle by Year + Shuffle by Month,out\Shuffle_by_Year_+_Shuffle_by_Month,42,2026-02-20T01:40:15.122811Z,604800
1500037261,1500642061,604800,690,3781.006234104458,3781.006234104458,1.0,Shuffle by Year + Shuffle by Month,Shuffle by Year + Shuffle by Month,out\Shuffle_by_Year_+_Shuffle_by_Month,42,2026-02-20T01:40:15.122811Z,604800
1500642061,1501246861,604800,701,3860.7473688490895,3860.7473688490895,1.0,Shuffle by Year + Shuffle by Month,Shuffle by Year + Shuffle by Month,out\Shuffle_by_Year_+_Shuffle_by_Month,42,2026-02-20T01:40:15.122811Z,604800
1501246861,1501851661,604800,672,3212.486508285551,3674.372096020976,0.8742953692045486,Shuffle by Year + Shuffle by Month,Shuffle by Year + Shuffle by Month,out\Shuffle_by_Year_+_Shuffle_by_Month,42,2026-02-20T01:40:15.122811Z,604800
1501851661,1502456461,604800,632,3415.5513767737557,3415.5513767737557,1.0,Shuffle by Year + Shuffle by Month,Shuffle by Year + Shuffle by Month,out\Shuffle_by_Year_+_Shuffle_by_Month,42,2026-02-20T01:40:15.122811Z,604800
1502456461,1503061261,604800,692,3802.519509086219,3802.519509086219,1.0,Shuffle by Year + Shuffle by Month,Shuffle by Year + Shuffle by Month,out\Shuffle_by_Year_+_Shuffle_by_Month,42,2026-02-20T01:40:15.122811Z,604800
1503061261,1503666061,604800,661,3599.5456922787157,3599.5456922787157,1.0,Shuffle by Year + Shuffle by Month,Shuffle by Year + Shuffle by Month,out\Shuffle_by_Year_+_Shuffle_by_Month,42,2026-02-20T01:40:15.122811Z,604800
1503666061,1504270861,604800,642,3409.6331453816406,3482.2062595845086,0.9791588697530148,Shuffle by Year + Shuffle by Month,Shuffle by Year + Shuffle by Month,out\Shuffle_by_Year_+_Shuffle_by_Month,42,2026-02-20T01:40:15.122811Z,604800
1504270861,1504875661,604800,627,3389.155649791445,3389.155649791445,1.0,Shuffle by Year + Shuffle by Month,Shuffle by Year + Shuffle by Month,out\Shuffle_by_Year_+_Shuffle_by_Month,42,2026-02-20T01:40:15.122811Z,604800
1504875661,1505480461,604800,635,3445.017046785177,3445.017046785177,1.0,Shuffle by Year + Shuffle by Month,Shuffle by Year + Shuffle by Month,out\Shuffle_by_Year_+_Shuffle_by_Month,42,2026-02-20T01:40:15.122811Z,604800
1505480461,1506085261,604800,683,3746.775743719154,3746.775743719154,1.0,Shuffle by Year + Shuffle by Month,Shuffle by Year + Shuffle by Month,out\Shuffle_by_Year_+_Shuffle_by_Month,42,2026-02-20T01:40:15.122811Z,604800
1506085261,1506690061,604800,731,4056.1847675533554,4056.1847675533554,1.0,Shuffle by Year + Shuffle by Month,Shuffle by Year + Shuffle by Month,out\Shuffle_by_Year_+_Shuffle_by_Month,42,2026-02-20T01:40:15.122811Z,604800
1506690061,1507294861,604800,662,3252.284775839421,3610.435406989325,0.9008012633444232,Shuffle by Year + Shuffle by Month,Shuffle by Year + Shuffle by Month,out\Shuffle_by_Year_+_Shuffle_by_Month,42,2026-02-20T01:40:15.122811Z,604800
1507294861,1507899661,604800,694,3821.148188490395,3821.148188490395,1.0,Shuffle by Year + Shuffle by Month,Shuffle by Year + Shuffle by Month,out\Shuffle_by_Year_+_Shuffle_by_Month,42,2026-02-20T01:40:15.122811Z,604800
1507899661,1508504461,604800,614,3309.4197827156263,3309.4197827156263,1.0,Shuffle by Year + Shuffle by Month,Shuffle by Year + Shuffle by Month,out\Shuffle_by_Year_+_Shuffle_by_Month,42,2026-02-20T01:40:15.122811Z,604800
1508504461,1509109261,604800,690,3790.8280776679535,3790.8280776679535,1.0,Shuffle by Year + Shuffle by Month,Shuffle by Year + Shuffle by Month,out\Shuffle_by_Year_+_Shuffle_by_Month,42,2026-02-20T01:40:15.122811Z,604800
1509109261,1509714061,604800,683,3313.562846486667,3745.101767285582,0.8847724447520979,Shuffle by Year + Shuffle by Month,Shuffle by Year + Shuffle by Month,out\Shuffle_by_Year_+_Shuffle_by_Month,42,2026-02-20T01:40:15.122811Z,604800
1509714061,1510318861,604800,664,3620.827774443543,3620.827774443543,1.0,Shuffle by Year + Shuffle by Month,Shuffle by Year + Shuffle by Month,out\Shuffle_by_Year_+_Shuffle_by_Month,42,2026-02-20T01:40:15.122811Z,604800
1510318861,1510923661,604800,686,3760.1256734777253,3760.1256734777253,1.0,Shuffle by Year + Shuffle by Month,Shuffle by Year + Shuffle by Month,out\Shuffle_by_Year_+_Shuffle_by_Month,42,2026-02-20T01:40:15.122811Z,604800
1510923661,1511528461,604800,594,3181.3326593000643,3181.3326593000643,1.0,Shuffle by Year + Shuffle by Month,Shuffle by Year + Shuffle by Month,out\Shuffle_by_Year_+_Shuffle_by_Month,42,2026-02-20T01:40:15.122811Z,604800
1511528461,1512133261,604800,643,3464.5082662160994,3496.7024884030134,0.9907929764417511,Shuffle by Year + Shuffle by Month,Shuffle by Year + Shuffle by Month,out\Shuffle_by_Year_+_Shuffle_by_Month,42,2026-02-20T01:40:15.122811Z,604800
1512133261,1512738061,604800,635,3431.324002210774,3431.324002210774,1.0,Shuffle by Year + Shuffle by Month,Shuffle by Year + Shuffle by Month,out\Shuffle_by_Year_+_Shuffle_by_Month,42,2026-02-20T01:40:15.122811Z,604800
1512738061,1513342861,604800,612,3298.255399285115,3298.255399285115,1.0,Shuffle by Year + Shuffle by Month,Shuffle by Year + Shuffle by Month,out\Shuffle_by_Year_+_Shuffle_by_Month,42,2026-02-20T01:40:15.122811Z,604800
1513342861,1513947661,604800,646,3506.5760754586518,3506.5760754586518,1.0,Shuffle by Year + Shuffle by Month,Shuffle by Year + Shuffle by Month,out\Shuffle_by_Year_+_Shuffle_by_Month,42,2026-02-20T01:40:15.122811Z,604800
1513947661,1514552461,604800,526,2750.6085454738454,2750.6085454738454,1.0,Shuffle by Year + Shuffle by Month,Shuffle by Year + Shuffle by Month,out\Shuffle_by_Year_+_Shuffle_by_Month,42,2026-02-20T01:40:15.122811Z,604800
1514552461,1515157261,604800,514,2352.6461130052217,2682.195120475987,0.877134588399265,Shuffle by Year + Shuffle by Month,Shuffle by Year + Shuffle by Month,out\Shuffle_by_Year_+_Shuffle_by_Month,42,2026-02-20T01:40:15.122811Z,604800
1515157261,1515762061,604800,664,3630.2441528989307,3630.2441528989307,1.0,Shuffle by Year + Shuffle by Month,Shuffle by Year + Shuffle by Month,out\Shuffle_by_Year_+_Shuffle_by_Month,42,2026-02-20T01:40:15.122811Z,604800
1515762061,1516366861,604800,561,2967.5999996315154,2967.5999996315154,1.0,Shuffle by Year + Shuffle by Month,Shuffle by Year + Shuffle by Month,out\Shuffle_by_Year_+_Shuffle_by_Month,42,2026-02-20T01:40:15.122811Z,604800
1516366861,1516971661,604800,661,3600.4744055305882,3600.4744055305882,1.0,Shuffle by Year + Shuffle by Month,Shuffle by Year + Shuffle by Month,out\Shuffle_by_Year_+_Shuffle_by_Month,42,2026-02-20T01:40:15.122811Z,604800
1516971661,1517576461,604800,606,3000.42862590008,3258.798759892516,0.9207161432696268,Shuffle by Year + Shuffle by Month,Shuffle by Year + Shuffle by Month,out\Shuffle_by_Year_+_Shuffle_by_Month,42,2026-02-20T01:40:15.122811Z,604800
1517576461,1518181261,604800,653,3560.062715992435,3560.062715992435,1.0,Shuffle by Year + Shuffle by Month,Shuffle by Year + Shuffle by Month,out\Shuffle_by_Year_+_Shuffle_by_Month,42,2026-02-20T01:40:15.122811Z,604800
1518181261,1518786061,604800,659,3596.0938600948884,3596.0938600948884,1.0,Shuffle by Year + Shuffle by Month,Shuffle by Year + Shuffle by Month,out\Shuffle_by_Year_+_Shuffle_by_Month,42,2026-02-20T01:40:15.122811Z,604800
1518786061,1519390861,604800,648,3515.768894474254,3515.768894474254,1.0,Shuffle by Year + Shuffle by Month,Shuffle by Year + Shuffle by Month,out\Shuffle_by_Year_+_Shuffle_by_Month,42,2026-02-20T01:40:15.122811Z,604800
1519390861,1519995661,604800,627,3109.2926290525297,3384.5913015999768,0.9186611770770353,Shuffle by Year + Shuffle by Month,Shuffle by Year + Shuffle by Month,out\Shuffle_by_Year_+_Shuffle_by_Month,42,2026-02-20T01:40:15.122811Z,604800
1519995661,1520600461,604800,599,3207.22380524989,3207.22380524989,1.0,Shuffle by Year + Shuffle by Month,Shuffle by Year + Shuffle by Month,out\Shuffle_by_Year_+_Shuffle_by_Month,42,2026-02-20T01:40:15.122811Z,604800
1520600461,1521205261,604800,571,3034.578160835912,3034.578160835912,1.0,Shuffle by Year + Shuffle by Month,Shuffle by Year + Shuffle by Month,out\Shuffle_by_Year_+_Shuffle_by_Month,42,2026-02-20T01:40:15.122811Z,604800
1521205261,1521810061,604800,619,3329.707368116976,3329.707368116976,1.0,Shuffle by Year + Shuffle by Month,Shuffle by Year + Shuffle by Month,out\Shuffle_by_Year_+_Shuffle_by_Month,42,2026-02-20T01:40:15.122811Z,604800
1521810061,1522414861,604800,609,3270.810127955201,3270.810127955201,1.0,Shuffle by Year + Shuffle by Month,Shuffle by Year + Shuffle by Month,out\Shuffle_by_Year_+_Shuffle_by_Month,42,2026-02-20T01:40:15.122811Z,604800
1522414861,1523019661,604800,537,2529.207505677242,2827.6815136149503,0.894445676961641,Shuffle by Year + Shuffle by Month,Shuffle by Year + Shuffle by Month,out\Shuffle_by_Year_+_Shuffle_by_Month,42,2026-02-20T01:40:15.122811Z,604800
1523019661,1523624461,604800,602,3227.518199573618,3227.518199573618,1.0,Shuffle by Year + Shuffle by Month,Shuffle by Year + Shuffle by Month,out\Shuffle_by_Year_+_Shuffle_by_Month,42,2026-02-20T01:40:15.122811Z,604800
1523624461,1524229261,604800,621,3356.196924730215,3356.196924730215,1.0,Shuffle by Year + Shuffle by Month,Shuffle by Year + Shuffle by Month,out\Shuffle_by_Year_+_Shuffle_by_Month,42,2026-02-20T01:40:15.122811Z,604800
1524229261,1524834061,604800,646,3512.8144000836915,3512.8144000836915,1.0,Shuffle by Year + Shuffle by Month,Shuffle by Year + Shuffle by Month,out\Shuffle_by_Year_+_Shuffle_by_Month,42,2026-02-20T01:40:15.122811Z,604800
1524834061,1525438861,604800,590,2747.886091561727,3152.329527026614,0.871700140484243,Shuffle by Year + Shuffle by Month,Shuffle by Year + Shuffle by Month,out\Shuffle_by_Year_+_Shuffle_by_Month,42,2026-02-20T01:40:15.122811Z,604800
1525438861,1526043661,604800,602,3226.8250523930583,3226.8250523930583,1.0,Shuffle by Year + Shuffle by Month,Shuffle by Year + Shuffle by Month,out\Shuffle_by_Year_+_Shuffle_by_Month,42,2026-02-20T01:40:15.122811Z,604800
1526043661,1526648461,604800,586,3121.1562660582003,3121.1562660582003,1.0,Shuffle by Year + Shuffle by Month,Shuffle by Year + Shuffle by Month,out\Shuffle_by_Year_+_Shuffle_by_Month,42,2026-02-20T01:40:15.122811Z,604800
1526648461,1527253261,604800,609,3276.9306695445844,3276.9306695445844,1.0,Shuffle by Year + Shuffle by Month,Shuffle by Year + Shuffle by Month,out\Shuffle_by_Year_+_Shuffle_by_Month,42,2026-02-20T01:40:15.122811Z,604800
1527253261,1527858061,604800,565,2978.090384564768,2995.3037847063247,0.9942532038888856,Shuffle by Year + Shuffle by Month,Shuffle by Year + Shuffle by Month,out\Shuffle_by_Year_+_Shuffle_by_Month,42,2026-02-20T01:40:15.122811Z,604800
1527858061,1528462861,604800,613,3300.9203462458,3300.9203462458,1.0,Shuffle by Year + Shuffle by Month,Shuffle by Year + Shuffle by Month,out\Shuffle_by_Year_+_Shuffle_by_Month,42,2026-02-20T01:40:15.122811Z,604800
1528462861,1529067661,604800,634,3437.0593443895077,3437.0593443895077,1.0,Shuffle by Year + Shuffle by Month,Shuffle by Year + Shuffle by Month,out\Shuffle_by_Year_+_Shuffle_by_Month,42,2026-02-20T01:40:15.122811Z,604800
1529067661,1529672461,604800,599,3213.985378018694,3213.985378018694,1.0,Shuffle by Year + Shuffle by Month,Shuffle by Year + Shuffle by Month,out\Shuffle_by_Year_+_Shuffle_by_Month,42,2026-02-20T01:40:15.122811Z,604800
1529672461,1530277261,604800,589,3150.108287573074,3150.108287573074,1.0,Shuffle by Year + Shuffle by Month,Shuffle by Year + Shuffle by Month,out\Shuffle_by_Year_+_Shuffle_by_Month,42,2026-02-20T01:40:15.122811Z,604800
1530277261,1530882061,604800,518,2418.842384906931,2707.471094331352,0.8933954604247761,Shuffle by Year + Shuffle by Month,Shuffle by Year + Shuffle by Month,out\Shuffle_by_Year_+_Shuffle_by_Month,42,2026-02-20T01:40:15.122811Z,604800
1530882061,1531486861,604800,614,3306.6471939933867,3306.6471939933867,1.0,Shuffle by Year + Shuffle by Month,Shuffle by Year + Shuffle by Month,out\Shuffle_by_Year_+_Shuffle_by_Month,42,2026-02-20T01:40:15.122811Z,604800
1531486861,1532091661,604800,598,3204.4120625902306,3204.4120625902306,1.0,Shuffle by Year + Shuffle by Month,Shuffle by Year + Shuffle by Month,out\Shuffle_by_Year_+_Shuffle_by_Month,42,2026-02-20T01:40:15.122811Z,604800
1532091661,1532696461,604800,595,3186.0472442720384,3186.0472442720384,1.0,Shuffle by Year + Shuffle by Month,Shuffle by Year + Shuffle by Month,out\Shuffle_by_Year_+_Shuffle_by_Month,42,2026-02-20T01:40:15.122811Z,604800
1532696461,1533301261,604800,528,2422.906405885031,2760.947617728757,0.8775633374305705,Shuffle by Year + Shuffle by Month,Shuffle by Year + Shuffle by Month,out\Shuffle_by_Year_+_Shuffle_by_Month,42,2026-02-20T01:40:15.122811Z,604800
1533301261,1533906061,604800,619,3337.7906967257622,3337.7906967257622,1.0,Shuffle by Year + Shuffle by Month,Shuffle by Year + Shuffle by Month,out\Shuffle_by_Year_+_Shuffle_by_Month,42,2026-02-20T01:40:15.122811Z,604800
1533906061,1534510861,604800,607,3263.127847141896,3263.127847141896,1.0,Shuffle by Year + Shuffle by Month,Shuffle by Year + Shuffle by Month,out\Shuffle_by_Year_+_Shuffle_by_Month,42,2026-02-20T01:40:15.122811Z,604800
1534510861,1535115661,604800,629,3402.447786322721,3402.447786322721,1.0,Shuffle by Year + Shuffle by Month,Shuffle by Year + Shuffle by Month,out\Shuffle_by_Year_+_Shuffle_by_Month,42,2026-02-20T01:40:15.122811Z,604800
1535115661,1535720461,604800,642,3470.76255558858,3470.76255558858,1.0,Shuffle by Year + Shuffle by Month,Shuffle by Year + Shuffle by Month,out\Shuffle_by_Year_+_Shuffle_by_Month,42,2026-02-20T01:40:15.122811Z,604800
1535720461,1536325261,604800,551,2681.954394431323,2908.947809315723,0.9219671751560933,Shuffle by Year + Shuffle by Month,Shuffle by Year + Shuffle by Month,out\Shuffle_by_Year_+_Shuffle_by_Month,42,2026-02-20T01:40:15.122811Z,604800
1536325261,1536930061,604800,587,3132.5011041776042,3132.5011041776042,1.0,Shuffle by Year + Shuffle by Month,Shuffle by Year + Shuffle by Month,out\Shuffle_by_Year_+_Shuffle_by_Month,42,2026-02-20T01:40:15.122811Z,604800
1536930061,1537534861,604800,606,3258.105612711956,3258.105612711956,1.0,Shuffle by Year + Shuffle by Month,Shuffle by Year + Shuffle by Month,out\Shuffle_by_Year_+_Shuffle_by_Month,42,2026-02-20T01:40:15.122811Z,604800
1537534861,1538139661,604800,602,3225.8442231400463,3225.8442231400463,1.0,Shuffle by Year + Shuffle by Month,Shuffle by Year + Shuffle by Month,out\Shuffle_by_Year_+_Shuffle_by_Month,42,2026-02-20T01:40:15.122811Z,604800
1538139661,1538744461,604800,589,2766.8929033483846,3137.5138552873386,0.8818743218251025,Shuffle by Year + Shuffle by Month,Shuffle by Year + Shuffle by Month,out\Shuffle_by_Year_+_Shuffle_by_Month,42,2026-02-20T01:40:15.122811Z,604800
1538744461,1539349261,604800,627,3398.2843461743805,3398.2843461743805,1.0,Shuffle by Year + Shuffle by Month,Shuffle by Year + Shuffle by Month,out\Shuffle_by_Year_+_Shuffle_by_Month,42,2026-02-20T01:40:15.122811Z,604800
1539349261,1539954061,604800,573,3047.5658676164576,3047.5658676164576,1.0,Shuffle by Year + Shuffle by Month,Shuffle by Year + Shuffle by Month,out\Shuffle_by_Year_+_Shuffle_by_Month,42,2026-02-20T01:40:15.122811Z,604800
1539954061,1540558861,604800,573,3045.08096096667,3045.08096096667,1.0,Shuffle by Year + Shuffle by Month,Shuffle by Year + Shuffle by Month,out\Shuffle_by_Year_+_Shuffle_by_Month,42,2026-02-20T01:40:15.122811Z,604800
1540558861,1541163661,604800,595,2905.5769071417067,3184.2554848028103,0.9124823435207614,Shuffle by Year + Shuffle by Month,Shuffle by Year + Shuffle by Month,out\Shuffle_by_Year_+_Shuffle_by_Month,42,2026-02-20T01:40:15.122811Z,604800
1541163661,1541768461,604800,611,3279.649699824975,3279.649699824975,1.0,Shuffle by Year + Shuffle by Month,Shuffle by Year + Shuffle by Month,out\Shuffle_by_Year_+_Shuffle_by_Month,42,2026-02-20T01:40:15.122811Z,604800
1541768461,1542373261,604800,610,3277.3934859491637,3277.3934859491637,1.0,Shuffle by Year + Shuffle by Month,Shuffle by Year + Shuffle by Month,out\Shuffle_by_Year_+_Shuffle_by_Month,42,2026-02-20T01:40:15.122811Z,604800
1542373261,1542978061,604800,517,2700.9334370166416,2700.9334370166416,1.0,Shuffle by Year + Shuffle by Month,Shuffle by Year + Shuffle by Month,out\Shuffle_by_Year_+_Shuffle_by_Month,42,2026-02-20T01:40:15.122811Z,604800
1542978061,1543582861,604800,587,3132.788786250056,3132.788786250056,1.0,Shuffle by Year + Shuffle by Month,Shuffle by Year + Shuffle by Month,out\Shuffle_by_Year_+_Shuffle_by_Month,42,2026-02-20T01:40:15.122811Z,604800
1543582861,1544187661,604800,592,2918.627966729865,3164.4017024983445,0.9223316889336656,Shuffle by Year + Shuffle by Month,Shuffle by Year + Shuffle by Month,out\Shuffle_by_Year_+_Shuffle_by_Month,42,2026-02-20T01:40:15.122811Z,604800
1544187661,1544792461,604800,534,2809.522261793035,2809.522261793035,1.0,Shuffle by Year + Shuffle by Month,Shuffle by Year + Shuffle by Month,out\Shuffle_by_Year_+_Shuffle_by_Month,42,2026-02-20T01:40:15.122811Z,604800
1544792461,1545397261,604800,619,3345.0098506038134,3345.0098506038134,1.0,Shuffle by Year + Shuffle by Month,Shuffle by Year + Shuffle by Month,out\Shuffle_by_Year_+_Shuffle_by_Month,42,2026-02-20T01:40:15.122811Z,604800
1545397261,1546002061,604800,473,2430.3878375533186,2430.3878375533186,1.0,Shuffle by Year + Shuffle by Month,Shuffle by Year + Shuffle by Month,out\Shuffle_by_Year_+_Shuffle_by_Month,42,2026-02-20T01:40:15.122811Z,604800
1546002061,1546606861,604800,525,2393.9940556778834,2752.778793463484,0.8696645227587699,Shuffle by Year + Shuffle by Month,Shuffle by Year + Shuffle by Month,out\Shuffle_by_Year_+_Shuffle_by_Month,42,2026-02-20T01:40:15.122811Z,604800
1546606861,1547211661,604800,618,3333.6119320315534,3333.6119320315534,1.0,Shuffle by Year + Shuffle by Month,Shuffle by Year + Shuffle by Month,out\Shuffle_by_Year_+_Shuffle_by_Month,42,2026-02-20T01:40:15.122811Z,604800
1547211661,1547816461,604800,579,3083.5104687496882,3083.5104687496882,1.0,Shuffle by Year + Shuffle by Month,Shuffle by Year + Shuffle by Month,out\Shuffle_by_Year_+_Shuffle_by_Month,42,2026-02-20T01:40:15.122811Z,604800
1547816461,1548421261,604800,538,2829.1173419111924,2829.1173419111924,1.0,Shuffle by Year + Shuffle by Month,Shuffle by Year + Shuffle by Month,out\Shuffle_by_Year_+_Shuffle_by_Month,42,2026-02-20T01:40:15.122811Z,604800
1548421261,1549026061,604800,537,2791.3153096999895,2822.4240182429226,0.9889780173560528,Shuffle by Year + Shuffle by Month,Shuffle by Year + Shuffle by Month,out\Shuffle_by_Year_+_Shuffle_by_Month,42,2026-02-20T01:40:15.122811Z,604800
1549026061,1549630861,604800,573,3043.69466660555,3043.69466660555,1.0,Shuffle by Year + Shuffle by Month,Shuffle by Year + Shuffle by Month,out\Shuffle_by_Year_+_Shuffle_by_Month,42,2026-02-20T01:40:15.122811Z,604800
1549630861,1550235661,604800,565,2999.4626677896845,2999.4626677896845,1.0,Shuffle by Year + Shuffle by Month,Shuffle by Year + Shuffle by Month,out\Shuffle_by_Year_+_Shuffle_by_Month,42,2026-02-20T01:40:15.122811Z,604800
1550235661,1550840461,604800,590,3156.893875218082,3156.893875218082,1.0,Shuffle by Year + Shuffle by Month,Shuffle by Year + Shuffle by Month,out\Shuffle_by_Year_+_Shuffle_by_Month,42,2026-02-20T01:40:15.122811Z,604800
1550840461,1551445261,604800,584,3080.007900945068,3116.0359534075506,0.9884378572644247,Shuffle by Year + Shuffle by Month,Shuffle by Year + Shuffle by Month,out\Shuffle_by_Year_+_Shuffle_by_Month,42,2026-02-20T01:40:15.122811Z,604800
1551445261,1552050061,604800,554,2925.1212913280306,2925.1212913280306,1.0,Shuffle by Year + Shuffle by Month,Shuffle by Year + Shuffle by Month,out\Shuffle_by_Year_+_Shuffle_by_Month,42,2026-02-20T01:40:15.122811Z,604800
1552050061,1552654861,604800,588,3138.1846839449427,3138.1846839449427,1.0,Shuffle by Year + Shuffle by Month,Shuffle by Year + Shuffle by Month,out\Shuffle_by_Year_+_Shuffle_by_Month,42,2026-02-20T01:40:15.122811Z,604800
1552654861,1553259661,604800,586,3126.295978394572,3126.295978394572,1.0,Shuffle by Year + Shuffle by Month,Shuffle by Year + Shuffle by Month,out\Shuffle_by_Year_+_Shuffle_by_Month,42,2026-02-20T01:40:15.122811Z,604800
1553259661,1553864461,604800,570,3022.450028110464,3022.450028110464,1.0,Shuffle by Year + Shuffle by Month,Shuffle by Year + Shuffle by Month,out\Shuffle_by_Year_+_Shuffle_by_Month,42,2026-02-20T01:40:15.122811Z,604800
1553864461,1554469261,604800,590,2778.8117805435336,3146.95424861893,0.8830162630305289,Shuffle by Year + Shuffle by Month,Shuffle by Year + Shuffle by Month,out\Shuffle_by_Year_+_Shuffle_by_Month,42,2026-02-20T01:40:15.122811Z,604800
1554469261,1555074061,604800,611,3278.6688705719635,3278.6688705719635,1.0,Shuffle by Year + Shuffle by Month,Shuffle by Year + Shuffle by Month,out\Shuffle_by_Year_+_Shuffle_by_Month,42,2026-02-20T01:40:15.122811Z,604800
1555074061,1555678861,604800,559,2956.9040004482863,2956.9040004482863,1.0,Shuffle by Year + Shuffle by Month,Shuffle by Year + Shuffle by Month,out\Shuffle_by_Year_+_Shuffle_by_Month,42,2026-02-20T01:40:15.122811Z,604800
1555678861,1556283661,604800,609,3282.188164916612,3282.188164916612,1.0,Shuffle by Year + Shuffle by Month,Shuffle by Year + Shuffle by Month,out\Shuffle_by_Year_+_Shuffle_by_Month,42,2026-02-20T01:40:15.122811Z,604800
1556283661,1556888461,604800,549,2551.1876370163227,2898.0001326619154,0.8803269566012638,Shuffle by Year + Shuffle by Month,Shuffle by Year + Shuffle by Month,out\Shuffle_by_Year_+_Shuffle_by_Month,42,2026-02-20T01:40:15.122811Z,604800
1556888461,1557493261,604800,604,3245.1757212321995,3245.1757212321995,1.0,Shuffle by Year + Shuffle by Month,Shuffle by Year + Shuffle by Month,out\Shuffle_by_Year_+_Shuffle_by_Month,42,2026-02-20T01:40:15.122811Z,604800
1557493261,1558098061,604800,579,3088.767964121716,3088.767964121716,1.0,Shuffle by Year + Shuffle by Month,Shuffle by Year + Shuffle by Month,out\Shuffle_by_Year_+_Shuffle_by_Month,42,2026-02-20T01:40:15.122811Z,604800
1558098061,1558702861,604800,566,3005.2258977229835,3005.2258977229835,1.0,Shuffle by Year + Shuffle by Month,Shuffle by Year + Shuffle by Month,out\Shuffle_by_Year_+_Shuffle_by_Month,42,2026-02-20T01:40:15.122811Z,604800
1558702861,1559307661,604800,565,2995.421567741981,2995.421567741981,1.0,Shuffle by Year + Shuffle by Month,Shuffle by Year + Shuffle by Month,out\Shuffle_by_Year_+_Shuffle_by_Month,42,2026-02-20T01:40:15.122811Z,604800
1559307661,1559912461,604800,568,2801.0458132909844,3019.7001379146604,0.9275907160852488,Shuffle by Year + Shuffle by Month,Shuffle by Year + Shuffle by Month,out\Shuffle_by_Year_+_Shuffle_by_Month,42,2026-02-20T01:40:15.122811Z,604800
1559912461,1560517261,604800,532,2790.0318727243093,2790.0318727243093,1.0,Shuffle by Year + Shuffle by Month,Shuffle by Year + Shuffle by Month,out\Shuffle_by_Year_+_Shuffle_by_Month,42,2026-02-20T01:40:15.122811Z,604800
1560517261,1561122061,604800,572,3038.7300752499555,3038.7300752499555,1.0,Shuffle by Year + Shuffle by Month,Shuffle by Year + Shuffle by Month,out\Shuffle_by_Year_+_Shuffle_by_Month,42,2026-02-20T01:40:15.122811Z,604800
1561122061,1561726861,604800,545,2872.4910090828394,2872.4910090828394,1.0,Shuffle by Year + Shuffle by Month,Shuffle by Year + Shuffle by Month,out\Shuffle_by_Year_+_Shuffle_by_Month,42,2026-02-20T01:40:15.122811Z,604800
1561726861,1562331661,604800,532,2430.213235441459,2790.725019904869,0.8708178763969733,Shuffle by Year + Shuffle by Month,Shuffle by Year + Shuffle by Month,out\Shuffle_by_Year_+_Shuffle_by_Month,42,2026-02-20T01:40:15.122811Z,604800
1562331661,1562936461,604800,534,2806.461990998343,2806.461990998343,1.0,Shuffle by Year + Shuffle by Month,Shuffle by Year + Shuffle by Month,out\Shuffle_by_Year_+_Shuffle_by_Month,42,2026-02-20T01:40:15.122811Z,604800
1562936461,1563541261,604800,538,2824.840675792176,2824.840675792176,1.0,Shuffle by Year + Shuffle by Month,Shuffle by Year + Shuffle by Month,out\Shuffle_by_Year_+_Shuffle_by_Month,42,2026-02-20T01:40:15.122811Z,604800
1563541261,1564146061,604800,576,3070.5001757251785,3070.5001757251785,1.0,Shuffle by Year + Shuffle by Month,Shuffle by Year + Shuffle by Month,out\Shuffle_by_Year_+_Shuffle_by_Month,42,2026-02-20T01:40:15.122811Z,604800
1564146061,1564750861,604800,569,2748.000509145062,3025.6385532406784,0.9082381985785295,Shuffle by Year + Shuffle by Month,Shuffle by Year + Shuffle by Month,out\Shuffle_by_Year_+_Shuffle_by_Month,42,2026-02-20T01:40:15.122811Z,604800
1564750861,1565355661,604800,577,3069.115615969871,3069.115615969871,1.0,Shuffle by Year + Shuffle by Month,Shuffle by Year + Shuffle by Month,out\Shuffle_by_Year_+_Shuffle_by_Month,42,2026-02-20T01:40:15.122811Z,604800
1565355661,1565960461,604800,586,3128.2055208994566,3128.2055208994566,1.0,Shuffle by Year + Shuffle by Month,Shuffle by Year + Shuffle by Month,out\Shuffle_by_Year_+_Shuffle_by_Month,42,2026-02-20T01:40:15.122811Z,604800
1565960461,1566565261,604800,548,2880.8893614038984,2880.8893614038984,1.0,Shuffle by Year + Shuffle by Month,Shuffle by Year + Shuffle by Month,out\Shuffle_by_Year_+_Shuffle_by_Month,42,2026-02-20T01:40:15.122811Z,604800
1566565261,1567170061,604800,531,2790.3990189681153,2790.3990189681153,1.0,Shuffle by Year + Shuffle by Month,Shuffle by Year + Shuffle by Month,out\Shuffle_by_Year_+_Shuffle_by_Month,42,2026-02-20T01:40:15.122811Z,604800
1567170061,1567774861,604800,519,2405.245965569243,2713.147634069615,0.8865149597338602,Shuffle by Year + Shuffle by Month,Shuffle by Year + Shuffle by Month,out\Shuffle_by_Year_+_Shuffle_by_Month,42,2026-02-20T01:40:15.122811Z,604800
1567774861,1568379661,604800,591,3158.0181958634607,3158.0181958634607,1.0,Shuffle by Year + Shuffle by Month,Shuffle by Year + Shuffle by Month,out\Shuffle_by_Year_+_Shuffle_by_Month,42,2026-02-20T01:40:15.122811Z,604800
1568379661,1568984461,604800,599,3209.015564719118,3209.015564719118,1.0,Shuffle by Year + Shuffle by Month,Shuffle by Year + Shuffle by Month,out\Shuffle_by_Year_+_Shuffle_by_Month,42,2026-02-20T01:40:15.122811Z,604800
1568984461,1569589261,604800,555,2929.3608179000976,2929.3608179000976,1.0,Shuffle by Year + Shuffle by Month,Shuffle by Year + Shuffle by Month,out\Shuffle_by_Year_+_Shuffle_by_Month,42,2026-02-20T01:40:15.122811Z,604800
1569589261,1570194061,604800,557,2555.726071786198,2938.4206324958186,0.8697618181422279,Shuffle by Year + Shuffle by Month,Shuffle by Year + Shuffle by Month,out\Shuffle_by_Year_+_Shuffle_by_Month,42,2026-02-20T01:40:15.122811Z,604800
1570194061,1570798861,604800,534,2798.837372012184,2798.837372012184,1.0,Shuffle by Year + Shuffle by Month,Shuffle by Year + Shuffle by Month,out\Shuffle_by_Year_+_Shuffle_by_Month,42,2026-02-20T01:40:15.122811Z,604800
1570798861,1571403661,604800,557,2943.6781278678463,2943.6781278678463,1.0,Shuffle by Year + Shuffle by Month,Shuffle by Year + Shuffle by Month,out\Shuffle_by_Year_+_Shuffle_by_Month,42,2026-02-20T01:40:15.122811Z,604800
1571403661,1572008461,604800,565,3003.7393339087007,3003.7393339087007,1.0,Shuffle by Year + Shuffle by Month,Shuffle by Year + Shuffle by Month,out\Shuffle_by_Year_+_Shuffle_by_Month,42,2026-02-20T01:40:15.122811Z,604800
1572008461,1572613261,604800,543,2842.7972389103284,2859.89127404132,0.9940228374112853,Shuffle by Year + Shuffle by Month,Shuffle by Year + Shuffle by Month,out\Shuffle_by_Year_+_Shuffle_by_Month,42,2026-02-20T01:40:15.122811Z,604800
1572613261,1573218061,604800,501,2597.4457963250024,2597.4457963250024,1.0,Shuffle by Year + Shuffle by Month,Shuffle by Year + Shuffle by Month,out\Shuffle_by_Year_+_Shuffle_by_Month,42,2026-02-20T01:40:15.122811Z,604800
1573218061,1573822861,604800,498,2586.4265950159033,2586.4265950159033,1.0,Shuffle by Year + Shuffle by Month,Shuffle by Year + Shuffle by Month,out\Shuffle_by_Year_+_Shuffle_by_Month,42,2026-02-20T01:40:15.122811Z,604800
1573822861,1574427661,604800,572,3041.9081290803033,3041.9081290803033,1.0,Shuffle by Year + Shuffle by Month,Shuffle by Year + Shuffle by Month,out\Shuffle_by_Year_+_Shuffle_by_Month,42,2026-02-20T01:40:15.122811Z,604800
1574427661,1575032461,604800,465,2373.8376495206544,2373.8376495206544,1.0,Shuffle by Year + Shuffle by Month,Shuffle by Year + Shuffle by Month,out\Shuffle_by_Year_+_Shuffle_by_Month,42,2026-02-20T01:40:15.122811Z,604800
1575032461,1575637261,604800,459,2110.259302338671,2342.5629885296726,0.9008335368873865,Shuffle by Year + Shuffle by Month,Shuffle by Year + Shuffle by Month,out\Shuffle_by_Year_+_Shuffle_by_Month,42,2026-02-20T01:40:15.122811Z,604800
1575637261,1576242061,604800,520,2714.8371146897225,2714.8371146897225,1.0,Shuffle by Year + Shuffle by Month,Shuffle by Year + Shuffle by Month,out\Shuffle_by_Year_+_Shuffle_by_Month,42,2026-02-20T01:40:15.122811Z,604800
1576242061,1576846861,604800,533,2795.9049290403673,2795.9049290403673,1.0,Shuffle by Year + Shuffle by Month,Shuffle by Year + Shuffle by Month,out\Shuffle_by_Year_+_Shuffle_by_Month,42,2026-02-20T01:40:15.122811Z,604800
1576846861,1577451661,604800,443,2245.8612288677937,2245.8612288677937,1.0,Shuffle by Year + Shuffle by Month,Shuffle by Year + Shuffle by Month,out\Shuffle_by_Year_+_Shuffle_by_Month,42,2026-02-20T01:40:15.122811Z,604800
1577451661,1578056461,604800,448,2016.5041507723656,2275.6696513108805,0.8861146210790196,Shuffle by Year + Shuffle by Month,Shuffle by Year + Shuffle by Month,out\Shuffle_by_Year_+_Shuffle_by_Month,42,2026-02-20T01:40:15.122811Z,604800
1578056461,1578661261,604800,587,3133.887398538724,3133.887398538724,1.0,Shuffle by Year + Shuffle by Month,Shuffle by Year + Shuffle by Month,out\Shuffle_by_Year_+_Shuffle_by_Month,42,2026-02-20T01:40:15.122811Z,604800
1578661261,1579266061,604800,550,2897.9539432794463,2897.9539432794463,1.0,Shuffle by Year + Shuffle by Month,Shuffle by Year + Shuffle by Month,out\Shuffle_by_Year_+_Shuffle_by_Month,42,2026-02-20T01:40:15.122811Z,604800
1579266061,1579870861,604800,484,2493.01880903047,2493.01880903047,1.0,Shuffle by Year + Shuffle by Month,Shuffle by Year + Shuffle by Month,out\Shuffle_by_Year_+_Shuffle_by_Month,42,2026-02-20T01:40:15.122811Z,604800
1579870861,1580475661,604800,532,2788.3578962907377,2788.3578962907377,1.0,Shuffle by Year + Shuffle by Month,Shuffle by Year + Shuffle by Month,out\Shuffle_by_Year_+_Shuffle_by_Month,42,2026-02-20T01:40:15.122811Z,604800
1580475661,1581080461,604800,560,2746.1235468315544,2963.637402340123,0.9266057799996662,Shuffle by Year + Shuffle by Month,Shuffle by Year + Shuffle by Month,out\Shuffle_by_Year_+_Shuffle_by_Month,42,2026-02-20T01:40:15.122811Z,604800
1581080461,1581685261,604800,565,2987.7969487558216,2987.7969487558216,1.0,Shuffle by Year + Shuffle by Month,Shuffle by Year + Shuffle by Month,out\Shuffle_by_Year_+_Shuffle_by_Month,42,2026-02-20T01:40:15.122811Z,604800
1581685261,1582290061,604800,539,2836.3878867351136,2836.3878867351136,1.0,Shuffle by Year + Shuffle by Month,Shuffle by Year + Shuffle by Month,out\Shuffle_by_Year_+_Shuffle_by_Month,42,2026-02-20T01:40:15.122811Z,604800
1582290061,1582894861,604800,474,2433.0833089722137,2433.0833089722137,1.0,Shuffle by Year + Shuffle by Month,Shuffle by Year + Shuffle by Month,out\Shuffle_by_Year_+_Shuffle_by_Month,42,2026-02-20T01:40:15.122811Z,604800
1582894861,1583499661,604800,476,2184.374463777987,2447.7791652446117,0.8923903327527906,Shuffle by Year + Shuffle by Month,Shuffle by Year + Shuffle by Month,out\Shuffle_by_Year_+_Shuffle_by_Month,42,2026-02-20T01:40:15.122811Z,604800
1583499661,1584104461,604800,492,2543.24258397967,2543.24258397967,1.0,Shuffle by Year + Shuffle by Month,Shuffle by Year + Shuffle by Month,out\Shuffle_by_Year_+_Shuffle_by_Month,42,2026-02-20T01:40:15.122811Z,604800
1584104461,1584709261,604800,450,2286.499627420267,2286.499627420267,1.0,Shuffle by Year + Shuffle by Month,Shuffle by Year + Shuffle by Month,out\Shuffle_by_Year_+_Shuffle_by_Month,42,2026-02-20T01:40:15.122811Z,604800
1584709261,1585314061,604800,312,1471.8241997480745,1471.8241997480745,1.0,Shuffle by Year + Shuffle by Month,Shuffle by Year + Shuffle by Month,out\Shuffle_by_Year_+_Shuffle_by_Month,42,2026-02-20T01:40:15.122811Z,604800
1585314061,1585918861,604800,241,936.0497510778068,1073.6950709359583,0.8718022243148014,Shuffle by Year + Shuffle by Month,Shuffle by Year + Shuffle by Month,out\Shuffle_by_Year_+_Shuffle_by_Month,42,2026-02-20T01:40:15.122811Z,604800
1585918861,1586523661,604800,257,1159.9242402895882,1159.9242402895882,1.0,Shuffle by Year + Shuffle by Month,Shuffle by Year + Shuffle by Month,out\Shuffle_by_Year_+_Shuffle_by_Month,42,2026-02-20T01:40:15.122811Z,604800
1586523661,1587128461,604800,252,1135.396053289657,1135.396053289657,1.0,Shuffle by Year + Shuffle by Month,Shuffle by Year + Shuffle by Month,out\Shuffle_by_Year_+_Shuffle_by_Month,42,2026-02-20T01:40:15.122811Z,604800
1587128461,1587733261,604800,300,1403.8154950561088,1403.8154950561088,1.0,Shuffle by Year + Shuffle by Month,Shuffle by Year + Shuffle by Month,out\Shuffle_by_Year_+_Shuffle_by_Month,42,2026-02-20T01:40:15.122811Z,604800
1587733261,1588338061,604800,329,1549.2401921854428,1573.4024545364036,0.9846433045268891,Shuffle by Year + Shuffle by Month,Shuffle by Year + Shuffle by Month,out\Shuffle_by_Year_+_Shuffle_by_Month,42,2026-02-20T01:40:15.122811Z,604800
1588338061,1588942861,604800,302,1405.4757272958745,1405.4757272958745,1.0,Shuffle by Year + Shuffle by Month,Shuffle by Year + Shuffle by Month,out\Shuffle_by_Year_+_Shuffle_by_Month,42,2026-02-20T01:40:15.122811Z,604800
1588942861,1589547661,604800,355,1715.6051197756738,1715.6051197756738,1.0,Shuffle by Year + Shuffle by Month,Shuffle by Year + Shuffle by Month,out\Shuffle_by_Year_+_Shuffle_by_Month,42,2026-02-20T01:40:15.122811Z,604800
1589547661,1590152461,604800,389,1916.5936973668345,1916.5936973668345,1.0,Shuffle by Year + Shuffle by Month,Shuffle by Year + Shuffle by Month,out\Shuffle_by_Year_+_Shuffle_by_Month,42,2026-02-20T01:40:15.122811Z,604800
1590152461,1590757261,604800,391,1927.4299393772756,1927.4299393772756,1.0,Shuffle by Year + Shuffle by Month,Shuffle by Year + Shuffle by Month,out\Shuffle_by_Year_+_Shuffle_by_Month,42,2026-02-20T01:40:15.122811Z,604800
1590757261,1591362061,604800,473,2106.702635135177,2417.1647966081605,0.8715593732340329,Shuffle by Year + Shuffle by Month,Shuffle by Year + Shuffle by Month,out\Shuffle_by_Year_+_Shuffle_by_Month,42,2026-02-20T01:40:15.122811Z,604800
1591362061,1591966861,604800,466,2374.606556747096,2374.606556747096,1.0,Shuffle by Year + Shuffle by Month,Shuffle by Year + Shuffle by Month,out\Shuffle_by_Year_+_Shuffle_by_Month,42,2026-02-20T01:40:15.122811Z,604800
1591966861,1592571661,604800,505,2622.3321213121408,2622.3321213121408,1.0,Shuffle by Year + Shuffle by Month,Shuffle by Year + Shuffle by Month,out\Shuffle_by_Year_+_Shuffle_by_Month,42,2026-02-20T01:40:15.122811Z,604800
1592571661,1593176461,604800,481,2465.7555320812226,2465.7555320812226,1.0,Shuffle by Year + Shuffle by Month,Shuffle by Year + Shuffle by Month,out\Shuffle_by_Year_+_Shuffle_by_Month,42,2026-02-20T01:40:15.122811Z,604800
1593176461,1593781261,604800,458,2047.5059954506573,2335.335326030944,0.8767503204477827,Shuffle by Year + Shuffle by Month,Shuffle by Year + Shuffle by Month,out\Shuffle_by_Year_+_Shuffle_by_Month,42,2026-02-20T01:40:15.122811Z,604800
1593781261,1594386061,604800,422,2120.457231935658,2120.457231935658,1.0,Shuffle by Year + Shuffle by Month,Shuffle by Year + Shuffle by Month,out\Shuffle_by_Year_+_Shuffle_by_Month,42,2026-02-20T01:40:15.122811Z,604800
1594386061,1594990861,604800,489,2521.3574188782745,2521.3574188782745,1.0,Shuffle by Year + Shuffle by Month,Shuffle by Year + Shuffle by Month,out\Shuffle_by_Year_+_Shuffle_by_Month,42,2026-02-20T01:40:15.122811Z,604800
1594990861,1595595661,604800,519,2709.8517972036107,2709.8517972036107,1.0,Shuffle by Year + Shuffle by Month,Shuffle by Year + Shuffle by Month,out\Shuffle_by_Year_+_Shuffle_by_Month,42,2026-02-20T01:40:15.122811Z,604800
1595595661,1596200461,604800,479,2461.4359628014827,2461.4359628014827,1.0,Shuffle by Year + Shuffle by Month,Shuffle by Year + Shuffle by Month,out\Shuffle_by_Year_+_Shuffle_by_Month,42,2026-02-20T01:40:15.122811Z,604800
1596200461,1596805261,604800,519,2506.4518511189553,2706.9093094445757,0.925946001358002,Shuffle by Year + Shuffle by Month,Shuffle by Year + Shuffle by Month,out\Shuffle_by_Year_+_Shuffle_by_Month,42,2026-02-20T01:40:15.122811Z,604800
1596805261,1597410061,604800,456,2327.3604395749517,2327.3604395749517,1.0,Shuffle by Year + Shuffle by Month,Shuffle by Year + Shuffle by Month,out\Shuffle_by_Year_+_Shuffle_by_Month,42,2026-02-20T01:40:15.122811Z,604800
1597410061,1598014861,604800,503,2612.9452574094857,2612.9452574094857,1.0,Shuffle by Year + Shuffle by Month,Shuffle by Year + Shuffle by Month,out\Shuffle_by_Year_+_Shuffle_by_Month,42,2026-02-20T01:40:15.122811Z,604800
1598014861,1598619661,604800,466,2383.44757105758,2383.44757105758,1.0,Shuffle by Year + Shuffle by Month,Shuffle by Year + Shuffle by Month,out\Shuffle_by_Year_+_Shuffle_by_Month,42,2026-02-20T01:40:15.122811Z,604800
1598619661,1599224461,604800,527,2391.2173044699366,2753.1223280471354,0.8685474234507016,Shuffle by Year + Shuffle by Month,Shuffle by Year + Shuffle by Month,out\Shuffle_by_Year_+_Shuffle_by_Month,42,2026-02-20T01:40:15.122811Z,604800
1599224461,1599829261,604800,508,2640.8998673969413,2640.8998673969413,1.0,Shuffle by Year + Shuffle by Month,Shuffle by Year + Shuffle by Month,out\Shuffle_by_Year_+_Shuffle_by_Month,42,2026-02-20T01:40:15.122811Z,604800
1599829261,1600434061,604800,479,2462.1291099820423,2462.1291099820423,1.0,Shuffle by Year + Shuffle by Month,Shuffle by Year + Shuffle by Month,out\Shuffle_by_Year_+_Shuffle_by_Month,42,2026-02-20T01:40:15.122811Z,604800
1600434061,1601038861,604800,436,2206.719613997564,2206.719613997564,1.0,Shuffle by Year + Shuffle by Month,Shuffle by Year + Shuffle by Month,out\Shuffle_by_Year_+_Shuffle_by_Month,42,2026-02-20T01:40:15.122811Z,604800
1601038861,1601643661,604800,433,1972.920422454013,2187.1072868279057,0.9020684235913544,Shuffle by Year + Shuffle by Month,Shuffle by Year + Shuffle by Month,out\Shuffle_by_Year_+_Shuffle_by_Month,42,2026-02-20T01:40:15.122811Z,604800
1601643661,1602248461,604800,473,2422.2399704233944,2422.2399704233944,1.0,Shuffle by Year + Shuffle by Month,Shuffle by Year + Shuffle by Month,out\Shuffle_by_Year_+_Shuffle_by_Month,42,2026-02-20T01:40:15.122811Z,604800
1602248461,1602853261,604800,487,2516.42946093231,2516.42946093231,1.0,Shuffle by Year + Shuffle by Month,Shuffle by Year + Shuffle by Month,out\Shuffle_by_Year_+_Shuffle_by_Month,42,2026-02-20T01:40:15.122811Z,604800
1602853261,1603458061,604800,466,2380.387300262888,2380.387300262888,1.0,Shuffle by Year + Shuffle by Month,Shuffle by Year + Shuffle by Month,out\Shuffle_by_Year_+_Shuffle_by_Month,42,2026-02-20T01:40:15.122811Z,604800
1603458061,1604062861,604800,466,2376.110634143872,2376.110634143872,1.0,Shuffle by Year + Shuffle by Month,Shuffle by Year + Shuffle by Month,out\Shuffle_by_Year_+_Shuffle_by_Month,42,2026-02-20T01:40:15.122811Z,604800
1604062861,1604667661,604800,431,1920.7360279082138,2168.6120158509634,0.8856983240289374,Shuffle by Year + Shuffle by Month,Shuffle by Year + Shuffle by Month,out\Shuffle_by_Year_+_Shuffle_by_Month,42,2026-02-20T01:40:15.122811Z,604800
1604667661,1605272461,604800,502,2595.9219944228785,2595.9219944228785,1.0,Shuffle by Year + Shuffle by Month,Shuffle by Year + Shuffle by Month,out\Shuffle_by_Year_+_Shuffle_by_Month,42,2026-02-20T01:40:15.122811Z,604800
1605272461,1605877261,604800,471,2408.4198186525405,2408.4198186525405,1.0,Shuffle by Year + Shuffle by Month,Shuffle by Year + Shuffle by Month,out\Shuffle_by_Year_+_Shuffle_by_Month,42,2026-02-20T01:40:15.122811Z,604800
1605877261,1606482061,604800,429,2148.1643563854527,2148.1643563854527,1.0,Shuffle by Year + Shuffle by Month,Shuffle by Year + Shuffle by Month,out\Shuffle_by_Year_+_Shuffle_by_Month,42,2026-02-20T01:40:15.122811Z,604800
1606482061,1607086861,604800,450,1977.5253175043974,2284.8777669878345,0.8654840736235001,Shuffle by Year + Shuffle by Month,Shuffle by Year + Shuffle by Month,out\Shuffle_by_Year_+_Shuffle_by_Month,42,2026-02-20T01:40:15.122811Z,604800
1607086861,1607691661,604800,476,2445.699723702932,2445.699723702932,1.0,Shuffle by Year + Shuffle by Month,Shuffle by Year + Shuffle by Month,out\Shuffle_by_Year_+_Shuffle_by_Month,42,2026-02-20T01:40:15.122811Z,604800
1607691661,1608296461,604800,494,2545.8237851074055,2545.8237851074055,1.0,Shuffle by Year + Shuffle by Month,Shuffle by Year + Shuffle by Month,out\Shuffle_by_Year_+_Shuffle_by_Month,42,2026-02-20T01:40:15.122811Z,604800
1608296461,1608901261,604800,428,2151.5192779219124,2151.5192779219124,1.0,Shuffle by Year + Shuffle by Month,Shuffle by Year + Shuffle by Month,out\Shuffle_by_Year_+_Shuffle_by_Month,42,2026-02-20T01:40:15.122811Z,604800
1608901261,1609506061,604800,382,1848.1978403814403,1873.1111702758142,0.9866994921125235,Shuffle by Year + Shuffle by Month,Shuffle by Year + Shuffle by Month,out\Shuffle_by_Year_+_Shuffle_by_Month,42,2026-02-20T01:40:15.122811Z,604800
1609506061,1610110861,604800,432,2173.6996121861957,2173.6996121861957,1.0,Shuffle by Year + Shuffle by Month,Shuffle by Year + Shuffle by Month,out\Shuffle_by_Year_+_Shuffle_by_Month,42,2026-02-20T01:40:15.122811Z,604800
1610110861,1610715661,604800,410,2036.1737214861166,2036.1737214861166,1.0,Shuffle by Year + Shuffle by Month,Shuffle by Year + Shuffle by Month,out\Shuffle_by_Year_+_Shuffle_by_Month,42,2026-02-20T01:40:15.122811Z,604800
1610715661,1611320461,604800,378,1853.334226880842,1853.334226880842,1.0,Shuffle by Year + Shuffle by Month,Shuffle by Year + Shuffle by Month,out\Shuffle_by_Year_+_Shuffle_by_Month,42,2026-02-20T01:40:15.122811Z,604800
1611320461,1611925261,604800,420,2101.7258040547913,2101.7258040547913,1.0,Shuffle by Year + Shuffle by Month,Shuffle by Year + Shuffle by Month,out\Shuffle_by_Year_+_Shuffle_by_Month,42,2026-02-20T01:40:15.122811Z,604800
1611925261,1612530061,604800,406,1763.0197294554955,2022.638759554584,0.8716434020298016,Shuffle by Year + Shuffle by Month,Shuffle by Year + Shuffle by Month,out\Shuffle_by_Year_+_Shuffle_by_Month,42,2026-02-20T01:40:15.122811Z,604800
1612530061,1613134861,604800,467,2383.643257762661,2383.643257762661,1.0,Shuffle by Year + Shuffle by Month,Shuffle by Year + Shuffle by Month,out\Shuffle_by_Year_+_Shuffle_by_Month,42,2026-02-20T01:40:15.122811Z,604800
1613134861,1613739661,604800,420,2103.805245596471,2103.805245596471,1.0,Shuffle by Year + Shuffle by Month,Shuffle by Year + Shuffle by Month,out\Shuffle_by_Year_+_Shuffle_by_Month,42,2026-02-20T01:40:15.122811Z,604800
1613739661,1614344461,604800,462,2362.7549374224623,2362.7549374224623,1.0,Shuffle by Year + Shuffle by Month,Shuffle by Year + Shuffle by Month,out\Shuffle_by_Year_+_Shuffle_by_Month,42,2026-02-20T01:40:15.122811Z,604800
1614344461,1614949261,604800,447,1990.6457532013787,2270.545687331477,0.8767256982795802,Shuffle by Year + Shuffle by Month,Shuffle by Year + Shuffle by Month,out\Shuffle_by_Year_+_Shuffle_by_Month,42,2026-02-20T01:40:15.122811Z,604800
1614949261,1615554061,604800,444,2248.0858524193172,2248.0858524193172,1.0,Shuffle by Year + Shuffle by Month,Shuffle by Year + Shuffle by Month,out\Shuffle_by_Year_+_Shuffle_by_Month,42,2026-02-20T01:40:15.122811Z,604800
1615554061,1616158861,604800,472,2417.061704287915,2417.061704287915,1.0,Shuffle by Year + Shuffle by Month,Shuffle by Year + Shuffle by Month,out\Shuffle_by_Year_+_Shuffle_by_Month,42,2026-02-20T01:40:15.122811Z,604800
1616158861,1616763661,604800,522,2726.25192003069,2726.25192003069,1.0,Shuffle by Year + Shuffle by Month,Shuffle by Year + Shuffle by Month,out\Shuffle_by_Year_+_Shuffle_by_Month,42,2026-02-20T01:40:15.122811Z,604800
1616763661,1617368461,604800,473,2191.392445386369,2426.922101650519,0.9029512912243994,Shuffle by Year + Shuffle by Month,Shuffle by Year + Shuffle by Month,out\Shuffle_by_Year_+_Shuffle_by_Month,42,2026-02-20T01:40:15.122811Z,604800
1617368461,1617973261,604800,475,2432.1973689349925,2432.1973689349925,1.0,Shuffle by Year + Shuffle by Month,Shuffle by Year + Shuffle by Month,out\Shuffle_by_Year_+_Shuffle_by_Month,42,2026-02-20T01:40:15.122811Z,604800
1617973261,1618578061,604800,507,2634.6693859493635,2634.6693859493635,1.0,Shuffle by Year + Shuffle by Month,Shuffle by Year + Shuffle by Month,out\Shuffle_by_Year_+_Shuffle_by_Month,42,2026-02-20T01:40:15.122811Z,604800
1618578061,1619182861,604800,512,2656.425041899066,2656.425041899066,1.0,Shuffle by Year + Shuffle by Month,Shuffle by Year + Shuffle by Month,out\Shuffle_by_Year_+_Shuffle_by_Month,42,2026-02-20T01:40:15.122811Z,604800
1619182861,1619787661,604800,543,2855.326925849852,2855.326925849852,1.0,Shuffle by Year + Shuffle by Month,Shuffle by Year + Shuffle by Month,out\Shuffle_by_Year_+_Shuffle_by_Month,42,2026-02-20T01:40:15.122811Z,604800
1619787661,1620392461,604800,501,2427.225396740812,2597.7334783974543,0.9343627500378411,Shuffle by Year + Shuffle by Month,Shuffle by Year + Shuffle by Month,out\Shuffle_by_Year_+_Shuffle_by_Month,42,2026-02-20T01:40:15.122811Z,604800
1620392461,1620997261,604800,500,2595.9634374521806,2595.9634374521806,1.0,Shuffle by Year + Shuffle by Month,Shuffle by Year + Shuffle by Month,out\Shuffle_by_Year_+_Shuffle_by_Month,42,2026-02-20T01:40:15.122811Z,604800
1620997261,1621602061,604800,554,2921.2500903171226,2921.2500903171226,1.0,Shuffle by Year + Shuffle by Month,Shuffle by Year + Shuffle by Month,out\Shuffle_by_Year_+_Shuffle_by_Month,42,2026-02-20T01:40:15.122811Z,604800
1621602061,1622206861,604800,544,2867.2888355768446,2867.2888355768446,1.0,Shuffle by Year + Shuffle by Month,Shuffle by Year + Shuffle by Month,out\Shuffle_by_Year_+_Shuffle_by_Month,42,2026-02-20T01:40:15.122811Z,604800
1622206861,1622811661,604800,477,2117.0480698139168,2444.2426212076607,0.8661366312186789,Shuffle by Year + Shuffle by Month,Shuffle by Year + Shuffle by Month,out\Shuffle_by_Year_+_Shuffle_by_Month,42,2026-02-20T01:40:15.122811Z,604800
1622811661,1623416461,604800,513,2677.0515094992,2677.0515094992,1.0,Shuffle by Year + Shuffle by Month,Shuffle by Year + Shuffle by Month,out\Shuffle_by_Year_+_Shuffle_by_Month,42,2026-02-20T01:40:15.122811Z,604800
1623416461,1624021261,604800,568,3016.927549192421,3016.927549192421,1.0,Shuffle by Year + Shuffle by Month,Shuffle by Year + Shuffle by Month,out\Shuffle_by_Year_+_Shuffle_by_Month,42,2026-02-20T01:40:15.122811Z,604800
1624021261,1624626061,604800,532,2791.8236321935374,2791.8236321935374,1.0,Shuffle by Year + Shuffle by Month,Shuffle by Year + Shuffle by Month,out\Shuffle_by_Year_+_Shuffle_by_Month,42,2026-02-20T01:40:15.122811Z,604800
1624626061,1625230861,604800,493,2328.250126326699,2547.0759695395814,0.9140874297312623,Shuffle by Year + Shuffle by Month,Shuffle by Year + Shuffle by Month,out\Shuffle_by_Year_+_Shuffle_by_Month,42,2026-02-20T01:40:15.122811Z,604800
1625230861,1625835661,604800,460,2350.4859744883843,2350.4859744883843,1.0,Shuffle by Year + Shuffle by Month,Shuffle by Year + Shuffle by Month,out\Shuffle_by_Year_+_Shuffle_by_Month,42,2026-02-20T01:40:15.122811Z,604800
1625835661,1626440461,604800,538,2833.276224994552,2833.276224994552,1.0,Shuffle by Year + Shuffle by Month,Shuffle by Year + Shuffle by Month,out\Shuffle_by_Year_+_Shuffle_by_Month,42,2026-02-20T01:40:15.122811Z,604800
1626440461,1627045261,604800,511,2656.047747667925,2656.047747667925,1.0,Shuffle by Year + Shuffle by Month,Shuffle by Year + Shuffle by Month,out\Shuffle_by_Year_+_Shuffle_by_Month,42,2026-02-20T01:40:15.122811Z,604800
1627045261,1627650061,604800,544,2861.2204099886003,2861.2204099886003,1.0,Shuffle by Year + Shuffle by Month,Shuffle by Year + Shuffle by Month,out\Shuffle_by_Year_+_Shuffle_by_Month,42,2026-02-20T01:40:15.122811Z,604800
1627650061,1628254861,604800,501,2320.416323364055,2602.990973769482,0.8914423241367523,Shuffle by Year + Shuffle by Month,Shuffle by Year + Shuffle by Month,out\Shuffle_by_Year_+_Shuffle_by_Month,42,2026-02-20T01:40:15.122811Z,604800
1628254861,1628859661,604800,469,2395.536863718917,2395.536863718917,1.0,Shuffle by Year + Shuffle by Month,Shuffle by Year + Shuffle by Month,out\Shuffle_by_Year_+_Shuffle_by_Month,42,2026-02-20T01:40:15.122811Z,604800
1628859661,1629464461,604800,498,2581.1690996438756,2581.1690996438756,1.0,Shuffle by Year + Shuffle by Month,Shuffle by Year + Shuffle by Month,out\Shuffle_by_Year_+_Shuffle_by_Month,42,2026-02-20T01:40:15.122811Z,604800
1629464461,1630069261,604800,471,2409.348531904413,2409.348531904413,1.0,Shuffle by Year + Shuffle by Month,Shuffle by Year + Shuffle by Month,out\Shuffle_by_Year_+_Shuffle_by_Month,42,2026-02-20T01:40:15.122811Z,604800
1630069261,1630674061,604800,507,2315.658687016953,2633.688556696352,0.8792454525912777,Shuffle by Year + Shuffle by Month,Shuffle by Year + Shuffle by Month,out\Shuffle_by_Year_+_Shuffle_by_Month,42,2026-02-20T01:40:15.122811Z,604800
1630674061,1631278861,604800,441,2236.44893793791,2236.44893793791,1.0,Shuffle by Year + Shuffle by Month,Shuffle by Year + Shuffle by Month,out\Shuffle_by_Year_+_Shuffle_by_Month,42,2026-02-20T01:40:15.122811Z,604800
1631278861,1631883661,604800,459,2341.464376241004,2341.464376241004,1.0,Shuffle by Year + Shuffle by Month,Shuffle by Year + Shuffle by Month,out\Shuffle_by_Year_+_Shuffle_by_Month,42,2026-02-20T01:40:15.122811Z,604800
1631883661,1632488461,604800,465,2380.3636562181455,2380.3636562181455,1.0,Shuffle by Year + Shuffle by Month,Shuffle by Year + Shuffle by Month,out\Shuffle_by_Year_+_Shuffle_by_Month,42,2026-02-20T01:40:15.122811Z,604800
1632488461,1633093261,604800,479,2439.2570950761155,2465.3071638123906,0.9894333375091521,Shuffle by Year + Shuffle by Month,Shuffle by Year + Shuffle by Month,out\Shuffle_by_Year_+_Shuffle_by_Month,42,2026-02-20T01:40:15.122811Z,604800
1633093261,1633698061,604800,501,2600.506067119694,2600.506067119694,1.0,Shuffle by Year + Shuffle by Month,Shuffle by Year + Shuffle by Month,out\Shuffle_by_Year_+_Shuffle_by_Month,42,2026-02-20T01:40:15.122811Z,604800
1633698061,1634302861,604800,503,2604.50970820711,2604.50970820711,1.0,Shuffle by Year + Shuffle by Month,Shuffle by Year + Shuffle by Month,out\Shuffle_by_Year_+_Shuffle_by_Month,42,2026-02-20T01:40:15.122811Z,604800
1634302861,1634907661,604800,487,2512.2705778489503,2512.2705778489503,1.0,Shuffle by Year + Shuffle by Month,Shuffle by Year + Shuffle by Month,out\Shuffle_by_Year_+_Shuffle_by_Month,42,2026-02-20T01:40:15.122811Z,604800
1634907661,1635512461,604800,473,2419.8728468092627,2419.8728468092627,1.0,Shuffle by Year + Shuffle by Month,Shuffle by Year + Shuffle by Month,out\Shuffle_by_Year_+_Shuffle_by_Month,42,2026-02-20T01:40:15.122811Z,604800
1635512461,1636117261,604800,410,1796.493255134709,2046.283247122064,0.8779299042111277,Shuffle by Year + Shuffle by Month,Shuffle by Year + Shuffle by Month,out\Shuffle_by_Year_+_Shuffle_by_Month,42,2026-02-20T01:40:15.122811Z,604800
1636117261,1636722061,604800,473,2422.6454355315027,2422.6454355315027,1.0,Shuffle by Year + Shuffle by Month,Shuffle by Year + Shuffle by Month,out\Shuffle_by_Year_+_Shuffle_by_Month,42,2026-02-20T01:40:15.122811Z,604800
1636722061,1637326861,604800,469,2404.377878029401,2404.377878029401,1.0,Shuffle by Year + Shuffle by Month,Shuffle by Year + Shuffle by Month,out\Shuffle_by_Year_+_Shuffle_by_Month,42,2026-02-20T01:40:15.122811Z,604800
1637326861,1637931661,604800,454,2305.701270891099,2305.701270891099,1.0,Shuffle by Year + Shuffle by Month,Shuffle by Year + Shuffle by Month,out\Shuffle_by_Year_+_Shuffle_by_Month,42,2026-02-20T01:40:15.122811Z,604800
1637931661,1638536461,604800,481,2165.6050039647967,2474.766445428502,0.8750744976218657,Shuffle by Year + Shuffle by Month,Shuffle by Year + Shuffle by Month,out\Shuffle_by_Year_+_Shuffle_by_Month,42,2026-02-20T01:40:15.122811Z,604800
1638536461,1639141261,604800,564,2977.6534605349043,2977.6534605349043,1.0,Shuffle by Year + Shuffle by Month,Shuffle by Year + Shuffle by Month,out\Shuffle_by_Year_+_Shuffle_by_Month,42,2026-02-20T01:40:15.122811Z,604800
1639141261,1639746061,604800,474,2437.935339236133,2437.935339236133,1.0,Shuffle by Year + Shuffle by Month,Shuffle by Year + Shuffle by Month,out\Shuffle_by_Year_+_Shuffle_by_Month,42,2026-02-20T01:40:15.122811Z,604800
1639746061,1640350861,604800,453,2303.048909595857,2303.048909595857,1.0,Shuffle by Year + Shuffle by Month,Shuffle by Year + Shuffle by Month,out\Shuffle_by_Year_+_Shuffle_by_Month,42,2026-02-20T01:40:15.122811Z,604800
1451653261,1452258061,604800,1101,4437.820936360196,6553.8516899338665,0.677131730517536,Shuffle by Year + Shuffle by Month + Shuffle by Day of the Week,Shuffle by Year + Shuffle by Month + Shuffle by Day of the Week,out\Shuffle_by_Year_+_Shuffle_by_Month_+_Shuffle_by_Day_of_the_Week,42,2026-02-20T01:41:26.946456Z,604800
1452258061,1452862861,604800,1077,4325.011935590073,6377.978710562234,0.6781163957834556,Shuffle by Year + Shuffle by Month + Shuffle by Day of the Week,Shuffle by Year + Shuffle by Month + Shuffle by Day of the Week,out\Shuffle_by_Year_+_Shuffle_by_Month_+_Shuffle_by_Day_of_the_Week,42,2026-02-20T01:41:26.946456Z,604800
1452862861,1453467661,604800,994,3920.7681860562143,5805.59295541802,0.6753432795175884,Shuffle by Year + Shuffle by Month + Shuffle by Day of the Week,Shuffle by Year + Shuffle by Month + Shuffle by Day of the Week,out\Shuffle_by_Year_+_Shuffle_by_Month_+_Shuffle_by_Day_of_the_Week,42,2026-02-20T01:41:26.946456Z,604800
1453467661,1454072461,604800,946,3708.1268278639345,5485.1669597873515,0.6760280689810928,Shuffle by Year + Shuffle by Month + Shuffle by Day of the Week,Shuffle by Year + Shuffle by Month + Shuffle by Day of the Week,out\Shuffle_by_Year_+_Shuffle_by_Month_+_Shuffle_by_Day_of_the_Week,42,2026-02-20T01:41:26.946456Z,604800
1454072461,1454677261,604800,1040,4130.308611380289,6134.99860832446,0.6732370901887335,Shuffle by Year + Shuffle by Month + Shuffle by Day of the Week,Shuffle by Year + Shuffle by Month + Shuffle by Day of the Week,out\Shuffle_by_Year_+_Shuffle_by_Month_+_Shuffle_by_Day_of_the_Week,42,2026-02-20T01:41:26.946456Z,604800
1454677261,1455282061,604800,958,3746.584131370781,5566.782815080834,0.6730250228589847,Shuffle by Year + Shuffle by Month + Shuffle by Day of the Week,Shuffle by Year + Shuffle by Month + Shuffle by Day of the Week,out\Shuffle_by_Year_+_Shuffle_by_Month_+_Shuffle_by_Day_of_the_Week,42,2026-02-20T01:41:26.946456Z,604800
1455282061,1455886861,604800,932,3611.765545159278,5389.044537124854,0.6702051764979875,Shuffle by Year + Shuffle by Month + Shuffle by Day of the Week,Shuffle by Year + Shuffle by Month + Shuffle by Day of the Week,out\Shuffle_by_Year_+_Shuffle_by_Month_+_Shuffle_by_Day_of_the_Week,42,2026-02-20T01:41:26.946456Z,604800
1455886861,1456491661,604800,1052,4192.695795760275,6205.790473252456,0.6756102729911992,Shuffle by Year + Shuffle by Month + Shuffle by Day of the Week,Shuffle by Year + Shuffle by Month + Shuffle by Day of the Week,out\Shuffle_by_Year_+_Shuffle_by_Month_+_Shuffle_by_Day_of_the_Week,42,2026-02-20T01:41:26.946456Z,604800
1456491661,1457096461,604800,1025,4018.491830374414,6009.93108803418,0.6686419147759053,Shuffle by Year + Shuffle by Month + Shuffle by Day of the Week,Shuffle by Year + Shuffle by Month + Shuffle by Day of the Week,out\Shuffle_by_Year_+_Shuffle_by_Month_+_Shuffle_by_Day_of_the_Week,42,2026-02-20T01:41:26.946456Z,604800
1457096461,1457701261,604800,1072,4314.05311625544,6357.228960869745,0.6786059056248347,Shuffle by Year + Shuffle by Month + Shuffle by Day of the Week,Shuffle by Year + Shuffle by Month + Shuffle by Day of the Week,out\Shuffle_by_Year_+_Shuffle_by_Month_+_Shuffle_by_Day_of_the_Week,42,2026-02-20T01:41:26.946456Z,604800
1457701261,1458306061,604800,1053,4207.370040019947,6221.473103039417,0.6762658891773546,Shuffle by Year + Shuffle by Month + Shuffle by Day of the Week,Shuffle by Year + Shuffle by Month + Shuffle by Day of the Week,out\Shuffle_by_Year_+_Shuffle_by_Month_+_Shuffle_by_Day_of_the_Week,42,2026-02-20T01:41:26.946456Z,604800
1458306061,1458910861,604800,977,3829.7223528009895,5703.650245200965,0.6714511213276633,Shuffle by Year + Shuffle by Month + Shuffle by Day of the Week,Shuffle by Year + Shuffle by Month + Shuffle by Day of the Week,out\Shuffle_by_Year_+_Shuffle_by_Month_+_Shuffle_by_Day_of_the_Week,42,2026-02-20T01:41:26.946456Z,604800
1458910861,1459515661,604800,954,3669.354240094264,5549.033755185716,0.6612600322831262,Shuffle by Year + Shuffle by Month + Shuffle by Day of the Week,Shuffle by Year + Shuffle by Month + Shuffle by Day of the Week,out\Shuffle_by_Year_+_Shuffle_by_Month_+_Shuffle_by_Day_of_the_Week,42,2026-02-20T01:41:26.946456Z,604800
1459515661,1460120461,604800,922,3570.3792241135807,5331.522329947783,0.6696735009545668,Shuffle by Year + Shuffle by Month + Shuffle by Day of the Week,Shuffle by Year + Shuffle by Month + Shuffle by Day of the Week,out\Shuffle_by_Year_+_Shuffle_by_Month_+_Shuffle_by_Day_of_the_Week,42,2026-02-20T01:41:26.946456Z,604800
1460120461,1460725261,604800,949,3691.7408888934556,5503.127332495959,0.6708441702036824,Shuffle by Year + Shuffle by Month + Shuffle by Day of the Week,Shuffle by Year + Shuffle by Month + Shuffle by Day of the Week,out\Shuffle_by_Year_+_Shuffle_by_Month_+_Shuffle_by_Day_of_the_Week,42,2026-02-20T01:41:26.946456Z,604800
1460725261,1461330061,604800,961,3763.1833394697896,5596.68220926888,0.6723953940492525,Shuffle by Year + Shuffle by Month + Shuffle by Day of the Week,Shuffle by Year + Shuffle by Month + Shuffle by Day of the Week,out\Shuffle_by_Year_+_Shuffle_by_Month_+_Shuffle_by_Day_of_the_Week,42,2026-02-20T01:41:26.946456Z,604800
1461330061,1461934861,604800,1003,3969.8542379592373,5884.624816770341,0.674614671549785,Shuffle by Year + Shuffle by Month + Shuffle by Day of the Week,Shuffle by Year + Shuffle by Month + Shuffle by Day of the Week,out\Shuffle_by_Year_+_Shuffle_by_Month_+_Shuffle_by_Day_of_the_Week,42,2026-02-20T01:41:26.946456Z,604800
1461934861,1462539661,604800,881,3326.249907556715,5051.438050397155,0.6584758388346854,Shuffle by Year + Shuffle by Month + Shuffle by Day of the Week,Shuffle by Year + Shuffle by Month + Shuffle by Day of the Week,out\Shuffle_by_Year_+_Shuffle_by_Month_+_Shuffle_by_Day_of_the_Week,42,2026-02-20T01:41:26.946456Z,604800
1462539661,1463144461,604800,939,3647.2776509009955,5443.17415410519,0.6700644784900468,Shuffle by Year + Shuffle by Month + Shuffle by Day of the Week,Shuffle by Year + Shuffle by Month + Shuffle by Day of the Week,out\Shuffle_by_Year_+_Shuffle_by_Month_+_Shuffle_by_Day_of_the_Week,42,2026-02-20T01:41:26.946456Z,604800
1463144461,1463749261,604800,881,3369.2698176891754,5049.240825819818,0.6672824557030561,Shuffle by Year + Shuffle by Month + Shuffle by Day of the Week,Shuffle by Year + Shuffle by Month + Shuffle by Day of the Week,out\Shuffle_by_Year_+_Shuffle_by_Month_+_Shuffle_by_Day_of_the_Week,42,2026-02-20T01:41:26.946456Z,604800
1463749261,1464354061,604800,903,3468.6997236168927,5190.3910870981,0.6682925554953145,Shuffle by Year + Shuffle by Month + Shuffle by Day of the Week,Shuffle by Year + Shuffle by Month + Shuffle by Day of the Week,out\Shuffle_by_Year_+_Shuffle_by_Month_+_Shuffle_by_Day_of_the_Week,42,2026-02-20T01:41:26.946456Z,604800
1464354061,1464958861,604800,892,3376.1770711581125,5125.005663006941,0.6587655298662135,Shuffle by Year + Shuffle by Month + Shuffle by Day of the Week,Shuffle by Year + Shuffle by Month + Shuffle by Day of the Week,out\Shuffle_by_Year_+_Shuffle_by_Month_+_Shuffle_by_Day_of_the_Week,42,2026-02-20T01:41:26.946456Z,604800
1464958861,1465563661,604800,845,3194.506715364414,4808.738022775311,0.664312902935132,Shuffle by Year + Shuffle by Month + Shuffle by Day of the Week,Shuffle by Year + Shuffle by Month + Shuffle by Day of the Week,out\Shuffle_by_Year_+_Shuffle_by_Month_+_Shuffle_by_Day_of_the_Week,42,2026-02-20T01:41:26.946456Z,604800
1465563661,1466168461,604800,861,3276.7888216666356,4918.178150958921,0.6662607008303968,Shuffle by Year + Shuffle by Month + Shuffle by Day of the Week,Shuffle by Year + Shuffle by Month + Shuffle by Day of the Week,out\Shuffle_by_Year_+_Shuffle_by_Month_+_Shuffle_by_Day_of_the_Week,42,2026-02-20T01:41:26.946456Z,604800
1466168461,1466773261,604800,865,3288.9869351015877,4933.661764678199,0.6666421599163099,Shuffle by Year + Shuffle by Month + Shuffle by Day of the Week,Shuffle by Year + Shuffle by Month + Shuffle by Day of the Week,out\Shuffle_by_Year_+_Shuffle_by_Month_+_Shuffle_by_Day_of_the_Week,42,2026-02-20T01:41:26.946456Z,604800
1466773261,1467378061,604800,833,3097.137241953966,4732.678693739833,0.6544152777687433,Shuffle by Year + Shuffle by Month + Shuffle by Day of the Week,Shuffle by Year + Shuffle by Month + Shuffle by Day of the Week,out\Shuffle_by_Year_+_Shuffle_by_Month_+_Shuffle_by_Day_of_the_Week,42,2026-02-20T01:41:26.946456Z,604800
1467378061,1467982861,604800,745,2741.3871988244227,4154.599896958677,0.659843851830647,Shuffle by Year + Shuffle by Month + Shuffle by Day of the Week,Shuffle by Year + Shuffle by Month + Shuffle by Day of the Week,out\Shuffle_by_Year_+_Shuffle_by_Month_+_Shuffle_by_Day_of_the_Week,42,2026-02-20T01:41:26.946456Z,604800
1467982861,1468587661,604800,837,3160.096131277776,4764.560624850193,0.6632502721858294,Shuffle by Year + Shuffle by Month + Shuffle by Day of the Week,Shuffle by Year + Shuffle by Month + Shuffle by Day of the Week,out\Shuffle_by_Year_+_Shuffle_by_Month_+_Shuffle_by_Day_of_the_Week,42,2026-02-20T01:41:26.946456Z,604800
1468587661,1469192461,604800,884,3384.6657375548325,5059.768956575573,0.668936816404668,Shuffle by Year + Shuffle by Month + Shuffle by Day of the Week,Shuffle by Year + Shuffle by Month + Shuffle by Day of the Week,out\Shuffle_by_Year_+_Shuffle_by_Month_+_Shuffle_by_Day_of_the_Week,42,2026-02-20T01:41:26.946456Z,604800
1469192461,1469797261,604800,813,3048.36813695584,4596.158572493447,0.6632425946309507,Shuffle by Year + Shuffle by Month + Shuffle by Day of the Week,Shuffle by Year + Shuffle by Month + Shuffle by Day of the Week,out\Shuffle_by_Year_+_Shuffle_by_Month_+_Shuffle_by_Day_of_the_Week,42,2026-02-20T01:41:26.946456Z,604800
1469797261,1470402061,604800,822,3045.0841810948805,4646.46287905293,0.6553553230399525,Shuffle by Year + Shuffle by Month + Shuffle by Day of the Week,Shuffle by Year + Shuffle by Month + Shuffle by Day of the Week,out\Shuffle_by_Year_+_Shuffle_by_Month_+_Shuffle_by_Day_of_the_Week,42,2026-02-20T01:41:26.946456Z,604800
1470402061,1471006861,604800,838,3175.8733345903383,4758.932776736252,0.6673499046078983,Shuffle by Year + Shuffle by Month + Shuffle by Day of the Week,Shuffle by Year + Shuffle by Month + Shuffle by Day of the Week,out\Shuffle_by_Year_+_Shuffle_by_Month_+_Shuffle_by_Day_of_the_Week,42,2026-02-20T01:41:26.946456Z,604800
1471006861,1471611661,604800,839,3179.174235649735,4777.73617158469,0.6654143555597921,Shuffle by Year + Shuffle by Month + Shuffle by Day of the Week,Shuffle by Year + Shuffle by Month + Shuffle by Day of the Week,out\Shuffle_by_Year_+_Shuffle_by_Month_+_Shuffle_by_Day_of_the_Week,42,2026-02-20T01:41:26.946456Z,604800
1471611661,1472216461,604800,860,3282.238418187206,4917.711625594051,0.6674320635445389,Shuffle by Year + Shuffle by Month + Shuffle by Day of the Week,Shuffle by Year + Shuffle by Month + Shuffle by Day of the Week,out\Shuffle_by_Year_+_Shuffle_by_Month_+_Shuffle_by_Day_of_the_Week,42,2026-02-20T01:41:26.946456Z,604800
1472216461,1472821261,604800,841,3132.0751173271515,4773.757702586846,0.6561026580025029,Shuffle by Year + Shuffle by Month + Shuffle by Day of the Week,Shuffle by Year + Shuffle by Month + Shuffle by Day of the Week,out\Shuffle_by_Year_+_Shuffle_by_Month_+_Shuffle_by_Day_of_the_Week,42,2026-02-20T01:41:26.946456Z,604800
1472821261,1473426061,604800,791,2942.270406337202,4448.048329962239,0.6614744688176938,Shuffle by Year + Shuffle by Month + Shuffle by Day of the Week,Shuffle by Year + Shuffle by Month + Shuffle by Day of the Week,out\Shuffle_by_Year_+_Shuffle_by_Month_+_Shuffle_by_Day_of_the_Week,42,2026-02-20T01:41:26.946456Z,604800
1473426061,1474030861,604800,816,3059.0707506553654,4617.654429688774,0.6624728630595131,Shuffle by Year + Shuffle by Month + Shuffle by Day of the Week,Shuffle by Year + Shuffle by Month + Shuffle by Day of the Week,out\Shuffle_by_Year_+_Shuffle_by_Month_+_Shuffle_by_Day_of_the_Week,42,2026-02-20T01:41:26.946456Z,604800
1474030861,1474635661,604800,869,3311.5357649549237,4978.863833133682,0.6651187652325596,Shuffle by Year + Shuffle by Month + Shuffle by Day of the Week,Shuffle by Year + Shuffle by Month + Shuffle by Day of the Week,out\Shuffle_by_Year_+_Shuffle_by_Month_+_Shuffle_by_Day_of_the_Week,42,2026-02-20T01:41:26.946456Z,604800
1474635661,1475240461,604800,848,3209.452894556938,4823.012480912773,0.6654456954566158,Shuffle by Year + Shuffle by Month + Shuffle by Day of the Week,Shuffle by Year + Shuffle by Month + Shuffle by Day of the Week,out\Shuffle_by_Year_+_Shuffle_by_Month_+_Shuffle_by_Day_of_the_Week,42,2026-02-20T01:41:26.946456Z,604800
1475240461,1475845261,604800,748,2714.8243473334487,4171.9631840722,0.6507306578586686,Shuffle by Year + Shuffle by Month + Shuffle by Day of the Week,Shuffle by Year + Shuffle by Month + Shuffle by Day of the Week,out\Shuffle_by_Year_+_Shuffle_by_Month_+_Shuffle_by_Day_of_the_Week,42,2026-02-20T01:41:26.946456Z,604800
1475845261,1476450061,604800,761,2817.58632015852,4259.496649527935,0.6614833986242912,Shuffle by Year + Shuffle by Month + Shuffle by Day of the Week,Shuffle by Year + Shuffle by Month + Shuffle by Day of the Week,out\Shuffle_by_Year_+_Shuffle_by_Month_+_Shuffle_by_Day_of_the_Week,42,2026-02-20T01:41:26.946456Z,604800
1476450061,1477054861,604800,791,2943.3624154331956,4451.2263837925875,0.661247521840342,Shuffle by Year + Shuffle by Month + Shuffle by Day of the Week,Shuffle by Year + Shuffle by Month + Shuffle by Day of the Week,out\Shuffle_by_Year_+_Shuffle_by_Month_+_Shuffle_by_Day_of_the_Week,42,2026-02-20T01:41:26.946456Z,604800
1477054861,1477659661,604800,773,2874.2503880217314,4333.263547346096,0.6632992331569734,Shuffle by Year + Shuffle by Month + Shuffle by Day of the Week,Shuffle by Year + Shuffle by Month + Shuffle by Day of the Week,out\Shuffle_by_Year_+_Shuffle_by_Month_+_Shuffle_by_Day_of_the_Week,42,2026-02-20T01:41:26.946456Z,604800
1477659661,1478264461,604800,697,2475.6525750776955,3836.2198872155873,0.6453364634618425,Shuffle by Year + Shuffle by Month + Shuffle by Day of the Week,Shuffle by Year + Shuffle by Month + Shuffle by Day of the Week,out\Shuffle_by_Year_+_Shuffle_by_Month_+_Shuffle_by_Day_of_the_Week,42,2026-02-20T01:41:26.946456Z,604800
1478264461,1478869261,604800,774,2866.8468334967797,4341.994560761367,0.6602603465707887,Shuffle by Year + Shuffle by Month + Shuffle by Day of the Week,Shuffle by Year + Shuffle by Month + Shuffle by Day of the Week,out\Shuffle_by_Year_+_Shuffle_by_Month_+_Shuffle_by_Day_of_the_Week,42,2026-02-20T01:41:26.946456Z,604800
1478869261,1479474061,604800,726,2655.8509543013597,4030.851027287883,0.6588809500331055,Shuffle by Year + Shuffle by Month + Shuffle by Day of the Week,Shuffle by Year + Shuffle by Month + Shuffle by Day of the Week,out\Shuffle_by_Year_+_Shuffle_by_Month_+_Shuffle_by_Day_of_the_Week,42,2026-02-20T01:41:26.946456Z,604800
1479474061,1480078861,604800,651,2316.9425099829755,3545.309334832004,0.6535233716334558,Shuffle by Year + Shuffle by Month + Shuffle by Day of the Week,Shuffle by Year + Shuffle by Month + Shuffle by Day of the Week,out\Shuffle_by_Year_+_Shuffle_by_Month_+_Shuffle_by_Day_of_the_Week,42,2026-02-20T01:41:26.946456Z,604800
1480078861,1480683661,604800,753,2746.723526466585,4203.2784439965335,0.65347170382911,Shuffle by Year + Shuffle by Month + Shuffle by Day of the Week,Shuffle by Year + Shuffle by Month + Shuffle by Day of the Week,out\Shuffle_by_Year_+_Shuffle_by_Month_+_Shuffle_by_Day_of_the_Week,42,2026-02-20T01:41:26.946456Z,604800
1480683661,1481288461,604800,798,2972.505390842608,4493.867989361801,0.6614581019912759,Shuffle by Year + Shuffle by Month + Shuffle by Day of the Week,Shuffle by Year + Shuffle by Month + Shuffle by Day of the Week,out\Shuffle_by_Year_+_Shuffle_by_Month_+_Shuffle_by_Day_of_the_Week,42,2026-02-20T01:41:26.946456Z,604800
1481288461,1481893261,604800,778,2896.769930202471,4364.742542174541,0.6636748679245771,Shuffle by Year + Shuffle by Month + Shuffle by Day of the Week,Shuffle by Year + Shuffle by Month + Shuffle by Day of the Week,out\Shuffle_by_Year_+_Shuffle_by_Month_+_Shuffle_by_Day_of_the_Week,42,2026-02-20T01:41:26.946456Z,604800
1481893261,1482498061,604800,831,3132.593508414638,4711.892890743138,0.6648269774062244,Shuffle by Year + Shuffle by Month + Shuffle by Day of the Week,Shuffle by Year + Shuffle by Month + Shuffle by Day of the Week,out\Shuffle_by_Year_+_Shuffle_by_Month_+_Shuffle_by_Day_of_the_Week,42,2026-02-20T01:41:26.946456Z,604800
1482498061,1483102861,604800,682,2451.8021986673702,3744.525914978599,0.6547697236811307,Shuffle by Year + Shuffle by Month + Shuffle by Day of the Week,Shuffle by Year + Shuffle by Month + Shuffle by Day of the Week,out\Shuffle_by_Year_+_Shuffle_by_Month_+_Shuffle_by_Day_of_the_Week,42,2026-02-20T01:41:26.946456Z,604800
1483102861,1483707661,604800,679,2395.073131280224,3717.9059753751803,0.6441994894823915,Shuffle by Year + Shuffle by Month + Shuffle by Day of the Week,Shuffle by Year + Shuffle by Month + Shuffle by Day of the Week,out\Shuffle_by_Year_+_Shuffle_by_Month_+_Shuffle_by_Day_of_the_Week,42,2026-02-20T01:41:26.946456Z,604800
1483707661,1484312461,604800,634,2255.0938724127104,3428.7415782227886,0.6577030729687093,Shuffle by Year + Shuffle by Month + Shuffle by Day of the Week,Shuffle by Year + Shuffle by Month + Shuffle by Day of the Week,out\Shuffle_by_Year_+_Shuffle_by_Month_+_Shuffle_by_Day_of_the_Week,42,2026-02-20T01:41:26.946456Z,604800
1484312461,1484917261,604800,686,2470.3319744756036,3773.7009350164726,0.6546178451909624,Shuffle by Year + Shuffle by Month + Shuffle by Day of the Week,Shuffle by Year + Shuffle by Month + Shuffle by Day of the Week,out\Shuffle_by_Year_+_Shuffle_by_Month_+_Shuffle_by_Day_of_the_Week,42,2026-02-20T01:41:26.946456Z,604800
1484917261,1485522061,604800,681,2436.0600026633233,3728.87218893782,0.6532967286704568,Shuffle by Year + Shuffle by Month + Shuffle by Day of the Week,Shuffle by Year + Shuffle by Month + Shuffle by Day of the Week,out\Shuffle_by_Year_+_Shuffle_by_Month_+_Shuffle_by_Day_of_the_Week,42,2026-02-20T01:41:26.946456Z,604800
1485522061,1486126861,604800,742,2694.1812312995185,4132.972016191518,0.6518750237709503,Shuffle by Year + Shuffle by Month + Shuffle by Day of the Week,Shuffle by Year + Shuffle by Month + Shuffle by Day of the Week,out\Shuffle_by_Year_+_Shuffle_by_Month_+_Shuffle_by_Day_of_the_Week,42,2026-02-20T01:41:26.946456Z,604800
1486126861,1486731661,604800,711,2575.3449336960302,3920.5697747115582,0.6568802703901634,Shuffle by Year + Shuffle by Month + Shuffle by Day of the Week,Shuffle by Year + Shuffle by Month + Shuffle by Day of the Week,out\Shuffle_by_Year_+_Shuffle_by_Month_+_Shuffle_by_Day_of_the_Week,42,2026-02-20T01:41:26.946456Z,604800
1486731661,1487336461,604800,737,2700.501043742513,4103.809975402217,0.6580472926205203,Shuffle by Year + Shuffle by Month + Shuffle by Day of the Week,Shuffle by Year + Shuffle by Month + Shuffle by Day of the Week,out\Shuffle_by_Year_+_Shuffle_by_Month_+_Shuffle_by_Day_of_the_Week,42,2026-02-20T01:41:26.946456Z,604800
1487336461,1487941261,604800,808,3022.737171138733,4557.291961417212,0.6632748563685904,Shuffle by Year + Shuffle by Month + Shuffle by Day of the Week,Shuffle by Year + Shuffle by Month + Shuffle by Day of the Week,out\Shuffle_by_Year_+_Shuffle_by_Month_+_Shuffle_by_Day_of_the_Week,42,2026-02-20T01:41:26.946456Z,604800
1487941261,1488546061,604800,703,2518.3663148814376,3874.3142402541735,0.6500160179872815,Shuffle by Year + Shuffle by Month + Shuffle by Day of the Week,Shuffle by Year + Shuffle by Month + Shuffle by Day of the Week,out\Shuffle_by_Year_+_Shuffle_by_Month_+_Shuffle_by_Day_of_the_Week,42,2026-02-20T01:41:26.946456Z,604800
1488546061,1489150861,604800,727,2657.06739503099,4032.9933886096055,0.6588325690132181,Shuffle by Year + Shuffle by Month + Shuffle by Day of the Week,Shuffle by Year + Shuffle by Month + Shuffle by Day of the Week,out\Shuffle_by_Year_+_Shuffle_by_Month_+_Shuffle_by_Day_of_the_Week,42,2026-02-20T01:41:26.946456Z,604800
1489150861,1489755661,604800,759,2796.3107170746957,4244.842403375674,0.6587548962597419,Shuffle by Year + Shuffle by Month + Shuffle by Day of the Week,Shuffle by Year + Shuffle by Month + Shuffle by Day of the Week,out\Shuffle_by_Year_+_Shuffle_by_Month_+_Shuffle_by_Day_of_the_Week,42,2026-02-20T01:41:26.946456Z,604800
1489755661,1490360461,604800,772,2858.674773180068,4324.53382675583,0.6610365157727492,Shuffle by Year + Shuffle by Month + Shuffle by Day of the Week,Shuffle by Year + Shuffle by Month + Shuffle by Day of the Week,out\Shuffle_by_Year_+_Shuffle_by_Month_+_Shuffle_by_Day_of_the_Week,42,2026-02-20T01:41:26.946456Z,604800
1490360461,1490965261,604800,743,2719.236104394961,4135.99919329778,0.6574556660459154,Shuffle by Year + Shuffle by Month + Shuffle by Day of the Week,Shuffle by Year + Shuffle by Month + Shuffle by Day of the Week,out\Shuffle_by_Year_+_Shuffle_by_Month_+_Shuffle_by_Day_of_the_Week,42,2026-02-20T01:41:26.946456Z,604800
1490965261,1491570061,604800,681,2416.5052751287035,3731.64477766006,0.6475710897230633,Shuffle by Year + Shuffle by Month + Shuffle by Day of the Week,Shuffle by Year + Shuffle by Month + Shuffle by Day of the Week,out\Shuffle_by_Year_+_Shuffle_by_Month_+_Shuffle_by_Day_of_the_Week,42,2026-02-20T01:41:26.946456Z,604800
1491570061,1492174861,604800,702,2530.3920925746743,3868.452030542923,0.6541097246640908,Shuffle by Year + Shuffle by Month + Shuffle by Day of the Week,Shuffle by Year + Shuffle by Month + Shuffle by Day of the Week,out\Shuffle_by_Year_+_Shuffle_by_Month_+_Shuffle_by_Day_of_the_Week,42,2026-02-20T01:41:26.946456Z,604800
1492174861,1492779661,604800,695,2499.8891936362975,3824.108581397504,0.6537181516751608,Shuffle by Year + Shuffle by Month + Shuffle by Day of the Week,Shuffle by Year + Shuffle by Month + Shuffle by Day of the Week,out\Shuffle_by_Year_+_Shuffle_by_Month_+_Shuffle_by_Day_of_the_Week,42,2026-02-20T01:41:26.946456Z,604800
1492779661,1493384461,604800,683,2443.7674284605832,3746.3702786110457,0.6523026948010601,Shuffle by Year + Shuffle by Month + Shuffle by Day of the Week,Shuffle by Year + Shuffle by Month + Shuffle by Day of the Week,out\Shuffle_by_Year_+_Shuffle_by_Month_+_Shuffle_by_Day_of_the_Week,42,2026-02-20T01:41:26.946456Z,604800
1493384461,1493989261,604800,679,2392.1934797679482,3718.3114404832886,0.6433547910276773,Shuffle by Year + Shuffle by Month + Shuffle by Day of the Week,Shuffle by Year + Shuffle by Month + Shuffle by Day of the Week,out\Shuffle_by_Year_+_Shuffle_by_Month_+_Shuffle_by_Day_of_the_Week,42,2026-02-20T01:41:26.946456Z,604800
1493989261,1494594061,604800,676,2415.978640926013,3697.367706433758,0.6534320718823798,Shuffle by Year + Shuffle by Month + Shuffle by Day of the Week,Shuffle by Year + Shuffle by Month + Shuffle by Day of the Week,out\Shuffle_by_Year_+_Shuffle_by_Month_+_Shuffle_by_Day_of_the_Week,42,2026-02-20T01:41:26.946456Z,604800
1494594061,1495198861,604800,670,2393.599678173696,3662.0462157240413,0.6536235582981154,Shuffle by Year + Shuffle by Month + Shuffle by Day of the Week,Shuffle by Year + Shuffle by Month + Shuffle by Day of the Week,out\Shuffle_by_Year_+_Shuffle_by_Month_+_Shuffle_by_Day_of_the_Week,42,2026-02-20T01:41:26.946456Z,604800
1495198861,1495803661,604800,704,2551.4335582676968,3875.0381590934003,0.6584279827749173,Shuffle by Year + Shuffle by Month + Shuffle by Day of the Week,Shuffle by Year + Shuffle by Month + Shuffle by Day of the Week,out\Shuffle_by_Year_+_Shuffle_by_Month_+_Shuffle_by_Day_of_the_Week,42,2026-02-20T01:41:26.946456Z,604800
1495803661,1496408461,604800,610,2097.47261352547,3275.314044407484,0.6403882452453229,Shuffle by Year + Shuffle by Month + Shuffle by Day of the Week,Shuffle by Year + Shuffle by Month + Shuffle by Day of the Week,out\Shuffle_by_Year_+_Shuffle_by_Month_+_Shuffle_by_Day_of_the_Week,42,2026-02-20T01:41:26.946456Z,604800
1496408461,1497013261,604800,659,2343.1659266669644,3591.647294939077,0.6523931038464372,Shuffle by Year + Shuffle by Month + Shuffle by Day of the Week,Shuffle by Year + Shuffle by Month + Shuffle by Day of the Week,out\Shuffle_by_Year_+_Shuffle_by_Month_+_Shuffle_by_Day_of_the_Week,42,2026-02-20T01:41:26.946456Z,604800
1497013261,1497618061,604800,709,2563.5761240702604,3915.9911695497517,0.6546429787697944,Shuffle by Year + Shuffle by Month + Shuffle by Day of the Week,Shuffle by Year + Shuffle by Month + Shuffle by Day of the Week,out\Shuffle_by_Year_+_Shuffle_by_Month_+_Shuffle_by_Day_of_the_Week,42,2026-02-20T01:41:26.946456Z,604800
1497618061,1498222861,604800,686,2463.3718142771277,3768.7311217168963,0.653634269657026,Shuffle by Year + Shuffle by Month + Shuffle by Day of the Week,Shuffle by Year + Shuffle by Month + Shuffle by Day of the Week,out\Shuffle_by_Year_+_Shuffle_by_Month_+_Shuffle_by_Day_of_the_Week,42,2026-02-20T01:41:26.946456Z,604800
1498222861,1498827661,604800,651,2306.2527935527587,3536.46832052152,0.6521344416320567,Shuffle by Year + Shuffle by Month + Shuffle by Day of the Week,Shuffle by Year + Shuffle by Month + Shuffle by Day of the Week,out\Shuffle_by_Year_+_Shuffle_by_Month_+_Shuffle_by_Day_of_the_Week,42,2026-02-20T01:41:26.946456Z,604800
1498827661,1499432461,604800,608,2082.6840167363116,3265.0914568680505,0.6378639141502239,Shuffle by Year + Shuffle by Month + Shuffle by Day of the Week,Shuffle by Year + Shuffle by Month + Shuffle by Day of the Week,out\Shuffle_by_Year_+_Shuffle_by_Month_+_Shuffle_by_Day_of_the_Week,42,2026-02-20T01:41:26.946456Z,604800
1499432461,1500037261,604800,718,2606.962788952165,3977.4961809771908,0.655428106108624,Shuffle by Year + Shuffle by Month + Shuffle by Day of the Week,Shuffle by Year + Shuffle by Month + Shuffle by Day of the Week,out\Shuffle_by_Year_+_Shuffle_by_Month_+_Shuffle_by_Day_of_the_Week,42,2026-02-20T01:41:26.946456Z,604800
1500037261,1500642061,604800,690,2480.946824017435,3781.006234104458,0.6561604690411346,Shuffle by Year + Shuffle by Month + Shuffle by Day of the Week,Shuffle by Year + Shuffle by Month + Shuffle by Day of the Week,out\Shuffle_by_Year_+_Shuffle_by_Month_+_Shuffle_by_Day_of_the_Week,42,2026-02-20T01:41:26.946456Z,604800
1500642061,1501246861,604800,701,2530.7688213397782,3860.7473688490895,0.6555126713961122,Shuffle by Year + Shuffle by Month + Shuffle by Day of the Week,Shuffle by Year + Shuffle by Month + Shuffle by Day of the Week,out\Shuffle_by_Year_+_Shuffle_by_Month_+_Shuffle_by_Day_of_the_Week,42,2026-02-20T01:41:26.946456Z,604800
1501246861,1501851661,604800,672,2356.504897494011,3674.372096020976,0.6413353998757774,Shuffle by Year + Shuffle by Month + Shuffle by Day of the Week,Shuffle by Year + Shuffle by Month + Shuffle by Day of the Week,out\Shuffle_by_Year_+_Shuffle_by_Month_+_Shuffle_by_Day_of_the_Week,42,2026-02-20T01:41:26.946456Z,604800
1501851661,1502456461,604800,632,2218.8339213069353,3415.5513767737557,0.6496268615355423,Shuffle by Year + Shuffle by Month + Shuffle by Day of the Week,Shuffle by Year + Shuffle by Month + Shuffle by Day of the Week,out\Shuffle_by_Year_+_Shuffle_by_Month_+_Shuffle_by_Day_of_the_Week,42,2026-02-20T01:41:26.946456Z,604800
1502456461,1503061261,604800,692,2484.6286090403414,3802.519509086219,0.6534164001271412,Shuffle by Year + Shuffle by Month + Shuffle by Day of the Week,Shuffle by Year + Shuffle by Month + Shuffle by Day of the Week,out\Shuffle_by_Year_+_Shuffle_by_Month_+_Shuffle_by_Day_of_the_Week,42,2026-02-20T01:41:26.946456Z,604800
1503061261,1503666061,604800,661,2355.9578636503425,3599.5456922787157,0.6545153375060752,Shuffle by Year + Shuffle by Month + Shuffle by Day of the Week,Shuffle by Year + Shuffle by Month + Shuffle by Day of the Week,out\Shuffle_by_Year_+_Shuffle_by_Month_+_Shuffle_by_Day_of_the_Week,42,2026-02-20T01:41:26.946456Z,604800
1503666061,1504270861,604800,642,2217.3646606217576,3482.2062595845086,0.6367700518941488,Shuffle by Year + Shuffle by Month + Shuffle by Day of the Week,Shuffle by Year + Shuffle by Month + Shuffle by Day of the Week,out\Shuffle_by_Year_+_Shuffle_by_Month_+_Shuffle_by_Day_of_the_Week,42,2026-02-20T01:41:26.946456Z,604800
1504270861,1504875661,604800,627,2201.5972930501775,3389.155649791445,0.6496005260737007,Shuffle by Year + Shuffle by Month + Shuffle by Day of the Week,Shuffle by Year + Shuffle by Month + Shuffle by Day of the Week,out\Shuffle_by_Year_+_Shuffle_by_Month_+_Shuffle_by_Day_of_the_Week,42,2026-02-20T01:41:26.946456Z,604800
1504875661,1505480461,604800,635,2254.5658801297973,3445.017046785177,0.6544425904172853,Shuffle by Year + Shuffle by Month + Shuffle by Day of the Week,Shuffle by Year + Shuffle by Month + Shuffle by Day of the Week,out\Shuffle_by_Year_+_Shuffle_by_Month_+_Shuffle_by_Day_of_the_Week,42,2026-02-20T01:41:26.946456Z,604800
1505480461,1506085261,604800,683,2445.4517293171516,3746.775743719154,0.6526816379166926,Shuffle by Year + Shuffle by Month + Shuffle by Day of the Week,Shuffle by Year + Shuffle by Month + Shuffle by Day of the Week,out\Shuffle_by_Year_+_Shuffle_by_Month_+_Shuffle_by_Day_of_the_Week,42,2026-02-20T01:41:26.946456Z,604800
1506085261,1506690061,604800,731,2673.4598800567683,4056.1847675533554,0.6591070262485526,Shuffle by Year + Shuffle by Month + Shuffle by Day of the Week,Shuffle by Year + Shuffle by Month + Shuffle by Day of the Week,out\Shuffle_by_Year_+_Shuffle_by_Month_+_Shuffle_by_Day_of_the_Week,42,2026-02-20T01:41:26.946456Z,604800
1506690061,1507294861,604800,662,2328.7224808927585,3610.435406989325,0.6449976854272645,Shuffle by Year + Shuffle by Month + Shuffle by Day of the Week,Shuffle by Year + Shuffle by Month + Shuffle by Day of the Week,out\Shuffle_by_Year_+_Shuffle_by_Month_+_Shuffle_by_Day_of_the_Week,42,2026-02-20T01:41:26.946456Z,604800
1507294861,1507899661,604800,694,2504.6537050345637,3821.148188490395,0.6554714922019464,Shuffle by Year + Shuffle by Month + Shuffle by Day of the Week,Shuffle by Year + Shuffle by Month + Shuffle by Day of the Week,out\Shuffle_by_Year_+_Shuffle_by_Month_+_Shuffle_by_Day_of_the_Week,42,2026-02-20T01:41:26.946456Z,604800
1507899661,1508504461,604800,614,2156.6339321058554,3309.4197827156263,0.6516652687487642,Shuffle by Year + Shuffle by Month + Shuffle by Day of the Week,Shuffle by Year + Shuffle by Month + Shuffle by Day of the Week,out\Shuffle_by_Year_+_Shuffle_by_Month_+_Shuffle_by_Day_of_the_Week,42,2026-02-20T01:41:26.946456Z,604800
1508504461,1509109261,604800,690,2485.6802172290486,3790.8280776679535,0.6557090340953137,Shuffle by Year + Shuffle by Month + Shuffle by Day of the Week,Shuffle by Year + Shuffle by Month + Shuffle by Day of the Week,out\Shuffle_by_Year_+_Shuffle_by_Month_+_Shuffle_by_Day_of_the_Week,42,2026-02-20T01:41:26.946456Z,604800
1509109261,1509714061,604800,683,2414.0228819233516,3745.101767285582,0.6445813844126899,Shuffle by Year + Shuffle by Month + Shuffle by Day of the Week,Shuffle by Year + Shuffle by Month + Shuffle by Day of the Week,out\Shuffle_by_Year_+_Shuffle_by_Month_+_Shuffle_by_Day_of_the_Week,42,2026-02-20T01:41:26.946456Z,604800
1509714061,1510318861,604800,664,2356.158333388595,3620.827774443543,0.6507236687750758,Shuffle by Year + Shuffle by Month + Shuffle by Day of the Week,Shuffle by Year + Shuffle by Month + Shuffle by Day of the Week,out\Shuffle_by_Year_+_Shuffle_by_Month_+_Shuffle_by_Day_of_the_Week,42,2026-02-20T01:41:26.946456Z,604800
1510318861,1510923661,604800,686,2464.7020134798804,3760.1256734777253,0.655483945886385,Shuffle by Year + Shuffle by Month + Shuffle by Day of the Week,Shuffle by Year + Shuffle by Month + Shuffle by Day of the Week,out\Shuffle_by_Year_+_Shuffle_by_Month_+_Shuffle_by_Day_of_the_Week,42,2026-02-20T01:41:26.946456Z,604800
1510923661,1511528461,604800,594,2069.5950213534306,3181.3326593000643,0.6505434178042762,Shuffle by Year + Shuffle by Month + Shuffle by Day of the Week,Shuffle by Year + Shuffle by Month + Shuffle by Day of the Week,out\Shuffle_by_Year_+_Shuffle_by_Month_+_Shuffle_by_Day_of_the_Week,42,2026-02-20T01:41:26.946456Z,604800
1511528461,1512133261,604800,643,2258.051124298678,3496.7024884030134,0.6457658699267714,Shuffle by Year + Shuffle by Month + Shuffle by Day of the Week,Shuffle by Year + Shuffle by Month + Shuffle by Day of the Week,out\Shuffle_by_Year_+_Shuffle_by_Month_+_Shuffle_by_Day_of_the_Week,42,2026-02-20T01:41:26.946456Z,604800
1512133261,1512738061,604800,635,2231.071302772939,3431.324002210774,0.6502071216053855,Shuffle by Year + Shuffle by Month + Shuffle by Day of the Week,Shuffle by Year + Shuffle by Month + Shuffle by Day of the Week,out\Shuffle_by_Year_+_Shuffle_by_Month_+_Shuffle_by_Day_of_the_Week,42,2026-02-20T01:41:26.946456Z,604800
1512738061,1513342861,604800,612,2156.329082455597,3298.255399285115,0.6537786864300968,Shuffle by Year + Shuffle by Month + Shuffle by Day of the Week,Shuffle by Year + Shuffle by Month + Shuffle by Day of the Week,out\Shuffle_by_Year_+_Shuffle_by_Month_+_Shuffle_by_Day_of_the_Week,42,2026-02-20T01:41:26.946456Z,604800
1513342861,1513947661,604800,646,2299.2336424373734,3506.5760754586518,0.6556919322323954,Shuffle by Year + Shuffle by Month + Shuffle by Day of the Week,Shuffle by Year + Shuffle by Month + Shuffle by Day of the Week,out\Shuffle_by_Year_+_Shuffle_by_Month_+_Shuffle_by_Day_of_the_Week,42,2026-02-20T01:41:26.946456Z,604800
1513947661,1514552461,604800,526,1757.3443288742087,2750.6085454738454,0.6388929212649822,Shuffle by Year + Shuffle by Month + Shuffle by Day of the Week,Shuffle by Year + Shuffle by Month + Shuffle by Day of the Week,out\Shuffle_by_Year_+_Shuffle_by_Month_+_Shuffle_by_Day_of_the_Week,42,2026-02-20T01:41:26.946456Z,604800
1514552461,1515157261,604800,514,1685.9047165086129,2682.195120475987,0.6285540912509859,Shuffle by Year + Shuffle by Month + Shuffle by Day of the Week,Shuffle by Year + Shuffle by Month + Shuffle by Day of the Week,out\Shuffle_by_Year_+_Shuffle_by_Month_+_Shuffle_by_Day_of_the_Week,42,2026-02-20T01:41:26.946456Z,604800
1515157261,1515762061,604800,664,2372.310935637725,3630.2441528989307,0.6534852301169101,Shuffle by Year + Shuffle by Month + Shuffle by Day of the Week,Shuffle by Year + Shuffle by Month + Shuffle by Day of the Week,out\Shuffle_by_Year_+_Shuffle_by_Month_+_Shuffle_by_Day_of_the_Week,42,2026-02-20T01:41:26.946456Z,604800
1515762061,1516366861,604800,561,1914.4230307459554,2967.5999996315154,0.6451081786573891,Shuffle by Year + Shuffle by Month + Shuffle by Day of the Week,Shuffle by Year + Shuffle by Month + Shuffle by Day of the Week,out\Shuffle_by_Year_+_Shuffle_by_Month_+_Shuffle_by_Day_of_the_Week,42,2026-02-20T01:41:26.946456Z,604800
1516366861,1516971661,604800,661,2344.565509551202,3600.4744055305882,0.6511823847295736,Shuffle by Year + Shuffle by Month + Shuffle by Day of the Week,Shuffle by Year + Shuffle by Month + Shuffle by Day of the Week,out\Shuffle_by_Year_+_Shuffle_by_Month_+_Shuffle_by_Day_of_the_Week,42,2026-02-20T01:41:26.946456Z,604800
1516971661,1517576461,604800,606,2077.9642808446742,3258.798759892516,0.6376473154522776,Shuffle by Year + Shuffle by Month + Shuffle by Day of the Week,Shuffle by Year + Shuffle by Month + Shuffle by Day of the Week,out\Shuffle_by_Year_+_Shuffle_by_Month_+_Shuffle_by_Day_of_the_Week,42,2026-02-20T01:41:26.946456Z,604800
1517576461,1518181261,604800,653,2325.9884855133228,3560.062715992435,0.6533560420339137,Shuffle by Year + Shuffle by Month + Shuffle by Day of the Week,Shuffle by Year + Shuffle by Month + Shuffle by Day of the Week,out\Shuffle_by_Year_+_Shuffle_by_Month_+_Shuffle_by_Day_of_the_Week,42,2026-02-20T01:41:26.946456Z,604800
1518181261,1518786061,604800,659,2341.7155359319577,3596.0938600948884,0.6511830967254475,Shuffle by Year + Shuffle by Month + Shuffle by Day of the Week,Shuffle by Year + Shuffle by Month + Shuffle by Day of the Week,out\Shuffle_by_Year_+_Shuffle_by_Month_+_Shuffle_by_Day_of_the_Week,42,2026-02-20T01:41:26.946456Z,604800
1518786061,1519390861,604800,648,2282.429715201364,3515.768894474254,0.6491978806652129,Shuffle by Year + Shuffle by Month + Shuffle by Day of the Week,Shuffle by Year + Shuffle by Month + Shuffle by Day of the Week,out\Shuffle_by_Year_+_Shuffle_by_Month_+_Shuffle_by_Day_of_the_Week,42,2026-02-20T01:41:26.946456Z,604800
1519390861,1519995661,604800,627,2180.966622933522,3384.5913015999768,0.6443810872829837,Shuffle by Year + Shuffle by Month + Shuffle by Day of the Week,Shuffle by Year + Shuffle by Month + Shuffle by Day of the Week,out\Shuffle_by_Year_+_Shuffle_by_Month_+_Shuffle_by_Day_of_the_Week,42,2026-02-20T01:41:26.946456Z,604800
1519995661,1520600461,604800,599,2083.5118753944157,3207.22380524989,0.6496309587076289,Shuffle by Year + Shuffle by Month + Shuffle by Day of the Week,Shuffle by Year + Shuffle by Month + Shuffle by Day of the Week,out\Shuffle_by_Year_+_Shuffle_by_Month_+_Shuffle_by_Day_of_the_Week,42,2026-02-20T01:41:26.946456Z,604800
1520600461,1521205261,604800,571,1960.3233224415794,3034.578160835912,0.6459953306661853,Shuffle by Year + Shuffle by Month + Shuffle by Day of the Week,Shuffle by Year + Shuffle by Month + Shuffle by Day of the Week,out\Shuffle_by_Year_+_Shuffle_by_Month_+_Shuffle_by_Day_of_the_Week,42,2026-02-20T01:41:26.946456Z,604800
1521205261,1521810061,604800,619,2153.0005354983305,3329.707368116976,0.6466035292212182,Shuffle by Year + Shuffle by Month + Shuffle by Day of the Week,Shuffle by Year + Shuffle by Month + Shuffle by Day of the Week,out\Shuffle_by_Year_+_Shuffle_by_Month_+_Shuffle_by_Day_of_the_Week,42,2026-02-20T01:41:26.946456Z,604800
1521810061,1522414861,604800,609,2117.9040331597676,3270.810127955201,0.6475166549896337,Shuffle by Year + Shuffle by Month + Shuffle by Day of the Week,Shuffle by Year + Shuffle by Month + Shuffle by Day of the Week,out\Shuffle_by_Year_+_Shuffle_by_Month_+_Shuffle_by_Day_of_the_Week,42,2026-02-20T01:41:26.946456Z,604800
1522414861,1523019661,604800,537,1787.945782739807,2827.6815136149503,0.6323009766591678,Shuffle by Year + Shuffle by Month + Shuffle by Day of the Week,Shuffle by Year + Shuffle by Month + Shuffle by Day of the Week,out\Shuffle_by_Year_+_Shuffle_by_Month_+_Shuffle_by_Day_of_the_Week,42,2026-02-20T01:41:26.946456Z,604800
1523019661,1523624461,604800,602,2093.178412047838,3227.518199573618,0.648541164639866,Shuffle by Year + Shuffle by Month + Shuffle by Day of the Week,Shuffle by Year + Shuffle by Month + Shuffle by Day of the Week,out\Shuffle_by_Year_+_Shuffle_by_Month_+_Shuffle_by_Day_of_the_Week,42,2026-02-20T01:41:26.946456Z,604800
1523624461,1524229261,604800,621,2180.488311328692,3356.196924730215,0.6496902178956524,Shuffle by Year + Shuffle by Month + Shuffle by Day of the Week,Shuffle by Year + Shuffle by Month + Shuffle by Day of the Week,out\Shuffle_by_Year_+_Shuffle_by_Month_+_Shuffle_by_Day_of_the_Week,42,2026-02-20T01:41:26.946456Z,604800
1524229261,1524834061,604800,646,2286.114007749608,3512.8144000836915,0.6507927113072476,Shuffle by Year + Shuffle by Month + Shuffle by Day of the Week,Shuffle by Year + Shuffle by Month + Shuffle by Day of the Week,out\Shuffle_by_Year_+_Shuffle_by_Month_+_Shuffle_by_Day_of_the_Week,42,2026-02-20T01:41:26.946456Z,604800
1524834061,1525438861,604800,590,2011.6574260274233,3152.329527026614,0.6381494728835941,Shuffle by Year + Shuffle by Month + Shuffle by Day of the Week,Shuffle by Year + Shuffle by Month + Shuffle by Day of the Week,out\Shuffle_by_Year_+_Shuffle_by_Month_+_Shuffle_by_Day_of_the_Week,42,2026-02-20T01:41:26.946456Z,604800
1525438861,1526043661,604800,602,2088.2486812393213,3226.8250523930583,0.6471527421948851,Shuffle by Year + Shuffle by Month + Shuffle by Day of the Week,Shuffle by Year + Shuffle by Month + Shuffle by Day of the Week,out\Shuffle_by_Year_+_Shuffle_by_Month_+_Shuffle_by_Day_of_the_Week,42,2026-02-20T01:41:26.946456Z,604800
1526043661,1526648461,604800,586,2015.04748275361,3121.1562660582003,0.6456092905910387,Shuffle by Year + Shuffle by Month + Shuffle by Day of the Week,Shuffle by Year + Shuffle by Month + Shuffle by Day of the Week,out\Shuffle_by_Year_+_Shuffle_by_Month_+_Shuffle_by_Day_of_the_Week,42,2026-02-20T01:41:26.946456Z,604800
1526648461,1527253261,604800,609,2121.38400773053,3276.9306695445844,0.647369206631812,Shuffle by Year + Shuffle by Month + Shuffle by Day of the Week,Shuffle by Year + Shuffle by Month + Shuffle by Day of the Week,out\Shuffle_by_Year_+_Shuffle_by_Month_+_Shuffle_by_Day_of_the_Week,42,2026-02-20T01:41:26.946456Z,604800
1527253261,1527858061,604800,565,1912.104212760899,2995.3037847063247,0.6383673744626112,Shuffle by Year + Shuffle by Month + Shuffle by Day of the Week,Shuffle by Year + Shuffle by Month + Shuffle by Day of the Week,out\Shuffle_by_Year_+_Shuffle_by_Month_+_Shuffle_by_Day_of_the_Week,42,2026-02-20T01:41:26.946456Z,604800
1527858061,1528462861,604800,613,2150.0376591125037,3300.9203462458,0.6513449079611335,Shuffle by Year + Shuffle by Month + Shuffle by Day of the Week,Shuffle by Year + Shuffle by Month + Shuffle by Day of the Week,out\Shuffle_by_Year_+_Shuffle_by_Month_+_Shuffle_by_Day_of_the_Week,42,2026-02-20T01:41:26.946456Z,604800
1528462861,1529067661,604800,634,2229.2815917796365,3437.0593443895077,0.648601425930748,Shuffle by Year + Shuffle by Month + Shuffle by Day of the Week,Shuffle by Year + Shuffle by Month + Shuffle by Day of the Week,out\Shuffle_by_Year_+_Shuffle_by_Month_+_Shuffle_by_Day_of_the_Week,42,2026-02-20T01:41:26.946456Z,604800
1529067661,1529672461,604800,599,2079.1025802336735,3213.985378018694,0.6468923581461236,Shuffle by Year + Shuffle by Month + Shuffle by Day of the Week,Shuffle by Year + Shuffle by Month + Shuffle by Day of the Week,out\Shuffle_by_Year_+_Shuffle_by_Month_+_Shuffle_by_Day_of_the_Week,42,2026-02-20T01:41:26.946456Z,604800
1529672461,1530277261,604800,589,2027.9732928087315,3150.108287573074,0.643778914143658,Shuffle by Year + Shuffle by Month + Shuffle by Day of the Week,Shuffle by Year + Shuffle by Month + Shuffle by Day of the Week,out\Shuffle_by_Year_+_Shuffle_by_Month_+_Shuffle_by_Day_of_the_Week,42,2026-02-20T01:41:26.946456Z,604800
1530277261,1530882061,604800,518,1705.7605226441829,2707.471094331352,0.6300198462748295,Shuffle by Year + Shuffle by Month + Shuffle by Day of the Week,Shuffle by Year + Shuffle by Month + Shuffle by Day of the Week,out\Shuffle_by_Year_+_Shuffle_by_Month_+_Shuffle_by_Day_of_the_Week,42,2026-02-20T01:41:26.946456Z,604800
1530882061,1531486861,604800,614,2149.912204075458,3306.6471939933867,0.650178890563478,Shuffle by Year + Shuffle by Month + Shuffle by Day of the Week,Shuffle by Year + Shuffle by Month + Shuffle by Day of the Week,out\Shuffle_by_Year_+_Shuffle_by_Month_+_Shuffle_by_Day_of_the_Week,42,2026-02-20T01:41:26.946456Z,604800
1531486861,1532091661,604800,598,2077.244929898736,3204.4120625902306,0.6482452597621391,Shuffle by Year + Shuffle by Month + Shuffle by Day of the Week,Shuffle by Year + Shuffle by Month + Shuffle by Day of the Week,out\Shuffle_by_Year_+_Shuffle_by_Month_+_Shuffle_by_Day_of_the_Week,42,2026-02-20T01:41:26.946456Z,604800
1532091661,1532696461,604800,595,2056.448960063176,3186.0472442720384,0.645454634660649,Shuffle by Year + Shuffle by Month + Shuffle by Day of the Week,Shuffle by Year + Shuffle by Month + Shuffle by Day of the Week,out\Shuffle_by_Year_+_Shuffle_by_Month_+_Shuffle_by_Day_of_the_Week,42,2026-02-20T01:41:26.946456Z,604800
1532696461,1533301261,604800,528,1746.8028192076285,2760.947617728757,0.6326823471734694,Shuffle by Year + Shuffle by Month + Shuffle by Day of the Week,Shuffle by Year + Shuffle by Month + Shuffle by Day of the Week,out\Shuffle_by_Year_+_Shuffle_by_Month_+_Shuffle_by_Day_of_the_Week,42,2026-02-20T01:41:26.946456Z,604800
1533301261,1533906061,604800,619,2167.1947153355804,3337.7906967257622,0.6492901779196374,Shuffle by Year + Shuffle by Month + Shuffle by Day of the Week,Shuffle by Year + Shuffle by Month + Shuffle by Day of the Week,out\Shuffle_by_Year_+_Shuffle_by_Month_+_Shuffle_by_Day_of_the_Week,42,2026-02-20T01:41:26.946456Z,604800
1533906061,1534510861,604800,607,2120.5405332336522,3263.127847141896,0.6498490505332142,Shuffle by Year + Shuffle by Month + Shuffle by Day of the Week,Shuffle by Year + Shuffle by Month + Shuffle by Day of the Week,out\Shuffle_by_Year_+_Shuffle_by_Month_+_Shuffle_by_Day_of_the_Week,42,2026-02-20T01:41:26.946456Z,604800
1534510861,1535115661,604800,629,2225.097223773778,3402.447786322721,0.6539695429620703,Shuffle by Year + Shuffle by Month + Shuffle by Day of the Week,Shuffle by Year + Shuffle by Month + Shuffle by Day of the Week,out\Shuffle_by_Year_+_Shuffle_by_Month_+_Shuffle_by_Day_of_the_Week,42,2026-02-20T01:41:26.946456Z,604800
1535115661,1535720461,604800,642,2259.4254591907616,3470.76255558858,0.650988197263066,Shuffle by Year + Shuffle by Month + Shuffle by Day of the Week,Shuffle by Year + Shuffle by Month + Shuffle by Day of the Week,out\Shuffle_by_Year_+_Shuffle_by_Month_+_Shuffle_by_Day_of_the_Week,42,2026-02-20T01:41:26.946456Z,604800
1535720461,1536325261,604800,551,1838.7589219608485,2908.947809315723,0.6321044729892844,Shuffle by Year + Shuffle by Month + Shuffle by Day of the Week,Shuffle by Year + Shuffle by Month + Shuffle by Day of the Week,out\Shuffle_by_Year_+_Shuffle_by_Month_+_Shuffle_by_Day_of_the_Week,42,2026-02-20T01:41:26.946456Z,604800
1536325261,1536930061,604800,587,2021.450723087448,3132.5011041776042,0.6453152467820606,Shuffle by Year + Shuffle by Month + Shuffle by Day of the Week,Shuffle by Year + Shuffle by Month + Shuffle by Day of the Week,out\Shuffle_by_Year_+_Shuffle_by_Month_+_Shuffle_by_Day_of_the_Week,42,2026-02-20T01:41:26.946456Z,604800
1536930061,1537534861,604800,606,2120.667773444365,3258.105612711956,0.6508898192772765,Shuffle by Year + Shuffle by Month + Shuffle by Day of the Week,Shuffle by Year + Shuffle by Month + Shuffle by Day of the Week,out\Shuffle_by_Year_+_Shuffle_by_Month_+_Shuffle_by_Day_of_the_Week,42,2026-02-20T01:41:26.946456Z,604800
1537534861,1538139661,604800,602,2089.3580361842164,3225.8442231400463,0.6476934072626821,Shuffle by Year + Shuffle by Month + Shuffle by Day of the Week,Shuffle by Year + Shuffle by Month + Shuffle by Day of the Week,out\Shuffle_by_Year_+_Shuffle_by_Month_+_Shuffle_by_Day_of_the_Week,42,2026-02-20T01:41:26.946456Z,604800
1538139661,1538744461,604800,589,2003.5739927670847,3137.5138552873386,0.6385865003880896,Shuffle by Year + Shuffle by Month + Shuffle by Day of the Week,Shuffle by Year + Shuffle by Month + Shuffle by Day of the Week,out\Shuffle_by_Year_+_Shuffle_by_Month_+_Shuffle_by_Day_of_the_Week,42,2026-02-20T01:41:26.946456Z,604800
1538744461,1539349261,604800,627,2206.146524614286,3398.2843461743805,0.6491942109252441,Shuffle by Year + Shuffle by Month + Shuffle by Day of the Week,Shuffle by Year + Shuffle by Month + Shuffle by Day of the Week,out\Shuffle_by_Year_+_Shuffle_by_Month_+_Shuffle_by_Day_of_the_Week,42,2026-02-20T01:41:26.946456Z,604800
1539349261,1539954061,604800,573,1968.5664942231756,3047.5658676164576,0.645947152493481,Shuffle by Year + Shuffle by Month + Shuffle by Day of the Week,Shuffle by Year + Shuffle by Month + Shuffle by Day of the Week,out\Shuffle_by_Year_+_Shuffle_by_Month_+_Shuffle_by_Day_of_the_Week,42,2026-02-20T01:41:26.946456Z,604800
1539954061,1540558861,604800,573,1969.8539750362752,3045.08096096667,0.6468970777088762,Shuffle by Year + Shuffle by Month + Shuffle by Day of the Week,Shuffle by Year + Shuffle by Month + Shuffle by Day of the Week,out\Shuffle_by_Year_+_Shuffle_by_Month_+_Shuffle_by_Day_of_the_Week,42,2026-02-20T01:41:26.946456Z,604800
1540558861,1541163661,604800,595,2028.7658225729763,3184.2554848028103,0.6371240725675034,Shuffle by Year + Shuffle by Month + Shuffle by Day of the Week,Shuffle by Year + Shuffle by Month + Shuffle by Day of the Week,out\Shuffle_by_Year_+_Shuffle_by_Month_+_Shuffle_by_Day_of_the_Week,42,2026-02-20T01:41:26.946456Z,604800
1541163661,1541768461,604800,611,2131.895900042932,3279.649699824975,0.6500376854749778,Shuffle by Year + Shuffle by Month + Shuffle by Day of the Week,Shuffle by Year + Shuffle by Month + Shuffle by Day of the Week,out\Shuffle_by_Year_+_Shuffle_by_Month_+_Shuffle_by_Day_of_the_Week,42,2026-02-20T01:41:26.946456Z,604800
1541768461,1542373261,604800,610,2123.764588827492,3277.3934859491637,0.648004152669642,Shuffle by Year + Shuffle by Month + Shuffle by Day of the Week,Shuffle by Year + Shuffle by Month + Shuffle by Day of the Week,out\Shuffle_by_Year_+_Shuffle_by_Month_+_Shuffle_by_Day_of_the_Week,42,2026-02-20T01:41:26.946456Z,604800
1542373261,1542978061,604800,517,1732.4885400812732,2700.9334370166416,0.6414406650446449,Shuffle by Year + Shuffle by Month + Shuffle by Day of the Week,Shuffle by Year + Shuffle by Month + Shuffle by Day of the Week,out\Shuffle_by_Year_+_Shuffle_by_Month_+_Shuffle_by_Day_of_the_Week,42,2026-02-20T01:41:26.946456Z,604800
1542978061,1543582861,604800,587,2027.6989274314828,3132.788786250056,0.6472504422676498,Shuffle by Year + Shuffle by Month + Shuffle by Day of the Week,Shuffle by Year + Shuffle by Month + Shuffle by Day of the Week,out\Shuffle_by_Year_+_Shuffle_by_Month_+_Shuffle_by_Day_of_the_Week,42,2026-02-20T01:41:26.946456Z,604800
1543582861,1544187661,604800,592,2018.4238329142893,3164.4017024983445,0.6378532255625802,Shuffle by Year + Shuffle by Month + Shuffle by Day of the Week,Shuffle by Year + Shuffle by Month + Shuffle by Day of the Week,out\Shuffle_by_Year_+_Shuffle_by_Month_+_Shuffle_by_Day_of_the_Week,42,2026-02-20T01:41:26.946456Z,604800
1544187661,1544792461,604800,534,1818.6317674872623,2809.522261793035,0.6473099687512756,Shuffle by Year + Shuffle by Month + Shuffle by Day of the Week,Shuffle by Year + Shuffle by Month + Shuffle by Day of the Week,out\Shuffle_by_Year_+_Shuffle_by_Month_+_Shuffle_by_Day_of_the_Week,42,2026-02-20T01:41:26.946456Z,604800
1544792461,1545397261,604800,619,2171.243063048859,3345.0098506038134,0.6490991536712288,Shuffle by Year + Shuffle by Month + Shuffle by Day of the Week,Shuffle by Year + Shuffle by Month + Shuffle by Day of the Week,out\Shuffle_by_Year_+_Shuffle_by_Month_+_Shuffle_by_Day_of_the_Week,42,2026-02-20T01:41:26.946456Z,604800
1545397261,1546002061,604800,473,1542.39167173828,2430.3878375533186,0.6346277939289772,Shuffle by Year + Shuffle by Month + Shuffle by Day of the Week,Shuffle by Year + Shuffle by Month + Shuffle by Day of the Week,out\Shuffle_by_Year_+_Shuffle_by_Month_+_Shuffle_by_Day_of_the_Week,42,2026-02-20T01:41:26.946456Z,604800
1546002061,1546606861,604800,525,1742.518939556676,2752.778793463484,0.633003619358851,Shuffle by Year + Shuffle by Month + Shuffle by Day of the Week,Shuffle by Year + Shuffle by Month + Shuffle by Day of the Week,out\Shuffle_by_Year_+_Shuffle_by_Month_+_Shuffle_by_Day_of_the_Week,42,2026-02-20T01:41:26.946456Z,604800
1546606861,1547211661,604800,618,2157.703609399064,3333.6119320315534,0.6472569853336609,Shuffle by Year + Shuffle by Month + Shuffle by Day of the Week,Shuffle by Year + Shuffle by Month + Shuffle by Day of the Week,out\Shuffle_by_Year_+_Shuffle_by_Month_+_Shuffle_by_Day_of_the_Week,42,2026-02-20T01:41:26.946456Z,604800
1547211661,1547816461,604800,579,2002.1392333236997,3083.5104687496882,0.6493051519087378,Shuffle by Year + Shuffle by Month + Shuffle by Day of the Week,Shuffle by Year + Shuffle by Month + Shuffle by Day of the Week,out\Shuffle_by_Year_+_Shuffle_by_Month_+_Shuffle_by_Day_of_the_Week,42,2026-02-20T01:41:26.946456Z,604800
1547816461,1548421261,604800,538,1815.9726263183195,2829.1173419111924,0.6418866405490098,Shuffle by Year + Shuffle by Month + Shuffle by Day of the Week,Shuffle by Year + Shuffle by Month + Shuffle by Day of the Week,out\Shuffle_by_Year_+_Shuffle_by_Month_+_Shuffle_by_Day_of_the_Week,42,2026-02-20T01:41:26.946456Z,604800
1548421261,1549026061,604800,537,1798.036360874274,2822.4240182429226,0.6370539469805203,Shuffle by Year + Shuffle by Month + Shuffle by Day of the Week,Shuffle by Year + Shuffle by Month + Shuffle by Day of the Week,out\Shuffle_by_Year_+_Shuffle_by_Month_+_Shuffle_by_Day_of_the_Week,42,2026-02-20T01:41:26.946456Z,604800
1549026061,1549630861,604800,573,1959.7197012503607,3043.69466660555,0.6438621201895781,Shuffle by Year + Shuffle by Month + Shuffle by Day of the Week,Shuffle by Year + Shuffle by Month + Shuffle by Day of the Week,out\Shuffle_by_Year_+_Shuffle_by_Month_+_Shuffle_by_Day_of_the_Week,42,2026-02-20T01:41:26.946456Z,604800
1549630861,1550235661,604800,565,1929.6033745182467,2999.4626677896845,0.6433163497047886,Shuffle by Year + Shuffle by Month + Shuffle by Day of the Week,Shuffle by Year + Shuffle by Month + Shuffle by Day of the Week,out\Shuffle_by_Year_+_Shuffle_by_Month_+_Shuffle_by_Day_of_the_Week,42,2026-02-20T01:41:26.946456Z,604800
1550235661,1550840461,604800,590,2041.9021199702283,3156.893875218082,0.6468073367937246,Shuffle by Year + Shuffle by Month + Shuffle by Day of the Week,Shuffle by Year + Shuffle by Month + Shuffle by Day of the Week,out\Shuffle_by_Year_+_Shuffle_by_Month_+_Shuffle_by_Day_of_the_Week,42,2026-02-20T01:41:26.946456Z,604800
1550840461,1551445261,604800,584,1987.8389831380277,3116.0359534075506,0.6379383976504572,Shuffle by Year + Shuffle by Month + Shuffle by Day of the Week,Shuffle by Year + Shuffle by Month + Shuffle by Day of the Week,out\Shuffle_by_Year_+_Shuffle_by_Month_+_Shuffle_by_Day_of_the_Week,42,2026-02-20T01:41:26.946456Z,604800
1551445261,1552050061,604800,554,1884.159338302692,2925.1212913280306,0.6441303285058881,Shuffle by Year + Shuffle by Month + Shuffle by Day of the Week,Shuffle by Year + Shuffle by Month + Shuffle by Day of the Week,out\Shuffle_by_Year_+_Shuffle_by_Month_+_Shuffle_by_Day_of_the_Week,42,2026-02-20T01:41:26.946456Z,604800
1552050061,1552654861,604800,588,2031.042802464491,3138.1846839449427,0.6472030829974327,Shuffle by Year + Shuffle by Month + Shuffle by Day of the Week,Shuffle by Year + Shuffle by Month + Shuffle by Day of the Week,out\Shuffle_by_Year_+_Shuffle_by_Month_+_Shuffle_by_Day_of_the_Week,42,2026-02-20T01:41:26.946456Z,604800
1552654861,1553259661,604800,586,2020.639553392469,3126.295978394572,0.6463366128341168,Shuffle by Year + Shuffle by Month + Shuffle by Day of the Week,Shuffle by Year + Shuffle by Month + Shuffle by Day of the Week,out\Shuffle_by_Year_+_Shuffle_by_Month_+_Shuffle_by_Day_of_the_Week,42,2026-02-20T01:41:26.946456Z,604800
1553259661,1553864461,604800,570,1942.8931717901648,3022.450028110464,0.6428206103393537,Shuffle by Year + Shuffle by Month + Shuffle by Day of the Week,Shuffle by Year + Shuffle by Month + Shuffle by Day of the Week,out\Shuffle_by_Year_+_Shuffle_by_Month_+_Shuffle_by_Day_of_the_Week,42,2026-02-20T01:41:26.946456Z,604800
1553864461,1554469261,604800,590,2016.0575113780944,3146.95424861893,0.640637693497724,Shuffle by Year + Shuffle by Month + Shuffle by Day of the Week,Shuffle by Year + Shuffle by Month + Shuffle by Day of the Week,out\Shuffle_by_Year_+_Shuffle_by_Month_+_Shuffle_by_Day_of_the_Week,42,2026-02-20T01:41:26.946456Z,604800
1554469261,1555074061,604800,611,2123.0801300288567,3278.6688705719635,0.6475433213414094,Shuffle by Year + Shuffle by Month + Shuffle by Day of the Week,Shuffle by Year + Shuffle by Month + Shuffle by Day of the Week,out\Shuffle_by_Year_+_Shuffle_by_Month_+_Shuffle_by_Day_of_the_Week,42,2026-02-20T01:41:26.946456Z,604800
1555074061,1555678861,604800,559,1898.2735895864853,2956.9040004482863,0.6419801215388441,Shuffle by Year + Shuffle by Month + Shuffle by Day of the Week,Shuffle by Year + Shuffle by Month + Shuffle by Day of the Week,out\Shuffle_by_Year_+_Shuffle_by_Month_+_Shuffle_by_Day_of_the_Week,42,2026-02-20T01:41:26.946456Z,604800
1555678861,1556283661,604800,609,2128.1267049265025,3282.188164916612,0.6483865634743613,Shuffle by Year + Shuffle by Month + Shuffle by Day of the Week,Shuffle by Year + Shuffle by Month + Shuffle by Day of the Week,out\Shuffle_by_Year_+_Shuffle_by_Month_+_Shuffle_by_Day_of_the_Week,42,2026-02-20T01:41:26.946456Z,604800
1556283661,1556888461,604800,549,1828.5432591504537,2898.0001326619154,0.6309672793116377,Shuffle by Year + Shuffle by Month + Shuffle by Day of the Week,Shuffle by Year + Shuffle by Month + Shuffle by Day of the Week,out\Shuffle_by_Year_+_Shuffle_by_Month_+_Shuffle_by_Day_of_the_Week,42,2026-02-20T01:41:26.946456Z,604800
1556888461,1557493261,604800,604,2110.620551215052,3245.1757212321995,0.6503871384855687,Shuffle by Year + Shuffle by Month + Shuffle by Day of the Week,Shuffle by Year + Shuffle by Month + Shuffle by Day of the Week,out\Shuffle_by_Year_+_Shuffle_by_Month_+_Shuffle_by_Day_of_the_Week,42,2026-02-20T01:41:26.946456Z,604800
1557493261,1558098061,604800,579,2000.4087302913372,3088.767964121716,0.6476396911414318,Shuffle by Year + Shuffle by Month + Shuffle by Day of the Week,Shuffle by Year + Shuffle by Month + Shuffle by Day of the Week,out\Shuffle_by_Year_+_Shuffle_by_Month_+_Shuffle_by_Day_of_the_Week,42,2026-02-20T01:41:26.946456Z,604800
1558098061,1558702861,604800,566,1931.364796434724,3005.2258977229835,0.6426687584111701,Shuffle by Year + Shuffle by Month + Shuffle by Day of the Week,Shuffle by Year + Shuffle by Month + Shuffle by Day of the Week,out\Shuffle_by_Year_+_Shuffle_by_Month_+_Shuffle_by_Day_of_the_Week,42,2026-02-20T01:41:26.946456Z,604800
1558702861,1559307661,604800,565,1924.4300062244256,2995.421567741981,0.6424571509228686,Shuffle by Year + Shuffle by Month + Shuffle by Day of the Week,Shuffle by Year + Shuffle by Month + Shuffle by Day of the Week,out\Shuffle_by_Year_+_Shuffle_by_Month_+_Shuffle_by_Day_of_the_Week,42,2026-02-20T01:41:26.946456Z,604800
1559307661,1559912461,604800,568,1909.1015176751332,3019.7001379146604,0.6322155944243912,Shuffle by Year + Shuffle by Month + Shuffle by Day of the Week,Shuffle by Year + Shuffle by Month + Shuffle by Day of the Week,out\Shuffle_by_Year_+_Shuffle_by_Month_+_Shuffle_by_Day_of_the_Week,42,2026-02-20T01:41:26.946456Z,604800
1559912461,1560517261,604800,532,1790.532200480383,2790.0318727243093,0.6417604823747153,Shuffle by Year + Shuffle by Month + Shuffle by Day of the Week,Shuffle by Year + Shuffle by Month + Shuffle by Day of the Week,out\Shuffle_by_Year_+_Shuffle_by_Month_+_Shuffle_by_Day_of_the_Week,42,2026-02-20T01:41:26.946456Z,604800
1560517261,1561122061,604800,572,1955.731403827564,3038.7300752499555,0.6436015557145832,Shuffle by Year + Shuffle by Month + Shuffle by Day of the Week,Shuffle by Year + Shuffle by Month + Shuffle by Day of the Week,out\Shuffle_by_Year_+_Shuffle_by_Month_+_Shuffle_by_Day_of_the_Week,42,2026-02-20T01:41:26.946456Z,604800
1561122061,1561726861,604800,545,1842.6497101421996,2872.4910090828394,0.6414814543599011,Shuffle by Year + Shuffle by Month + Shuffle by Day of the Week,Shuffle by Year + Shuffle by Month + Shuffle by Day of the Week,out\Shuffle_by_Year_+_Shuffle_by_Month_+_Shuffle_by_Day_of_the_Week,42,2026-02-20T01:41:26.946456Z,604800
1561726861,1562331661,604800,532,1752.6816189505894,2790.725019904869,0.6280380927714387,Shuffle by Year + Shuffle by Month + Shuffle by Day of the Week,Shuffle by Year + Shuffle by Month + Shuffle by Day of the Week,out\Shuffle_by_Year_+_Shuffle_by_Month_+_Shuffle_by_Day_of_the_Week,42,2026-02-20T01:41:26.946456Z,604800
1562331661,1562936461,604800,534,1802.2967859701112,2806.461990998343,0.6421953305446264,Shuffle by Year + Shuffle by Month + Shuffle by Day of the Week,Shuffle by Year + Shuffle by Month + Shuffle by Day of the Week,out\Shuffle_by_Year_+_Shuffle_by_Month_+_Shuffle_by_Day_of_the_Week,42,2026-02-20T01:41:26.946456Z,604800
1562936461,1563541261,604800,538,1810.3072577780813,2824.840675792176,0.6408528712049975,Shuffle by Year + Shuffle by Month + Shuffle by Day of the Week,Shuffle by Year + Shuffle by Month + Shuffle by Day of the Week,out\Shuffle_by_Year_+_Shuffle_by_Month_+_Shuffle_by_Day_of_the_Week,42,2026-02-20T01:41:26.946456Z,604800
1563541261,1564146061,604800,576,1984.3896437949652,3070.5001757251785,0.6462756978433652,Shuffle by Year + Shuffle by Month + Shuffle by Day of the Week,Shuffle by Year + Shuffle by Month + Shuffle by Day of the Week,out\Shuffle_by_Year_+_Shuffle_by_Month_+_Shuffle_by_Day_of_the_Week,42,2026-02-20T01:41:26.946456Z,604800
1564146061,1564750861,604800,569,1916.9945520827187,3025.6385532406784,0.6335834629121441,Shuffle by Year + Shuffle by Month + Shuffle by Day of the Week,Shuffle by Year + Shuffle by Month + Shuffle by Day of the Week,out\Shuffle_by_Year_+_Shuffle_by_Month_+_Shuffle_by_Day_of_the_Week,42,2026-02-20T01:41:26.946456Z,604800
1564750861,1565355661,604800,577,1975.415273339355,3069.115615969871,0.6436431599580207,Shuffle by Year + Shuffle by Month + Shuffle by Day of the Week,Shuffle by Year + Shuffle by Month + Shuffle by Day of the Week,out\Shuffle_by_Year_+_Shuffle_by_Month_+_Shuffle_by_Day_of_the_Week,42,2026-02-20T01:41:26.946456Z,604800
1565355661,1565960461,604800,586,2023.0647446489083,3128.2055208994566,0.646717337186725,Shuffle by Year + Shuffle by Month + Shuffle by Day of the Week,Shuffle by Year + Shuffle by Month + Shuffle by Day of the Week,out\Shuffle_by_Year_+_Shuffle_by_Month_+_Shuffle_by_Day_of_the_Week,42,2026-02-20T01:41:26.946456Z,604800
1565960461,1566565261,604800,548,1841.1073378443582,2880.8893614038984,0.6390760306557418,Shuffle by Year + Shuffle by Month + Shuffle by Day of the Week,Shuffle by Year + Shuffle by Month + Shuffle by Day of the Week,out\Shuffle_by_Year_+_Shuffle_by_Month_+_Shuffle_by_Day_of_the_Week,42,2026-02-20T01:41:26.946456Z,604800
1566565261,1567170061,604800,531,1789.8659504951331,2790.3990189681153,0.6414372777256144,Shuffle by Year + Shuffle by Month + Shuffle by Day of the Week,Shuffle by Year + Shuffle by Month + Shuffle by Day of the Week,out\Shuffle_by_Year_+_Shuffle_by_Month_+_Shuffle_by_Day_of_the_Week,42,2026-02-20T01:41:26.946456Z,604800
1567170061,1567774861,604800,519,1712.247288830302,2713.147634069615,0.6310925610273549,Shuffle by Year + Shuffle by Month + Shuffle by Day of the Week,Shuffle by Year + Shuffle by Month + Shuffle by Day of the Week,out\Shuffle_by_Year_+_Shuffle_by_Month_+_Shuffle_by_Day_of_the_Week,42,2026-02-20T01:41:26.946456Z,604800
1567774861,1568379661,604800,591,2041.557399589273,3158.0181958634607,0.6464679026433138,Shuffle by Year + Shuffle by Month + Shuffle by Day of the Week,Shuffle by Year + Shuffle by Month + Shuffle by Day of the Week,out\Shuffle_by_Year_+_Shuffle_by_Month_+_Shuffle_by_Day_of_the_Week,42,2026-02-20T01:41:26.946456Z,604800
1568379661,1568984461,604800,599,2073.3012636077906,3209.015564719118,0.6460863843735406,Shuffle by Year + Shuffle by Month + Shuffle by Day of the Week,Shuffle by Year + Shuffle by Month + Shuffle by Day of the Week,out\Shuffle_by_Year_+_Shuffle_by_Month_+_Shuffle_by_Day_of_the_Week,42,2026-02-20T01:41:26.946456Z,604800
1568984461,1569589261,604800,555,1887.0627338568343,2929.3608179000976,0.6441892450823347,Shuffle by Year + Shuffle by Month + Shuffle by Day of the Week,Shuffle by Year + Shuffle by Month + Shuffle by Day of the Week,out\Shuffle_by_Year_+_Shuffle_by_Month_+_Shuffle_by_Day_of_the_Week,42,2026-02-20T01:41:26.946456Z,604800
1569589261,1570194061,604800,557,1857.7089234110765,2938.4206324958186,0.6322134084095328,Shuffle by Year + Shuffle by Month + Shuffle by Day of the Week,Shuffle by Year + Shuffle by Month + Shuffle by Day of the Week,out\Shuffle_by_Year_+_Shuffle_by_Month_+_Shuffle_by_Day_of_the_Week,42,2026-02-20T01:41:26.946456Z,604800
1570194061,1570798861,604800,534,1786.5976621445225,2798.837372012184,0.6383356460829568,Shuffle by Year + Shuffle by Month + Shuffle by Day of the Week,Shuffle by Year + Shuffle by Month + Shuffle by Day of the Week,out\Shuffle_by_Year_+_Shuffle_by_Month_+_Shuffle_by_Day_of_the_Week,42,2026-02-20T01:41:26.946456Z,604800
1570798861,1571403661,604800,557,1887.8107183716434,2943.6781278678463,0.6413101692402134,Shuffle by Year + Shuffle by Month + Shuffle by Day of the Week,Shuffle by Year + Shuffle by Month + Shuffle by Day of the Week,out\Shuffle_by_Year_+_Shuffle_by_Month_+_Shuffle_by_Day_of_the_Week,42,2026-02-20T01:41:26.946456Z,604800
1571403661,1572008461,604800,565,1934.7713883093068,3003.7393339087007,0.6441209350185626,Shuffle by Year + Shuffle by Month + Shuffle by Day of the Week,Shuffle by Year + Shuffle by Month + Shuffle by Day of the Week,out\Shuffle_by_Year_+_Shuffle_by_Month_+_Shuffle_by_Day_of_the_Week,42,2026-02-20T01:41:26.946456Z,604800
1572008461,1572613261,604800,543,1815.8256694034958,2859.89127404132,0.6349282176862436,Shuffle by Year + Shuffle by Month + Shuffle by Day of the Week,Shuffle by Year + Shuffle by Month + Shuffle by Day of the Week,out\Shuffle_by_Year_+_Shuffle_by_Month_+_Shuffle_by_Day_of_the_Week,42,2026-02-20T01:41:26.946456Z,604800
1572613261,1573218061,604800,501,1656.6652098617972,2597.4457963250024,0.6378054980803568,Shuffle by Year + Shuffle by Month + Shuffle by Day of the Week,Shuffle by Year + Shuffle by Month + Shuffle by Day of the Week,out\Shuffle_by_Year_+_Shuffle_by_Month_+_Shuffle_by_Day_of_the_Week,42,2026-02-20T01:41:26.946456Z,604800
1573218061,1573822861,604800,498,1646.0610871609229,2586.4265950159033,0.636422889531416,Shuffle by Year + Shuffle by Month + Shuffle by Day of the Week,Shuffle by Year + Shuffle by Month + Shuffle by Day of the Week,out\Shuffle_by_Year_+_Shuffle_by_Month_+_Shuffle_by_Day_of_the_Week,42,2026-02-20T01:41:26.946456Z,604800
1573822861,1574427661,604800,572,1963.3510799157261,3041.9081290803033,0.6454340488282037,Shuffle by Year + Shuffle by Month + Shuffle by Day of the Week,Shuffle by Year + Shuffle by Month + Shuffle by Day of the Week,out\Shuffle_by_Year_+_Shuffle_by_Month_+_Shuffle_by_Day_of_the_Week,42,2026-02-20T01:41:26.946456Z,604800
1574427661,1575032461,604800,465,1508.6070880580348,2373.8376495206544,0.6355140118207603,Shuffle by Year + Shuffle by Month + Shuffle by Day of the Week,Shuffle by Year + Shuffle by Month + Shuffle by Day of the Week,out\Shuffle_by_Year_+_Shuffle_by_Month_+_Shuffle_by_Day_of_the_Week,42,2026-02-20T01:41:26.946456Z,604800
1575032461,1575637261,604800,459,1459.155017441844,2342.5629885296726,0.6228882743331029,Shuffle by Year + Shuffle by Month + Shuffle by Day of the Week,Shuffle by Year + Shuffle by Month + Shuffle by Day of the Week,out\Shuffle_by_Year_+_Shuffle_by_Month_+_Shuffle_by_Day_of_the_Week,42,2026-02-20T01:41:26.946456Z,604800
1575637261,1576242061,604800,520,1730.898079861208,2714.8371146897225,0.6375697718642069,Shuffle by Year + Shuffle by Month + Shuffle by Day of the Week,Shuffle by Year + Shuffle by Month + Shuffle by Day of the Week,out\Shuffle_by_Year_+_Shuffle_by_Month_+_Shuffle_by_Day_of_the_Week,42,2026-02-20T01:41:26.946456Z,604800
1576242061,1576846861,604800,533,1791.9979304338074,2795.9049290403673,0.6409366469584755,Shuffle by Year + Shuffle by Month + Shuffle by Day of the Week,Shuffle by Year + Shuffle by Month + Shuffle by Day of the Week,out\Shuffle_by_Year_+_Shuffle_by_Month_+_Shuffle_by_Day_of_the_Week,42,2026-02-20T01:41:26.946456Z,604800
1576846861,1577451661,604800,443,1415.4199275034625,2245.8612288677937,0.6302348111762089,Shuffle by Year + Shuffle by Month + Shuffle by Day of the Week,Shuffle by Year + Shuffle by Month + Shuffle by Day of the Week,out\Shuffle_by_Year_+_Shuffle_by_Month_+_Shuffle_by_Day_of_the_Week,42,2026-02-20T01:41:26.946456Z,604800
1577451661,1578056461,604800,448,1407.482915315722,2275.6696513108805,0.618491754506175,Shuffle by Year + Shuffle by Month + Shuffle by Day of the Week,Shuffle by Year + Shuffle by Month + Shuffle by Day of the Week,out\Shuffle_by_Year_+_Shuffle_by_Month_+_Shuffle_by_Day_of_the_Week,42,2026-02-20T01:41:26.946456Z,604800
1578056461,1578661261,604800,587,2026.0423464242435,3133.887398538724,0.6464949402358716,Shuffle by Year + Shuffle by Month + Shuffle by Day of the Week,Shuffle by Year + Shuffle by Month + Shuffle by Day of the Week,out\Shuffle_by_Year_+_Shuffle_by_Month_+_Shuffle_by_Day_of_the_Week,42,2026-02-20T01:41:26.946456Z,604800
1578661261,1579266061,604800,550,1855.7766898757504,2897.9539432794463,0.6403748044993688,Shuffle by Year + Shuffle by Month + Shuffle by Day of the Week,Shuffle by Year + Shuffle by Month + Shuffle by Day of the Week,out\Shuffle_by_Year_+_Shuffle_by_Month_+_Shuffle_by_Day_of_the_Week,42,2026-02-20T01:41:26.946456Z,604800
1579266061,1579870861,604800,484,1586.5572056462534,2493.01880903047,0.6364000142715579,Shuffle by Year + Shuffle by Month + Shuffle by Day of the Week,Shuffle by Year + Shuffle by Month + Shuffle by Day of the Week,out\Shuffle_by_Year_+_Shuffle_by_Month_+_Shuffle_by_Day_of_the_Week,42,2026-02-20T01:41:26.946456Z,604800
1579870861,1580475661,604800,532,1794.2927579709308,2788.3578962907377,0.6434944238534875,Shuffle by Year + Shuffle by Month + Shuffle by Day of the Week,Shuffle by Year + Shuffle by Month + Shuffle by Day of the Week,out\Shuffle_by_Year_+_Shuffle_by_Month_+_Shuffle_by_Day_of_the_Week,42,2026-02-20T01:41:26.946456Z,604800
1580475661,1581080461,604800,560,1896.3019496937145,2963.637402340123,0.6398562618343162,Shuffle by Year + Shuffle by Month + Shuffle by Day of the Week,Shuffle by Year + Shuffle by Month + Shuffle by Day of the Week,out\Shuffle_by_Year_+_Shuffle_by_Month_+_Shuffle_by_Day_of_the_Week,42,2026-02-20T01:41:26.946456Z,604800
1581080461,1581685261,604800,565,1923.9554193044014,2987.7969487558216,0.6439378084596997,Shuffle by Year + Shuffle by Month + Shuffle by Day of the Week,Shuffle by Year + Shuffle by Month + Shuffle by Day of the Week,out\Shuffle_by_Year_+_Shuffle_by_Month_+_Shuffle_by_Day_of_the_Week,42,2026-02-20T01:41:26.946456Z,604800
1581685261,1582290061,604800,539,1820.924649152984,2836.3878867351136,0.6419871758968057,Shuffle by Year + Shuffle by Month + Shuffle by Day of the Week,Shuffle by Year + Shuffle by Month + Shuffle by Day of the Week,out\Shuffle_by_Year_+_Shuffle_by_Month_+_Shuffle_by_Day_of_the_Week,42,2026-02-20T01:41:26.946456Z,604800
1582290061,1582894861,604800,474,1543.2069827651096,2433.0833089722137,0.6342598204814422,Shuffle by Year + Shuffle by Month + Shuffle by Day of the Week,Shuffle by Year + Shuffle by Month + Shuffle by Day of the Week,out\Shuffle_by_Year_+_Shuffle_by_Month_+_Shuffle_by_Day_of_the_Week,42,2026-02-20T01:41:26.946456Z,604800
1582894861,1583499661,604800,476,1540.7278817257663,2447.7791652446117,0.6294390865001901,Shuffle by Year + Shuffle by Month + Shuffle by Day of the Week,Shuffle by Year + Shuffle by Month + Shuffle by Day of the Week,out\Shuffle_by_Year_+_Shuffle_by_Month_+_Shuffle_by_Day_of_the_Week,42,2026-02-20T01:41:26.946456Z,604800
1583499661,1584104461,604800,492,1616.3402284195718,2543.24258397967,0.6355430813407976,Shuffle by Year + Shuffle by Month + Shuffle by Day of the Week,Shuffle by Year + Shuffle by Month + Shuffle by Day of the Week,out\Shuffle_by_Year_+_Shuffle_by_Month_+_Shuffle_by_Day_of_the_Week,42,2026-02-20T01:41:26.946456Z,604800
1584104461,1584709261,604800,450,1435.3615233110347,2286.499627420267,0.6277549780012319,Shuffle by Year + Shuffle by Month + Shuffle by Day of the Week,Shuffle by Year + Shuffle by Month + Shuffle by Day of the Week,out\Shuffle_by_Year_+_Shuffle_by_Month_+_Shuffle_by_Day_of_the_Week,42,2026-02-20T01:41:26.946456Z,604800
1584709261,1585314061,604800,312,889.9435994163882,1471.8241997480745,0.604653463075764,Shuffle by Year + Shuffle by Month + Shuffle by Day of the Week,Shuffle by Year + Shuffle by Month + Shuffle by Day of the Week,out\Shuffle_by_Year_+_Shuffle_by_Month_+_Shuffle_by_Day_of_the_Week,42,2026-02-20T01:41:26.946456Z,604800
1585314061,1585918861,604800,241,607.0785839421634,1073.6950709359583,0.5654106090036929,Shuffle by Year + Shuffle by Month + Shuffle by Day of the Week,Shuffle by Year + Shuffle by Month + Shuffle by Day of the Week,out\Shuffle_by_Year_+_Shuffle_by_Month_+_Shuffle_by_Day_of_the_Week,42,2026-02-20T01:41:26.946456Z,604800
1585918861,1586523661,604800,257,678.8427897116462,1159.9242402895882,0.5852475240470579,Shuffle by Year + Shuffle by Month + Shuffle by Day of the Week,Shuffle by Year + Shuffle by Month + Shuffle by Day of the Week,out\Shuffle_by_Year_+_Shuffle_by_Month_+_Shuffle_by_Day_of_the_Week,42,2026-02-20T01:41:26.946456Z,604800
1586523661,1587128461,604800,252,665.3839419396398,1135.396053289657,0.5860368635347812,Shuffle by Year + Shuffle by Month + Shuffle by Day of the Week,Shuffle by Year + Shuffle by Month + Shuffle by Day of the Week,out\Shuffle_by_Year_+_Shuffle_by_Month_+_Shuffle_by_Day_of_the_Week,42,2026-02-20T01:41:26.946456Z,604800
1587128461,1587733261,604800,300,838.7827803439172,1403.8154950561088,0.5975021527386633,Shuffle by Year + Shuffle by Month + Shuffle by Day of the Week,Shuffle by Year + Shuffle by Month + Shuffle by Day of the Week,out\Shuffle_by_Year_+_Shuffle_by_Month_+_Shuffle_by_Day_of_the_Week,42,2026-02-20T01:41:26.946456Z,604800
1587733261,1588338061,604800,329,942.8836798460475,1573.4024545364036,0.5992641470257933,Shuffle by Year + Shuffle by Month + Shuffle by Day of the Week,Shuffle by Year + Shuffle by Month + Shuffle by Day of the Week,out\Shuffle_by_Year_+_Shuffle_by_Month_+_Shuffle_by_Day_of_the_Week,42,2026-02-20T01:41:26.946456Z,604800
1588338061,1588942861,604800,302,847.8370183859963,1405.4757272958745,0.6032384636177451,Shuffle by Year + Shuffle by Month + Shuffle by Day of the Week,Shuffle by Year + Shuffle by Month + Shuffle by Day of the Week,out\Shuffle_by_Year_+_Shuffle_by_Month_+_Shuffle_by_Day_of_the_Week,42,2026-02-20T01:41:26.946456Z,604800
1588942861,1589547661,604800,355,1052.93222472946,1715.6051197756738,0.6137380989321933,Shuffle by Year + Shuffle by Month + Shuffle by Day of the Week,Shuffle by Year + Shuffle by Month + Shuffle by Day of the Week,out\Shuffle_by_Year_+_Shuffle_by_Month_+_Shuffle_by_Day_of_the_Week,42,2026-02-20T01:41:26.946456Z,604800
1589547661,1590152461,604800,389,1199.5979544066777,1916.5936973668345,0.6259010222431487,Shuffle by Year + Shuffle by Month + Shuffle by Day of the Week,Shuffle by Year + Shuffle by Month + Shuffle by Day of the Week,out\Shuffle_by_Year_+_Shuffle_by_Month_+_Shuffle_by_Day_of_the_Week,42,2026-02-20T01:41:26.946456Z,604800
1590152461,1590757261,604800,391,1190.9473636613395,1927.4299393772756,0.6178939837606326,Shuffle by Year + Shuffle by Month + Shuffle by Day of the Week,Shuffle by Year + Shuffle by Month + Shuffle by Day of the Week,out\Shuffle_by_Year_+_Shuffle_by_Month_+_Shuffle_by_Day_of_the_Week,42,2026-02-20T01:41:26.946456Z,604800
1590757261,1591362061,604800,473,1500.875294115359,2417.1647966081605,0.6209238593170946,Shuffle by Year + Shuffle by Month + Shuffle by Day of the Week,Shuffle by Year + Shuffle by Month + Shuffle by Day of the Week,out\Shuffle_by_Year_+_Shuffle_by_Month_+_Shuffle_by_Day_of_the_Week,42,2026-02-20T01:41:26.946456Z,604800
1591362061,1591966861,604800,466,1494.1136511534526,2374.606556747096,0.6292047189493973,Shuffle by Year + Shuffle by Month + Shuffle by Day of the Week,Shuffle by Year + Shuffle by Month + Shuffle by Day of the Week,out\Shuffle_by_Year_+_Shuffle_by_Month_+_Shuffle_by_Day_of_the_Week,42,2026-02-20T01:41:26.946456Z,604800
1591966861,1592571661,604800,505,1669.3989426041069,2622.3321213121408,0.6366085092870643,Shuffle by Year + Shuffle by Month + Shuffle by Day of the Week,Shuffle by Year + Shuffle by Month + Shuffle by Day of the Week,out\Shuffle_by_Year_+_Shuffle_by_Month_+_Shuffle_by_Day_of_the_Week,42,2026-02-20T01:41:26.946456Z,604800
1592571661,1593176461,604800,481,1571.2028332742589,2465.7555320812226,0.6372094933304617,Shuffle by Year + Shuffle by Month + Shuffle by Day of the Week,Shuffle by Year + Shuffle by Month + Shuffle by Day of the Week,out\Shuffle_by_Year_+_Shuffle_by_Month_+_Shuffle_by_Day_of_the_Week,42,2026-02-20T01:41:26.946456Z,604800
1593176461,1593781261,604800,458,1454.2430866649445,2335.335326030944,0.6227127515501281,Shuffle by Year + Shuffle by Month + Shuffle by Day of the Week,Shuffle by Year + Shuffle by Month + Shuffle by Day of the Week,out\Shuffle_by_Year_+_Shuffle_by_Month_+_Shuffle_by_Day_of_the_Week,42,2026-02-20T01:41:26.946456Z,604800
1593781261,1594386061,604800,422,1344.6588136919258,2120.457231935658,0.6341362577091239,Shuffle by Year + Shuffle by Month + Shuffle by Day of the Week,Shuffle by Year + Shuffle by Month + Shuffle by Day of the Week,out\Shuffle_by_Year_+_Shuffle_by_Month_+_Shuffle_by_Day_of_the_Week,42,2026-02-20T01:41:26.946456Z,604800
1594386061,1594990861,604800,489,1597.1331471866026,2521.3574188782745,0.6334417862490715,Shuffle by Year + Shuffle by Month + Shuffle by Day of the Week,Shuffle by Year + Shuffle by Month + Shuffle by Day of the Week,out\Shuffle_by_Year_+_Shuffle_by_Month_+_Shuffle_by_Day_of_the_Week,42,2026-02-20T01:41:26.946456Z,604800
1594990861,1595595661,604800,519,1723.633664536672,2709.8517972036107,0.6360619670475518,Shuffle by Year + Shuffle by Month + Shuffle by Day of the Week,Shuffle by Year + Shuffle by Month + Shuffle by Day of the Week,out\Shuffle_by_Year_+_Shuffle_by_Month_+_Shuffle_by_Day_of_the_Week,42,2026-02-20T01:41:26.946456Z,604800
1595595661,1596200461,604800,479,1561.2564199010765,2461.4359628014827,0.634286832359487,Shuffle by Year + Shuffle by Month + Shuffle by Day of the Week,Shuffle by Year + Shuffle by Month + Shuffle by Day of the Week,out\Shuffle_by_Year_+_Shuffle_by_Month_+_Shuffle_by_Day_of_the_Week,42,2026-02-20T01:41:26.946456Z,604800
1596200461,1596805261,604800,519,1698.8971245349421,2706.9093094445757,0.6276150880295043,Shuffle by Year + Shuffle by Month + Shuffle by Day of the Week,Shuffle by Year + Shuffle by Month + Shuffle by Day of the Week,out\Shuffle_by_Year_+_Shuffle_by_Month_+_Shuffle_by_Day_of_the_Week,42,2026-02-20T01:41:26.946456Z,604800
1596805261,1597410061,604800,456,1464.7167542062878,2327.3604395749517,0.6293467609485494,Shuffle by Year + Shuffle by Month + Shuffle by Day of the Week,Shuffle by Year + Shuffle by Month + Shuffle by Day of the Week,out\Shuffle_by_Year_+_Shuffle_by_Month_+_Shuffle_by_Day_of_the_Week,42,2026-02-20T01:41:26.946456Z,604800
1597410061,1598014861,604800,503,1662.0486617754223,2612.9452574094857,0.6360824655864405,Shuffle by Year + Shuffle by Month + Shuffle by Day of the Week,Shuffle by Year + Shuffle by Month + Shuffle by Day of the Week,out\Shuffle_by_Year_+_Shuffle_by_Month_+_Shuffle_by_Day_of_the_Week,42,2026-02-20T01:41:26.946456Z,604800
1598014861,1598619661,604800,466,1515.7767388445625,2383.44757105758,0.6359597573073463,Shuffle by Year + Shuffle by Month + Shuffle by Day of the Week,Shuffle by Year + Shuffle by Month + Shuffle by Day of the Week,out\Shuffle_by_Year_+_Shuffle_by_Month_+_Shuffle_by_Day_of_the_Week,42,2026-02-20T01:41:26.946456Z,604800
1598619661,1599224461,604800,527,1737.228591422982,2753.1223280471354,0.6310030519621863,Shuffle by Year + Shuffle by Month + Shuffle by Day of the Week,Shuffle by Year + Shuffle by Month + Shuffle by Day of the Week,out\Shuffle_by_Year_+_Shuffle_by_Month_+_Shuffle_by_Day_of_the_Week,42,2026-02-20T01:41:26.946456Z,604800
1599224461,1599829261,604800,508,1695.0478909503497,2640.8998673969413,0.6418448165628897,Shuffle by Year + Shuffle by Month + Shuffle by Day of the Week,Shuffle by Year + Shuffle by Month + Shuffle by Day of the Week,out\Shuffle_by_Year_+_Shuffle_by_Month_+_Shuffle_by_Day_of_the_Week,42,2026-02-20T01:41:26.946456Z,604800
1599829261,1600434061,604800,479,1570.8768777362116,2462.1291099820423,0.6380156391342405,Shuffle by Year + Shuffle by Month + Shuffle by Day of the Week,Shuffle by Year + Shuffle by Month + Shuffle by Day of the Week,out\Shuffle_by_Year_+_Shuffle_by_Month_+_Shuffle_by_Day_of_the_Week,42,2026-02-20T01:41:26.946456Z,604800
1600434061,1601038861,604800,436,1387.189182198445,2206.719613997564,0.6286204977738401,Shuffle by Year + Shuffle by Month + Shuffle by Day of the Week,Shuffle by Year + Shuffle by Month + Shuffle by Day of the Week,out\Shuffle_by_Year_+_Shuffle_by_Month_+_Shuffle_by_Day_of_the_Week,42,2026-02-20T01:41:26.946456Z,604800
1601038861,1601643661,604800,433,1348.0622719321466,2187.1072868279057,0.6163676926372108,Shuffle by Year + Shuffle by Month + Shuffle by Day of the Week,Shuffle by Year + Shuffle by Month + Shuffle by Day of the Week,out\Shuffle_by_Year_+_Shuffle_by_Month_+_Shuffle_by_Day_of_the_Week,42,2026-02-20T01:41:26.946456Z,604800
1601643661,1602248461,604800,473,1532.7618876338381,2422.2399704233944,0.6327869684050832,Shuffle by Year + Shuffle by Month + Shuffle by Day of the Week,Shuffle by Year + Shuffle by Month + Shuffle by Day of the Week,out\Shuffle_by_Year_+_Shuffle_by_Month_+_Shuffle_by_Day_of_the_Week,42,2026-02-20T01:41:26.946456Z,604800
1602248461,1602853261,604800,487,1591.8559540429103,2516.42946093231,0.6325851682936285,Shuffle by Year + Shuffle by Month + Shuffle by Day of the Week,Shuffle by Year + Shuffle by Month + Shuffle by Day of the Week,out\Shuffle_by_Year_+_Shuffle_by_Month_+_Shuffle_by_Day_of_the_Week,42,2026-02-20T01:41:26.946456Z,604800
1602853261,1603458061,604800,466,1507.1469776667197,2380.387300262888,0.6331519990466559,Shuffle by Year + Shuffle by Month + Shuffle by Day of the Week,Shuffle by Year + Shuffle by Month + Shuffle by Day of the Week,out\Shuffle_by_Year_+_Shuffle_by_Month_+_Shuffle_by_Day_of_the_Week,42,2026-02-20T01:41:26.946456Z,604800
1603458061,1604062861,604800,466,1504.7241443040393,2376.110634143872,0.6332719203734388,Shuffle by Year + Shuffle by Month + Shuffle by Day of the Week,Shuffle by Year + Shuffle by Month + Shuffle by Day of the Week,out\Shuffle_by_Year_+_Shuffle_by_Month_+_Shuffle_by_Day_of_the_Week,42,2026-02-20T01:41:26.946456Z,604800
1604062861,1604667661,604800,431,1345.3017032712432,2168.6120158509634,0.6203514936918519,Shuffle by Year + Shuffle by Month + Shuffle by Day of the Week,Shuffle by Year + Shuffle by Month + Shuffle by Day of the Week,out\Shuffle_by_Year_+_Shuffle_by_Month_+_Shuffle_by_Day_of_the_Week,42,2026-02-20T01:41:26.946456Z,604800
1604667661,1605272461,604800,502,1654.2100835756962,2595.9219944228785,0.6372341261138156,Shuffle by Year + Shuffle by Month + Shuffle by Day of the Week,Shuffle by Year + Shuffle by Month + Shuffle by Day of the Week,out\Shuffle_by_Year_+_Shuffle_by_Month_+_Shuffle_by_Day_of_the_Week,42,2026-02-20T01:41:26.946456Z,604800
1605272461,1605877261,604800,471,1524.4922533392812,2408.4198186525405,0.6329844330014699,Shuffle by Year + Shuffle by Month + Shuffle by Day of the Week,Shuffle by Year + Shuffle by Month + Shuffle by Day of the Week,out\Shuffle_by_Year_+_Shuffle_by_Month_+_Shuffle_by_Day_of_the_Week,42,2026-02-20T01:41:26.946456Z,604800
1605877261,1606482061,604800,429,1352.7842642767193,2148.1643563854527,0.6297396473670865,Shuffle by Year + Shuffle by Month + Shuffle by Day of the Week,Shuffle by Year + Shuffle by Month + Shuffle by Day of the Week,out\Shuffle_by_Year_+_Shuffle_by_Month_+_Shuffle_by_Day_of_the_Week,42,2026-02-20T01:41:26.946456Z,604800
1606482061,1607086861,604800,450,1433.8300185724945,2284.8777669878345,0.6275302947442652,Shuffle by Year + Shuffle by Month + Shuffle by Day of the Week,Shuffle by Year + Shuffle by Month + Shuffle by Day of the Week,out\Shuffle_by_Year_+_Shuffle_by_Month_+_Shuffle_by_Day_of_the_Week,42,2026-02-20T01:41:26.946456Z,604800
1607086861,1607691661,604800,476,1550.332132520055,2445.699723702932,0.6339012583984602,Shuffle by Year + Shuffle by Month + Shuffle by Day of the Week,Shuffle by Year + Shuffle by Month + Shuffle by Day of the Week,out\Shuffle_by_Year_+_Shuffle_by_Month_+_Shuffle_by_Day_of_the_Week,42,2026-02-20T01:41:26.946456Z,604800
1607691661,1608296461,604800,494,1625.2576420405956,2545.8237851074055,0.6384014681409019,Shuffle by Year + Shuffle by Month + Shuffle by Day of the Week,Shuffle by Year + Shuffle by Month + Shuffle by Day of the Week,out\Shuffle_by_Year_+_Shuffle_by_Month_+_Shuffle_by_Day_of_the_Week,42,2026-02-20T01:41:26.946456Z,604800
1608296461,1608901261,604800,428,1363.223192507949,2151.5192779219124,0.6336095644119188,Shuffle by Year + Shuffle by Month + Shuffle by Day of the Week,Shuffle by Year + Shuffle by Month + Shuffle by Day of the Week,out\Shuffle_by_Year_+_Shuffle_by_Month_+_Shuffle_by_Day_of_the_Week,42,2026-02-20T01:41:26.946456Z,604800
1608901261,1609506061,604800,382,1149.1416306788337,1873.1111702758142,0.6134935549552157,Shuffle by Year + Shuffle by Month + Shuffle by Day of the Week,Shuffle by Year + Shuffle by Month + Shuffle by Day of the Week,out\Shuffle_by_Year_+_Shuffle_by_Month_+_Shuffle_by_Day_of_the_Week,42,2026-02-20T01:41:26.946456Z,604800
1609506061,1610110861,604800,432,1363.808632754847,2173.6996121861957,0.6274135695240789,Shuffle by Year + Shuffle by Month + Shuffle by Day of the Week,Shuffle by Year + Shuffle by Month + Shuffle by Day of the Week,out\Shuffle_by_Year_+_Shuffle_by_Month_+_Shuffle_by_Day_of_the_Week,42,2026-02-20T01:41:26.946456Z,604800
1610110861,1610715661,604800,410,1277.524687295011,2036.1737214861166,0.627414387001616,Shuffle by Year + Shuffle by Month + Shuffle by Day of the Week,Shuffle by Year + Shuffle by Month + Shuffle by Day of the Week,out\Shuffle_by_Year_+_Shuffle_by_Month_+_Shuffle_by_Day_of_the_Week,42,2026-02-20T01:41:26.946456Z,604800
1610715661,1611320461,604800,378,1147.8325510216,1853.334226880842,0.6193338116640732,Shuffle by Year + Shuffle by Month + Shuffle by Day of the Week,Shuffle by Year + Shuffle by Month + Shuffle by Day of the Week,out\Shuffle_by_Year_+_Shuffle_by_Month_+_Shuffle_by_Day_of_the_Week,42,2026-02-20T01:41:26.946456Z,604800
1611320461,1611925261,604800,420,1313.8793562589494,2101.7258040547913,0.6251430865644437,Shuffle by Year + Shuffle by Month + Shuffle by Day of the Week,Shuffle by Year + Shuffle by Month + Shuffle by Day of the Week,out\Shuffle_by_Year_+_Shuffle_by_Month_+_Shuffle_by_Day_of_the_Week,42,2026-02-20T01:41:26.946456Z,604800
1611925261,1612530061,604800,406,1244.9355355486484,2022.638759554584,0.6155006818038048,Shuffle by Year + Shuffle by Month + Shuffle by Day of the Week,Shuffle by Year + Shuffle by Month + Shuffle by Day of the Week,out\Shuffle_by_Year_+_Shuffle_by_Month_+_Shuffle_by_Day_of_the_Week,42,2026-02-20T01:41:26.946456Z,604800
1612530061,1613134861,604800,467,1506.2171783523313,2383.643257762661,0.6318970649014397,Shuffle by Year + Shuffle by Month + Shuffle by Day of the Week,Shuffle by Year + Shuffle by Month + Shuffle by Day of the Week,out\Shuffle_by_Year_+_Shuffle_by_Month_+_Shuffle_by_Day_of_the_Week,42,2026-02-20T01:41:26.946456Z,604800
1613134861,1613739661,604800,420,1319.5479734766172,2103.805245596471,0.6272196422357046,Shuffle by Year + Shuffle by Month + Shuffle by Day of the Week,Shuffle by Year + Shuffle by Month + Shuffle by Day of the Week,out\Shuffle_by_Year_+_Shuffle_by_Month_+_Shuffle_by_Day_of_the_Week,42,2026-02-20T01:41:26.946456Z,604800
1613739661,1614344461,604800,462,1489.5632697308008,2362.7549374224623,0.6304349410674688,Shuffle by Year + Shuffle by Month + Shuffle by Day of the Week,Shuffle by Year + Shuffle by Month + Shuffle by Day of the Week,out\Shuffle_by_Year_+_Shuffle_by_Month_+_Shuffle_by_Day_of_the_Week,42,2026-02-20T01:41:26.946456Z,604800
1614344461,1614949261,604800,447,1416.5302026560087,2270.545687331477,0.6238721425248333,Shuffle by Year + Shuffle by Month + Shuffle by Day of the Week,Shuffle by Year + Shuffle by Month + Shuffle by Day of the Week,out\Shuffle_by_Year_+_Shuffle_by_Month_+_Shuffle_by_Day_of_the_Week,42,2026-02-20T01:41:26.946456Z,604800
1614949261,1615554061,604800,444,1413.970635327193,2248.0858524193172,0.6289664755487534,Shuffle by Year + Shuffle by Month + Shuffle by Day of the Week,Shuffle by Year + Shuffle by Month + Shuffle by Day of the Week,out\Shuffle_by_Year_+_Shuffle_by_Month_+_Shuffle_by_Day_of_the_Week,42,2026-02-20T01:41:26.946456Z,604800
1615554061,1616158861,604800,472,1528.6288589105066,2417.061704287915,0.6324326996694744,Shuffle by Year + Shuffle by Month + Shuffle by Day of the Week,Shuffle by Year + Shuffle by Month + Shuffle by Day of the Week,out\Shuffle_by_Year_+_Shuffle_by_Month_+_Shuffle_by_Day_of_the_Week,42,2026-02-20T01:41:26.946456Z,604800
1616158861,1616763661,604800,522,1746.4169492123615,2726.25192003069,0.6405926526381691,Shuffle by Year + Shuffle by Month + Shuffle by Day of the Week,Shuffle by Year + Shuffle by Month + Shuffle by Day of the Week,out\Shuffle_by_Year_+_Shuffle_by_Month_+_Shuffle_by_Day_of_the_Week,42,2026-02-20T01:41:26.946456Z,604800
1616763661,1617368461,604800,473,1497.4577430858756,2426.922101650519,0.6170192863081487,Shuffle by Year + Shuffle by Month + Shuffle by Day of the Week,Shuffle by Year + Shuffle by Month + Shuffle by Day of the Week,out\Shuffle_by_Year_+_Shuffle_by_Month_+_Shuffle_by_Day_of_the_Week,42,2026-02-20T01:41:26.946456Z,604800
1617368461,1617973261,604800,475,1552.2295804573741,2432.1973689349925,0.6382005014408277,Shuffle by Year + Shuffle by Month + Shuffle by Day of the Week,Shuffle by Year + Shuffle by Month + Shuffle by Day of the Week,out\Shuffle_by_Year_+_Shuffle_by_Month_+_Shuffle_by_Day_of_the_Week,42,2026-02-20T01:41:26.946456Z,604800
1617973261,1618578061,604800,507,1682.0440150279896,2634.6693859493635,0.638426978351931,Shuffle by Year + Shuffle by Month + Shuffle by Day of the Week,Shuffle by Year + Shuffle by Month + Shuffle by Day of the Week,out\Shuffle_by_Year_+_Shuffle_by_Month_+_Shuffle_by_Day_of_the_Week,42,2026-02-20T01:41:26.946456Z,604800
1618578061,1619182861,604800,512,1697.675440067635,2656.425041899066,0.6390827571983642,Shuffle by Year + Shuffle by Month + Shuffle by Day of the Week,Shuffle by Year + Shuffle by Month + Shuffle by Day of the Week,out\Shuffle_by_Year_+_Shuffle_by_Month_+_Shuffle_by_Day_of_the_Week,42,2026-02-20T01:41:26.946456Z,604800
1619182861,1619787661,604800,543,1839.4882208125211,2855.326925849852,0.6442303345929541,Shuffle by Year + Shuffle by Month + Shuffle by Day of the Week,Shuffle by Year + Shuffle by Month + Shuffle by Day of the Week,out\Shuffle_by_Year_+_Shuffle_by_Month_+_Shuffle_by_Day_of_the_Week,42,2026-02-20T01:41:26.946456Z,604800
1619787661,1620392461,604800,501,1633.9699280768582,2597.7334783974543,0.6289982947307038,Shuffle by Year + Shuffle by Month + Shuffle by Day of the Week,Shuffle by Year + Shuffle by Month + Shuffle by Day of the Week,out\Shuffle_by_Year_+_Shuffle_by_Month_+_Shuffle_by_Day_of_the_Week,42,2026-02-20T01:41:26.946456Z,604800
1620392461,1620997261,604800,500,1653.0312285289979,2595.9634374521806,0.6367698422406798,Shuffle by Year + Shuffle by Month + Shuffle by Day of the Week,Shuffle by Year + Shuffle by Month + Shuffle by Day of the Week,out\Shuffle_by_Year_+_Shuffle_by_Month_+_Shuffle_by_Day_of_the_Week,42,2026-02-20T01:41:26.946456Z,604800
1620997261,1621602061,604800,554,1870.5287860015537,2921.2500903171226,0.6403179214958944,Shuffle by Year + Shuffle by Month + Shuffle by Day of the Week,Shuffle by Year + Shuffle by Month + Shuffle by Day of the Week,out\Shuffle_by_Year_+_Shuffle_by_Month_+_Shuffle_by_Day_of_the_Week,42,2026-02-20T01:41:26.946456Z,604800
1621602061,1622206861,604800,544,1838.3404707585682,2867.2888355768446,0.6411424087970296,Shuffle by Year + Shuffle by Month + Shuffle by Day of the Week,Shuffle by Year + Shuffle by Month + Shuffle by Day of the Week,out\Shuffle_by_Year_+_Shuffle_by_Month_+_Shuffle_by_Day_of_the_Week,42,2026-02-20T01:41:26.946456Z,604800
1622206861,1622811661,604800,477,1534.3031595807083,2444.2426212076607,0.6277213015877425,Shuffle by Year + Shuffle by Month + Shuffle by Day of the Week,Shuffle by Year + Shuffle by Month + Shuffle by Day of the Week,out\Shuffle_by_Year_+_Shuffle_by_Month_+_Shuffle_by_Day_of_the_Week,42,2026-02-20T01:41:26.946456Z,604800
1622811661,1623416461,604800,513,1703.4358797212733,2677.0515094992,0.6363104608472541,Shuffle by Year + Shuffle by Month + Shuffle by Day of the Week,Shuffle by Year + Shuffle by Month + Shuffle by Day of the Week,out\Shuffle_by_Year_+_Shuffle_by_Month_+_Shuffle_by_Day_of_the_Week,42,2026-02-20T01:41:26.946456Z,604800
1623416461,1624021261,604800,568,1951.7761762241214,3016.927549192421,0.6469416797054268,Shuffle by Year + Shuffle by Month + Shuffle by Day of the Week,Shuffle by Year + Shuffle by Month + Shuffle by Day of the Week,out\Shuffle_by_Year_+_Shuffle_by_Month_+_Shuffle_by_Day_of_the_Week,42,2026-02-20T01:41:26.946456Z,604800
1624021261,1624626061,604800,532,1782.384012022216,2791.8236321935374,0.6384300180960198,Shuffle by Year + Shuffle by Month + Shuffle by Day of the Week,Shuffle by Year + Shuffle by Month + Shuffle by Day of the Week,out\Shuffle_by_Year_+_Shuffle_by_Month_+_Shuffle_by_Day_of_the_Week,42,2026-02-20T01:41:26.946456Z,604800
1624626061,1625230861,604800,493,1596.4236665637152,2547.0759695395814,0.6267671972313769,Shuffle by Year + Shuffle by Month + Shuffle by Day of the Week,Shuffle by Year + Shuffle by Month + Shuffle by Day of the Week,out\Shuffle_by_Year_+_Shuffle_by_Month_+_Shuffle_by_Day_of_the_Week,42,2026-02-20T01:41:26.946456Z,604800
1625230861,1625835661,604800,460,1484.9459366830642,2350.4859744883843,0.6317612412072713,Shuffle by Year + Shuffle by Month + Shuffle by Day of the Week,Shuffle by Year + Shuffle by Month + Shuffle by Day of the Week,out\Shuffle_by_Year_+_Shuffle_by_Month_+_Shuffle_by_Day_of_the_Week,42,2026-02-20T01:41:26.946456Z,604800
1625835661,1626440461,604800,538,1818.3745631298482,2833.276224994552,0.6417921934644211,Shuffle by Year + Shuffle by Month + Shuffle by Day of the Week,Shuffle by Year + Shuffle by Month + Shuffle by Day of the Week,out\Shuffle_by_Year_+_Shuffle_by_Month_+_Shuffle_by_Day_of_the_Week,42,2026-02-20T01:41:26.946456Z,604800
1626440461,1627045261,604800,511,1685.2397799750352,2656.047747667925,0.6344915227727804,Shuffle by Year + Shuffle by Month + Shuffle by Day of the Week,Shuffle by Year + Shuffle by Month + Shuffle by Day of the Week,out\Shuffle_by_Year_+_Shuffle_by_Month_+_Shuffle_by_Day_of_the_Week,42,2026-02-20T01:41:26.946456Z,604800
1627045261,1627650061,604800,544,1831.2428261609605,2861.2204099886003,0.6400215865118397,Shuffle by Year + Shuffle by Month + Shuffle by Day of the Week,Shuffle by Year + Shuffle by Month + Shuffle by Day of the Week,out\Shuffle_by_Year_+_Shuffle_by_Month_+_Shuffle_by_Day_of_the_Week,42,2026-02-20T01:41:26.946456Z,604800
1627650061,1628254861,604800,501,1628.2527307448831,2602.990973769482,0.6255314548351866,Shuffle by Year + Shuffle by Month + Shuffle by Day of the Week,Shuffle by Year + Shuffle by Month + Shuffle by Day of the Week,out\Shuffle_by_Year_+_Shuffle_by_Month_+_Shuffle_by_Day_of_the_Week,42,2026-02-20T01:41:26.946456Z,604800
1628254861,1628859661,604800,469,1512.535605696867,2395.536863718917,0.6313973408652758,Shuffle by Year + Shuffle by Month + Shuffle by Day of the Week,Shuffle by Year + Shuffle by Month + Shuffle by Day of the Week,out\Shuffle_by_Year_+_Shuffle_by_Month_+_Shuffle_by_Day_of_the_Week,42,2026-02-20T01:41:26.946456Z,604800
1628859661,1629464461,604800,498,1653.2196567332312,2581.1690996438756,0.6404925802657897,Shuffle by Year + Shuffle by Month + Shuffle by Day of the Week,Shuffle by Year + Shuffle by Month + Shuffle by Day of the Week,out\Shuffle_by_Year_+_Shuffle_by_Month_+_Shuffle_by_Day_of_the_Week,42,2026-02-20T01:41:26.946456Z,604800
1629464461,1630069261,604800,471,1517.7016818390302,2409.348531904413,0.6299220149105611,Shuffle by Year + Shuffle by Month + Shuffle by Day of the Week,Shuffle by Year + Shuffle by Month + Shuffle by Day of the Week,out\Shuffle_by_Year_+_Shuffle_by_Month_+_Shuffle_by_Day_of_the_Week,42,2026-02-20T01:41:26.946456Z,604800
1630069261,1630674061,604800,507,1644.852380251126,2633.688556696352,0.6245432384436514,Shuffle by Year + Shuffle by Month + Shuffle by Day of the Week,Shuffle by Year + Shuffle by Month + Shuffle by Day of the Week,out\Shuffle_by_Year_+_Shuffle_by_Month_+_Shuffle_by_Day_of_the_Week,42,2026-02-20T01:41:26.946456Z,604800
1630674061,1631278861,604800,441,1409.2523124672505,2236.44893793791,0.6301294380396782,Shuffle by Year + Shuffle by Month + Shuffle by Day of the Week,Shuffle by Year + Shuffle by Month + Shuffle by Day of the Week,out\Shuffle_by_Year_+_Shuffle_by_Month_+_Shuffle_by_Day_of_the_Week,42,2026-02-20T01:41:26.946456Z,604800
1631278861,1631883661,604800,459,1479.8474528403347,2341.464376241004,0.6320179234228143,Shuffle by Year + Shuffle by Month + Shuffle by Day of the Week,Shuffle by Year + Shuffle by Month + Shuffle by Day of the Week,out\Shuffle_by_Year_+_Shuffle_by_Month_+_Shuffle_by_Day_of_the_Week,42,2026-02-20T01:41:26.946456Z,604800
1631883661,1632488461,604800,465,1505.1283213881975,2380.3636562181455,0.6323102427884918,Shuffle by Year + Shuffle by Month + Shuffle by Day of the Week,Shuffle by Year + Shuffle by Month + Shuffle by Day of the Week,out\Shuffle_by_Year_+_Shuffle_by_Month_+_Shuffle_by_Day_of_the_Week,42,2026-02-20T01:41:26.946456Z,604800
1632488461,1633093261,604800,479,1556.2569263514956,2465.3071638123906,0.6312628905620324,Shuffle by Year + Shuffle by Month + Shuffle by Day of the Week,Shuffle by Year + Shuffle by Month + Shuffle by Day of the Week,out\Shuffle_by_Year_+_Shuffle_by_Month_+_Shuffle_by_Day_of_the_Week,42,2026-02-20T01:41:26.946456Z,604800
1633093261,1633698061,604800,501,1659.8776666893718,2600.506067119694,0.638290249608163,Shuffle by Year + Shuffle by Month + Shuffle by Day of the Week,Shuffle by Year + Shuffle by Month + Shuffle by Day of the Week,out\Shuffle_by_Year_+_Shuffle_by_Month_+_Shuffle_by_Day_of_the_Week,42,2026-02-20T01:41:26.946456Z,604800
1633698061,1634302861,604800,503,1657.4434590591752,2604.50970820711,0.6363744599747047,Shuffle by Year + Shuffle by Month + Shuffle by Day of the Week,Shuffle by Year + Shuffle by Month + Shuffle by Day of the Week,out\Shuffle_by_Year_+_Shuffle_by_Month_+_Shuffle_by_Day_of_the_Week,42,2026-02-20T01:41:26.946456Z,604800
1634302861,1634907661,604800,487,1587.7255112462376,2512.2705778489503,0.6319882600407142,Shuffle by Year + Shuffle by Month + Shuffle by Day of the Week,Shuffle by Year + Shuffle by Month + Shuffle by Day of the Week,out\Shuffle_by_Year_+_Shuffle_by_Month_+_Shuffle_by_Day_of_the_Week,42,2026-02-20T01:41:26.946456Z,604800
1634907661,1635512461,604800,473,1522.219050769427,2419.8728468092627,0.6290491885871432,Shuffle by Year + Shuffle by Month + Shuffle by Day of the Week,Shuffle by Year + Shuffle by Month + Shuffle by Day of the Week,out\Shuffle_by_Year_+_Shuffle_by_Month_+_Shuffle_by_Day_of_the_Week,42,2026-02-20T01:41:26.946456Z,604800
1635512461,1636117261,604800,410,1260.5917161332204,2046.283247122064,0.6160396992479624,Shuffle by Year + Shuffle by Month + Shuffle by Day of the Week,Shuffle by Year + Shuffle by Month + Shuffle by Day of the Week,out\Shuffle_by_Year_+_Shuffle_by_Month_+_Shuffle_by_Day_of_the_Week,42,2026-02-20T01:41:26.946456Z,604800
1636117261,1636722061,604800,473,1531.5072395577067,2422.6454355315027,0.6321631787697857,Shuffle by Year + Shuffle by Month + Shuffle by Day of the Week,Shuffle by Year + Shuffle by Month + Shuffle by Day of the Week,out\Shuffle_by_Year_+_Shuffle_by_Month_+_Shuffle_by_Day_of_the_Week,42,2026-02-20T01:41:26.946456Z,604800
1636722061,1637326861,604800,469,1527.8718171663172,2404.377878029401,0.6354541152318962,Shuffle by Year + Shuffle by Month + Shuffle by Day of the Week,Shuffle by Year + Shuffle by Month + Shuffle by Day of the Week,out\Shuffle_by_Year_+_Shuffle_by_Month_+_Shuffle_by_Day_of_the_Week,42,2026-02-20T01:41:26.946456Z,604800
1637326861,1637931661,604800,454,1464.4374998454916,2305.701270891099,0.6351375689182499,Shuffle by Year + Shuffle by Month + Shuffle by Day of the Week,Shuffle by Year + Shuffle by Month + Shuffle by Day of the Week,out\Shuffle_by_Year_+_Shuffle_by_Month_+_Shuffle_by_Day_of_the_Week,42,2026-02-20T01:41:26.946456Z,604800
1637931661,1638536461,604800,481,1565.5153980295888,2474.766445428502,0.6325911687228014,Shuffle by Year + Shuffle by Month + Shuffle by Day of the Week,Shuffle by Year + Shuffle by Month + Shuffle by Day of the Week,out\Shuffle_by_Year_+_Shuffle_by_Month_+_Shuffle_by_Day_of_the_Week,42,2026-02-20T01:41:26.946456Z,604800
1638536461,1639141261,604800,564,1925.2966653641192,2977.6534605349043,0.6465818440196395,Shuffle by Year + Shuffle by Month + Shuffle by Day of the Week,Shuffle by Year + Shuffle by Month + Shuffle by Day of the Week,out\Shuffle_by_Year_+_Shuffle_by_Month_+_Shuffle_by_Day_of_the_Week,42,2026-02-20T01:41:26.946456Z,604800
1639141261,1639746061,604800,474,1553.641977602776,2437.935339236133,0.6372777622927323,Shuffle by Year + Shuffle by Month + Shuffle by Day of the Week,Shuffle by Year + Shuffle by Month + Shuffle by Day of the Week,out\Shuffle_by_Year_+_Shuffle_by_Month_+_Shuffle_by_Day_of_the_Week,42,2026-02-20T01:41:26.946456Z,604800
1639746061,1640350861,604800,453,1451.3231504158512,2303.048909595857,0.6301746977099726,Shuffle by Year + Shuffle by Month + Shuffle by Day of the Week,Shuffle by Year + Shuffle by Month + Shuffle by Day of the Week,out\Shuffle_by_Year_+_Shuffle_by_Month_+_Shuffle_by_Day_of_the_Week,42,2026-02-20T01:41:26.946456Z,604800
1451653261,1452258061,604800,1101,3019.8811180619714,6553.8516899338665,0.46077959357857307,Shuffle by Year + Shuffle by Month + Shuffle by Day of the Week + Shuffle by Time of Day,Shuffle by Year + Shuffle by Month + Shuffle by Day of the Week + Shuffle by Time of Day,out\Shuffle_by_Year_+_Shuffle_by_Month_+_Shuffle_by_Day_of_the_Week_+_Shuffle_by_Time_of_Day,42,2026-02-20T01:42:41.465789Z,604800
1452258061,1452862861,604800,1077,2937.7676544665146,6377.978710562234,0.46061107880486224,Shuffle by Year + Shuffle by Month + Shuffle by Day of the Week + Shuffle by Time of Day,Shuffle by Year + Shuffle by Month + Shuffle by Day of the Week + Shuffle by Time of Day,out\Shuffle_by_Year_+_Shuffle_by_Month_+_Shuffle_by_Day_of_the_Week_+_Shuffle_by_Time_of_Day,42,2026-02-20T01:42:41.465789Z,604800
1452862861,1453467661,604800,994,2637.6484897241626,5805.59295541802,0.45432887044941717,Shuffle by Year + Shuffle by Month + Shuffle by Day of the Week + Shuffle by Time of Day,Shuffle by Year + Shuffle by Month + Shuffle by Day of the Week + Shuffle by Time of Day,out\Shuffle_by_Year_+_Shuffle_by_Month_+_Shuffle_by_Day_of_the_Week_+_Shuffle_by_Time_of_Day,42,2026-02-20T01:42:41.465789Z,604800
1453467661,1454072461,604800,946,2501.261075310607,5485.1669597873515,0.4560045471081842,Shuffle by Year + Shuffle by Month + Shuffle by Day of the Week + Shuffle by Time of Day,Shuffle by Year + Shuffle by Month + Shuffle by Day of the Week + Shuffle by Time of Day,out\Shuffle_by_Year_+_Shuffle_by_Month_+_Shuffle_by_Day_of_the_Week_+_Shuffle_by_Time_of_Day,42,2026-02-20T01:42:41.465789Z,604800
1454072461,1454677261,604800,1040,2785.975812107786,6134.99860832446,0.45411188982627476,Shuffle by Year + Shuffle by Month + Shuffle by Day of the Week + Shuffle by Time of Day,Shuffle by Year + Shuffle by Month + Shuffle by Day of the Week + Shuffle by Time of Day,out\Shuffle_by_Year_+_Shuffle_by_Month_+_Shuffle_by_Day_of_the_Week_+_Shuffle_by_Time_of_Day,42,2026-02-20T01:42:41.465789Z,604800
1454677261,1455282061,604800,958,2519.266794465694,5566.782815080834,0.452553454688552,Shuffle by Year + Shuffle by Month + Shuffle by Day of the Week + Shuffle by Time of Day,Shuffle by Year + Shuffle by Month + Shuffle by Day of the Week + Shuffle by Time of Day,out\Shuffle_by_Year_+_Shuffle_by_Month_+_Shuffle_by_Day_of_the_Week_+_Shuffle_by_Time_of_Day,42,2026-02-20T01:42:41.465789Z,604800
1455282061,1455886861,604800,932,2414.284360129248,5389.044537124854,0.4479985911226685,Shuffle by Year + Shuffle by Month + Shuffle by Day of the Week + Shuffle by Time of Day,Shuffle by Year + Shuffle by Month + Shuffle by Day of the Week + Shuffle by Time of Day,out\Shuffle_by_Year_+_Shuffle_by_Month_+_Shuffle_by_Day_of_the_Week_+_Shuffle_by_Time_of_Day,42,2026-02-20T01:42:41.465789Z,604800
1455886861,1456491661,604800,1052,2838.1966101603234,6205.790473252456,0.457346509263118,Shuffle by Year + Shuffle by Month + Shuffle by Day of the Week + Shuffle by Time of Day,Shuffle by Year + Shuffle by Month + Shuffle by Day of the Week + Shuffle by Time of Day,out\Shuffle_by_Year_+_Shuffle_by_Month_+_Shuffle_by_Day_of_the_Week_+_Shuffle_by_Time_of_Day,42,2026-02-20T01:42:41.465789Z,604800
1456491661,1457096461,604800,1025,2707.5813969703686,6009.93108803418,0.4505178773781923,Shuffle by Year + Shuffle by Month + Shuffle by Day of the Week + Shuffle by Time of Day,Shuffle by Year + Shuffle by Month + Shuffle by Day of the Week + Shuffle by Time of Day,out\Shuffle_by_Year_+_Shuffle_by_Month_+_Shuffle_by_Day_of_the_Week_+_Shuffle_by_Time_of_Day,42,2026-02-20T01:42:41.465789Z,604800
1457096461,1457701261,604800,1072,2905.219151435692,6357.228960869745,0.4569945756740879,Shuffle by Year + Shuffle by Month + Shuffle by Day of the Week + Shuffle by Time of Day,Shuffle by Year + Shuffle by Month + Shuffle by Day of the Week + Shuffle by Time of Day,out\Shuffle_by_Year_+_Shuffle_by_Month_+_Shuffle_by_Day_of_the_Week_+_Shuffle_by_Time_of_Day,42,2026-02-20T01:42:41.465789Z,604800
1457701261,1458306061,604800,1053,2843.5638776851015,6221.473103039417,0.45705636439960123,Shuffle by Year + Shuffle by Month + Shuffle by Day of the Week + Shuffle by Time of Day,Shuffle by Year + Shuffle by Month + Shuffle by Day of the Week + Shuffle by Time of Day,out\Shuffle_by_Year_+_Shuffle_by_Month_+_Shuffle_by_Day_of_the_Week_+_Shuffle_by_Time_of_Day,42,2026-02-20T01:42:41.465789Z,604800
1458306061,1458910861,604800,977,2572.1106494666897,5703.650245200965,0.45095869116989706,Shuffle by Year + Shuffle by Month + Shuffle by Day of the Week + Shuffle by Time of Day,Shuffle by Year + Shuffle by Month + Shuffle by Day of the Week + Shuffle by Time of Day,out\Shuffle_by_Year_+_Shuffle_by_Month_+_Shuffle_by_Day_of_the_Week_+_Shuffle_by_Time_of_Day,42,2026-02-20T01:42:41.465789Z,604800
1458910861,1459515661,604800,954,2467.986151271773,5549.033755185716,0.44475962125214613,Shuffle by Year + Shuffle by Month + Shuffle by Day of the Week + Shuffle by Time of Day,Shuffle by Year + Shuffle by Month + Shuffle by Day of the Week + Shuffle by Time of Day,out\Shuffle_by_Year_+_Shuffle_by_Month_+_Shuffle_by_Day_of_the_Week_+_Shuffle_by_Time_of_Day,42,2026-02-20T01:42:41.465789Z,604800
1459515661,1460120461,604800,922,2375.848044128752,5331.522329947783,0.44562282535765374,Shuffle by Year + Shuffle by Month + Shuffle by Day of the Week + Shuffle by Time of Day,Shuffle by Year + Shuffle by Month + Shuffle by Day of the Week + Shuffle by Time of Day,out\Shuffle_by_Year_+_Shuffle_by_Month_+_Shuffle_by_Day_of_the_Week_+_Shuffle_by_Time_of_Day,42,2026-02-20T01:42:41.465789Z,604800
1460120461,1460725261,604800,949,2462.105372351087,5503.127332495959,0.4474011273212521,Shuffle by Year + Shuffle by Month + Shuffle by Day of the Week + Shuffle by Time of Day,Shuffle by Year + Shuffle by Month + Shuffle by Day of the Week + Shuffle by Time of Day,out\Shuffle_by_Year_+_Shuffle_by_Month_+_Shuffle_by_Day_of_the_Week_+_Shuffle_by_Time_of_Day,42,2026-02-20T01:42:41.465789Z,604800
1460725261,1461330061,604800,961,2512.239818692522,5596.68220926888,0.4488801980809104,Shuffle by Year + Shuffle by Month + Shuffle by Day of the Week + Shuffle by Time of Day,Shuffle by Year + Shuffle by Month + Shuffle by Day of the Week + Shuffle by Time of Day,out\Shuffle_by_Year_+_Shuffle_by_Month_+_Shuffle_by_Day_of_the_Week_+_Shuffle_by_Time_of_Day,42,2026-02-20T01:42:41.465789Z,604800
1461330061,1461934861,604800,1003,2681.7109826975993,5884.624816770341,0.455714861388462,Shuffle by Year + Shuffle by Month + Shuffle by Day of the Week + Shuffle by Time of Day,Shuffle by Year + Shuffle by Month + Shuffle by Day of the Week + Shuffle by Time of Day,out\Shuffle_by_Year_+_Shuffle_by_Month_+_Shuffle_by_Day_of_the_Week_+_Shuffle_by_Time_of_Day,42,2026-02-20T01:42:41.465789Z,604800
1461934861,1462539661,604800,881,2205.2859406633866,5051.438050397155,0.43656596768320305,Shuffle by Year + Shuffle by Month + Shuffle by Day of the Week + Shuffle by Time of Day,Shuffle by Year + Shuffle by Month + Shuffle by Day of the Week + Shuffle by Time of Day,out\Shuffle_by_Year_+_Shuffle_by_Month_+_Shuffle_by_Day_of_the_Week_+_Shuffle_by_Time_of_Day,42,2026-02-20T01:42:41.465789Z,604800
1462539661,1463144461,604800,939,2431.9646724806257,5443.17415410519,0.4467916336364989,Shuffle by Year + Shuffle by Month + Shuffle by Day of the Week + Shuffle by Time of Day,Shuffle by Year + Shuffle by Month + Shuffle by Day of the Week + Shuffle by Time of Day,out\Shuffle_by_Year_+_Shuffle_by_Month_+_Shuffle_by_Day_of_the_Week_+_Shuffle_by_Time_of_Day,42,2026-02-20T01:42:41.465789Z,604800
1463144461,1463749261,604800,881,2242.1293241108565,5049.240825819818,0.44405275990115084,Shuffle by Year + Shuffle by Month + Shuffle by Day of the Week + Shuffle by Time of Day,Shuffle by Year + Shuffle by Month + Shuffle by Day of the Week + Shuffle by Time of Day,out\Shuffle_by_Year_+_Shuffle_by_Month_+_Shuffle_by_Day_of_the_Week_+_Shuffle_by_Time_of_Day,42,2026-02-20T01:42:41.465789Z,604800
1463749261,1464354061,604800,903,2305.8964337797884,5190.3910870981,0.4442625603900291,Shuffle by Year + Shuffle by Month + Shuffle by Day of the Week + Shuffle by Time of Day,Shuffle by Year + Shuffle by Month + Shuffle by Day of the Week + Shuffle by Time of Day,out\Shuffle_by_Year_+_Shuffle_by_Month_+_Shuffle_by_Day_of_the_Week_+_Shuffle_by_Time_of_Day,42,2026-02-20T01:42:41.465789Z,604800
1464354061,1464958861,604800,892,2230.429760448056,5125.005663006941,0.43520532602483397,Shuffle by Year + Shuffle by Month + Shuffle by Day of the Week + Shuffle by Time of Day,Shuffle by Year + Shuffle by Month + Shuffle by Day of the Week + Shuffle by Time of Day,out\Shuffle_by_Year_+_Shuffle_by_Month_+_Shuffle_by_Day_of_the_Week_+_Shuffle_by_Time_of_Day,42,2026-02-20T01:42:41.465789Z,604800
1464958861,1465563661,604800,845,2106.2208261548462,4808.738022775311,0.43799866330402915,Shuffle by Year + Shuffle by Month + Shuffle by Day of the Week + Shuffle by Time of Day,Shuffle by Year + Shuffle by Month + Shuffle by Day of the Week + Shuffle by Time of Day,out\Shuffle_by_Year_+_Shuffle_by_Month_+_Shuffle_by_Day_of_the_Week_+_Shuffle_by_Time_of_Day,42,2026-02-20T01:42:41.465789Z,604800
1465563661,1466168461,604800,861,2167.347696112373,4918.178150958921,0.4406810061749786,Shuffle by Year + Shuffle by Month + Shuffle by Day of the Week + Shuffle by Time of Day,Shuffle by Year + Shuffle by Month + Shuffle by Day of the Week + Shuffle by Time of Day,out\Shuffle_by_Year_+_Shuffle_by_Month_+_Shuffle_by_Day_of_the_Week_+_Shuffle_by_Time_of_Day,42,2026-02-20T01:42:41.465789Z,604800
1466168461,1466773261,604800,865,2167.905219487796,4933.661764678199,0.4394109938805663,Shuffle by Year + Shuffle by Month + Shuffle by Day of the Week + Shuffle by Time of Day,Shuffle by Year + Shuffle by Month + Shuffle by Day of the Week + Shuffle by Time of Day,out\Shuffle_by_Year_+_Shuffle_by_Month_+_Shuffle_by_Day_of_the_Week_+_Shuffle_by_Time_of_Day,42,2026-02-20T01:42:41.465789Z,604800
1466773261,1467378061,604800,833,2033.8442714853804,4732.678693739833,0.429744844959717,Shuffle by Year + Shuffle by Month + Shuffle by Day of the Week + Shuffle by Time of Day,Shuffle by Year + Shuffle by Month + Shuffle by Day of the Week + Shuffle by Time of Day,out\Shuffle_by_Year_+_Shuffle_by_Month_+_Shuffle_by_Day_of_the_Week_+_Shuffle_by_Time_of_Day,42,2026-02-20T01:42:41.465789Z,604800
1467378061,1467982861,604800,745,1781.0940755462068,4154.599896958677,0.42870411585241563,Shuffle by Year + Shuffle by Month + Shuffle by Day of the Week + Shuffle by Time of Day,Shuffle by Year + Shuffle by Month + Shuffle by Day of the Week + Shuffle by Time of Day,out\Shuffle_by_Year_+_Shuffle_by_Month_+_Shuffle_by_Day_of_the_Week_+_Shuffle_by_Time_of_Day,42,2026-02-20T01:42:41.465789Z,604800
1467982861,1468587661,604800,837,2089.675502089679,4764.560624850193,0.4385872416421152,Shuffle by Year + Shuffle by Month + Shuffle by Day of the Week + Shuffle by Time of Day,Shuffle by Year + Shuffle by Month + Shuffle by Day of the Week + Shuffle by Time of Day,out\Shuffle_by_Year_+_Shuffle_by_Month_+_Shuffle_by_Day_of_the_Week_+_Shuffle_by_Time_of_Day,42,2026-02-20T01:42:41.465789Z,604800
1468587661,1469192461,604800,884,2248.3771234004194,5059.768956575573,0.44436359499745026,Shuffle by Year + Shuffle by Month + Shuffle by Day of the Week + Shuffle by Time of Day,Shuffle by Year + Shuffle by Month + Shuffle by Day of the Week + Shuffle by Time of Day,out\Shuffle_by_Year_+_Shuffle_by_Month_+_Shuffle_by_Day_of_the_Week_+_Shuffle_by_Time_of_Day,42,2026-02-20T01:42:41.465789Z,604800
1469192461,1469797261,604800,813,2008.5479246080242,4596.158572493447,0.437005793626997,Shuffle by Year + Shuffle by Month + Shuffle by Day of the Week + Shuffle by Time of Day,Shuffle by Year + Shuffle by Month + Shuffle by Day of the Week + Shuffle by Time of Day,out\Shuffle_by_Year_+_Shuffle_by_Month_+_Shuffle_by_Day_of_the_Week_+_Shuffle_by_Time_of_Day,42,2026-02-20T01:42:41.465789Z,604800
1469797261,1470402061,604800,822,2012.244112322061,4646.46287905293,0.43307009325171,Shuffle by Year + Shuffle by Month + Shuffle by Day of the Week + Shuffle by Time of Day,Shuffle by Year + Shuffle by Month + Shuffle by Day of the Week + Shuffle by Time of Day,out\Shuffle_by_Year_+_Shuffle_by_Month_+_Shuffle_by_Day_of_the_Week_+_Shuffle_by_Time_of_Day,42,2026-02-20T01:42:41.465789Z,604800
1470402061,1471006861,604800,838,2091.8607367351583,4758.932776736252,0.43956509471221994,Shuffle by Year + Shuffle by Month + Shuffle by Day of the Week + Shuffle by Time of Day,Shuffle by Year + Shuffle by Month + Shuffle by Day of the Week + Shuffle by Time of Day,out\Shuffle_by_Year_+_Shuffle_by_Month_+_Shuffle_by_Day_of_the_Week_+_Shuffle_by_Time_of_Day,42,2026-02-20T01:42:41.465789Z,604800
1471006861,1471611661,604800,839,2087.016050235732,4777.73617158469,0.4368211167975619,Shuffle by Year + Shuffle by Month + Shuffle by Day of the Week + Shuffle by Time of Day,Shuffle by Year + Shuffle by Month + Shuffle by Day of the Week + Shuffle by Time of Day,out\Shuffle_by_Year_+_Shuffle_by_Month_+_Shuffle_by_Day_of_the_Week_+_Shuffle_by_Time_of_Day,42,2026-02-20T01:42:41.465789Z,604800
1471611661,1472216461,604800,860,2177.034611113951,4917.711625594051,0.44269261332520066,Shuffle by Year + Shuffle by Month + Shuffle by Day of the Week + Shuffle by Time of Day,Shuffle by Year + Shuffle by Month + Shuffle by Day of the Week + Shuffle by Time of Day,out\Shuffle_by_Year_+_Shuffle_by_Month_+_Shuffle_by_Day_of_the_Week_+_Shuffle_by_Time_of_Day,42,2026-02-20T01:42:41.465789Z,604800
1472216461,1472821261,604800,841,2055.5107166319094,4773.757702586846,0.43058547263889224,Shuffle by Year + Shuffle by Month + Shuffle by Day of the Week + Shuffle by Time of Day,Shuffle by Year + Shuffle by Month + Shuffle by Day of the Week + Shuffle by Time of Day,out\Shuffle_by_Year_+_Shuffle_by_Month_+_Shuffle_by_Day_of_the_Week_+_Shuffle_by_Time_of_Day,42,2026-02-20T01:42:41.465789Z,604800
1472821261,1473426061,604800,791,1922.671345476921,4448.048329962239,0.43225055189390066,Shuffle by Year + Shuffle by Month + Shuffle by Day of the Week + Shuffle by Time of Day,Shuffle by Year + Shuffle by Month + Shuffle by Day of the Week + Shuffle by Time of Day,out\Shuffle_by_Year_+_Shuffle_by_Month_+_Shuffle_by_Day_of_the_Week_+_Shuffle_by_Time_of_Day,42,2026-02-20T01:42:41.465789Z,604800
1473426061,1474030861,604800,816,2007.245209136774,4617.654429688774,0.43468935142296056,Shuffle by Year + Shuffle by Month + Shuffle by Day of the Week + Shuffle by Time of Day,Shuffle by Year + Shuffle by Month + Shuffle by Day of the Week + Shuffle by Time of Day,out\Shuffle_by_Year_+_Shuffle_by_Month_+_Shuffle_by_Day_of_the_Week_+_Shuffle_by_Time_of_Day,42,2026-02-20T01:42:41.465789Z,604800
1474030861,1474635661,604800,869,2182.352909751947,4978.863833133682,0.4383234775831137,Shuffle by Year + Shuffle by Month + Shuffle by Day of the Week + Shuffle by Time of Day,Shuffle by Year + Shuffle by Month + Shuffle by Day of the Week + Shuffle by Time of Day,out\Shuffle_by_Year_+_Shuffle_by_Month_+_Shuffle_by_Day_of_the_Week_+_Shuffle_by_Time_of_Day,42,2026-02-20T01:42:41.465789Z,604800
1474635661,1475240461,604800,848,2121.057128465787,4823.012480912773,0.439778486342289,Shuffle by Year + Shuffle by Month + Shuffle by Day of the Week + Shuffle by Time of Day,Shuffle by Year + Shuffle by Month + Shuffle by Day of the Week + Shuffle by Time of Day,out\Shuffle_by_Year_+_Shuffle_by_Month_+_Shuffle_by_Day_of_the_Week_+_Shuffle_by_Time_of_Day,42,2026-02-20T01:42:41.465789Z,604800
1475240461,1475845261,604800,748,1773.4725515445446,4171.9631840722,0.4250930493143711,Shuffle by Year + Shuffle by Month + Shuffle by Day of the Week + Shuffle by Time of Day,Shuffle by Year + Shuffle by Month + Shuffle by Day of the Week + Shuffle by Time of Day,out\Shuffle_by_Year_+_Shuffle_by_Month_+_Shuffle_by_Day_of_the_Week_+_Shuffle_by_Time_of_Day,42,2026-02-20T01:42:41.465789Z,604800
1475845261,1476450061,604800,761,1850.2948994944848,4259.496649527935,0.4343928524276563,Shuffle by Year + Shuffle by Month + Shuffle by Day of the Week + Shuffle by Time of Day,Shuffle by Year + Shuffle by Month + Shuffle by Day of the Week + Shuffle by Time of Day,out\Shuffle_by_Year_+_Shuffle_by_Month_+_Shuffle_by_Day_of_the_Week_+_Shuffle_by_Time_of_Day,42,2026-02-20T01:42:41.465789Z,604800
1476450061,1477054861,604800,791,1915.3576243216082,4451.2263837925875,0.4302988568039674,Shuffle by Year + Shuffle by Month + Shuffle by Day of the Week + Shuffle by Time of Day,Shuffle by Year + Shuffle by Month + Shuffle by Day of the Week + Shuffle by Time of Day,out\Shuffle_by_Year_+_Shuffle_by_Month_+_Shuffle_by_Day_of_the_Week_+_Shuffle_by_Time_of_Day,42,2026-02-20T01:42:41.465789Z,604800
1477054861,1477659661,604800,773,1894.2781583126773,4333.263547346096,0.4371481534911087,Shuffle by Year + Shuffle by Month + Shuffle by Day of the Week + Shuffle by Time of Day,Shuffle by Year + Shuffle by Month + Shuffle by Day of the Week + Shuffle by Time of Day,out\Shuffle_by_Year_+_Shuffle_by_Month_+_Shuffle_by_Day_of_the_Week_+_Shuffle_by_Time_of_Day,42,2026-02-20T01:42:41.465789Z,604800
1477659661,1478264461,604800,697,1612.9457392022498,3836.2198872155873,0.4204518475537546,Shuffle by Year + Shuffle by Month + Shuffle by Day of the Week + Shuffle by Time of Day,Shuffle by Year + Shuffle by Month + Shuffle by Day of the Week + Shuffle by Time of Day,out\Shuffle_by_Year_+_Shuffle_by_Month_+_Shuffle_by_Day_of_the_Week_+_Shuffle_by_Time_of_Day,42,2026-02-20T01:42:41.465789Z,604800
1478264461,1478869261,604800,774,1865.7402945590147,4341.994560761367,0.4296965987520394,Shuffle by Year + Shuffle by Month + Shuffle by Day of the Week + Shuffle by Time of Day,Shuffle by Year + Shuffle by Month + Shuffle by Day of the Week + Shuffle by Time of Day,out\Shuffle_by_Year_+_Shuffle_by_Month_+_Shuffle_by_Day_of_the_Week_+_Shuffle_by_Time_of_Day,42,2026-02-20T01:42:41.465789Z,604800
1478869261,1479474061,604800,726,1738.213220312052,4030.851027287883,0.431227353366515,Shuffle by Year + Shuffle by Month + Shuffle by Day of the Week + Shuffle by Time of Day,Shuffle by Year + Shuffle by Month + Shuffle by Day of the Week + Shuffle by Time of Day,out\Shuffle_by_Year_+_Shuffle_by_Month_+_Shuffle_by_Day_of_the_Week_+_Shuffle_by_Time_of_Day,42,2026-02-20T01:42:41.465789Z,604800
1479474061,1480078861,604800,651,1493.0368507732185,3545.309334832004,0.4211302060738141,Shuffle by Year + Shuffle by Month + Shuffle by Day of the Week + Shuffle by Time of Day,Shuffle by Year + Shuffle by Month + Shuffle by Day of the Week + Shuffle by Time of Day,out\Shuffle_by_Year_+_Shuffle_by_Month_+_Shuffle_by_Day_of_the_Week_+_Shuffle_by_Time_of_Day,42,2026-02-20T01:42:41.465789Z,604800
1480078861,1480683661,604800,753,1789.9309980864386,4203.2784439965335,0.42584164288306064,Shuffle by Year + Shuffle by Month + Shuffle by Day of the Week + Shuffle by Time of Day,Shuffle by Year + Shuffle by Month + Shuffle by Day of the Week + Shuffle by Time of Day,out\Shuffle_by_Year_+_Shuffle_by_Month_+_Shuffle_by_Day_of_the_Week_+_Shuffle_by_Time_of_Day,42,2026-02-20T01:42:41.465789Z,604800
1480683661,1481288461,604800,798,1951.4537202661015,4493.867989361801,0.4342481187444134,Shuffle by Year + Shuffle by Month + Shuffle by Day of the Week + Shuffle by Time of Day,Shuffle by Year + Shuffle by Month + Shuffle by Day of the Week + Shuffle by Time of Day,out\Shuffle_by_Year_+_Shuffle_by_Month_+_Shuffle_by_Day_of_the_Week_+_Shuffle_by_Time_of_Day,42,2026-02-20T01:42:41.465789Z,604800
1481288461,1481893261,604800,778,1900.7437748768805,4364.742542174541,0.4354767220542448,Shuffle by Year + Shuffle by Month + Shuffle by Day of the Week + Shuffle by Time of Day,Shuffle by Year + Shuffle by Month + Shuffle by Day of the Week + Shuffle by Time of Day,out\Shuffle_by_Year_+_Shuffle_by_Month_+_Shuffle_by_Day_of_the_Week_+_Shuffle_by_Time_of_Day,42,2026-02-20T01:42:41.465789Z,604800
1481893261,1482498061,604800,831,2066.668677103025,4711.892890743138,0.4386068879373613,Shuffle by Year + Shuffle by Month + Shuffle by Day of the Week + Shuffle by Time of Day,Shuffle by Year + Shuffle by Month + Shuffle by Day of the Week + Shuffle by Time of Day,out\Shuffle_by_Year_+_Shuffle_by_Month_+_Shuffle_by_Day_of_the_Week_+_Shuffle_by_Time_of_Day,42,2026-02-20T01:42:41.465789Z,604800
1482498061,1483102861,604800,682,1581.9842381902,3744.525914978599,0.4224791800377329,Shuffle by Year + Shuffle by Month + Shuffle by Day of the Week + Shuffle by Time of Day,Shuffle by Year + Shuffle by Month + Shuffle by Day of the Week + Shuffle by Time of Day,out\Shuffle_by_Year_+_Shuffle_by_Month_+_Shuffle_by_Day_of_the_Week_+_Shuffle_by_Time_of_Day,42,2026-02-20T01:42:41.465789Z,604800
1483102861,1483707661,604800,679,1542.601431511167,3717.9059753751803,0.4149113618602204,Shuffle by Year + Shuffle by Month + Shuffle by Day of the Week + Shuffle by Time of Day,Shuffle by Year + Shuffle by Month + Shuffle by Day of the Week + Shuffle by Time of Day,out\Shuffle_by_Year_+_Shuffle_by_Month_+_Shuffle_by_Day_of_the_Week_+_Shuffle_by_Time_of_Day,42,2026-02-20T01:42:41.465789Z,604800
1483707661,1484312461,604800,634,1460.5215452366158,3428.7415782227886,0.4259643113709504,Shuffle by Year + Shuffle by Month + Shuffle by Day of the Week + Shuffle by Time of Day,Shuffle by Year + Shuffle by Month + Shuffle by Day of the Week + Shuffle by Time of Day,out\Shuffle_by_Year_+_Shuffle_by_Month_+_Shuffle_by_Day_of_the_Week_+_Shuffle_by_Time_of_Day,42,2026-02-20T01:42:41.465789Z,604800
1484312461,1484917261,604800,686,1597.362297456724,3773.7009350164726,0.4232879936601949,Shuffle by Year + Shuffle by Month + Shuffle by Day of the Week + Shuffle by Time of Day,Shuffle by Year + Shuffle by Month + Shuffle by Day of the Week + Shuffle by Time of Day,out\Shuffle_by_Year_+_Shuffle_by_Month_+_Shuffle_by_Day_of_the_Week_+_Shuffle_by_Time_of_Day,42,2026-02-20T01:42:41.465789Z,604800
1484917261,1485522061,604800,681,1578.3652896786095,3728.87218893782,0.42328221770674623,Shuffle by Year + Shuffle by Month + Shuffle by Day of the Week + Shuffle by Time of Day,Shuffle by Year + Shuffle by Month + Shuffle by Day of the Week + Shuffle by Time of Day,out\Shuffle_by_Year_+_Shuffle_by_Month_+_Shuffle_by_Day_of_the_Week_+_Shuffle_by_Time_of_Day,42,2026-02-20T01:42:41.465789Z,604800
1485522061,1486126861,604800,742,1762.9729237927834,4132.972016191518,0.4265629955601153,Shuffle by Year + Shuffle by Month + Shuffle by Day of the Week + Shuffle by Time of Day,Shuffle by Year + Shuffle by Month + Shuffle by Day of the Week + Shuffle by Time of Day,out\Shuffle_by_Year_+_Shuffle_by_Month_+_Shuffle_by_Day_of_the_Week_+_Shuffle_by_Time_of_Day,42,2026-02-20T01:42:41.465789Z,604800
1486126861,1486731661,604800,711,1690.7378885271069,3920.5697747115582,0.43124800365311616,Shuffle by Year + Shuffle by Month + Shuffle by Day of the Week + Shuffle by Time of Day,Shuffle by Year + Shuffle by Month + Shuffle by Day of the Week + Shuffle by Time of Day,out\Shuffle_by_Year_+_Shuffle_by_Month_+_Shuffle_by_Day_of_the_Week_+_Shuffle_by_Time_of_Day,42,2026-02-20T01:42:41.465789Z,604800
1486731661,1487336461,604800,737,1762.4794844426904,4103.809975402217,0.4294739510374012,Shuffle by Year + Shuffle by Month + Shuffle by Day of the Week + Shuffle by Time of Day,Shuffle by Year + Shuffle by Month + Shuffle by Day of the Week + Shuffle by Time of Day,out\Shuffle_by_Year_+_Shuffle_by_Month_+_Shuffle_by_Day_of_the_Week_+_Shuffle_by_Time_of_Day,42,2026-02-20T01:42:41.465789Z,604800
1487336461,1487941261,604800,808,1996.6654776468974,4557.291961417212,0.43812542504430213,Shuffle by Year + Shuffle by Month + Shuffle by Day of the Week + Shuffle by Time of Day,Shuffle by Year + Shuffle by Month + Shuffle by Day of the Week + Shuffle by Time of Day,out\Shuffle_by_Year_+_Shuffle_by_Month_+_Shuffle_by_Day_of_the_Week_+_Shuffle_by_Time_of_Day,42,2026-02-20T01:42:41.465789Z,604800
1487941261,1488546061,604800,703,1623.205014845787,3874.3142402541735,0.4189657612128274,Shuffle by Year + Shuffle by Month + Shuffle by Day of the Week + Shuffle by Time of Day,Shuffle by Year + Shuffle by Month + Shuffle by Day of the Week + Shuffle by Time of Day,out\Shuffle_by_Year_+_Shuffle_by_Month_+_Shuffle_by_Day_of_the_Week_+_Shuffle_by_Time_of_Day,42,2026-02-20T01:42:41.465789Z,604800
1488546061,1489150861,604800,727,1732.71274741508,4032.9933886096055,0.42963441306618194,Shuffle by Year + Shuffle by Month + Shuffle by Day of the Week + Shuffle by Time of Day,Shuffle by Year + Shuffle by Month + Shuffle by Day of the Week + Shuffle by Time of Day,out\Shuffle_by_Year_+_Shuffle_by_Month_+_Shuffle_by_Day_of_the_Week_+_Shuffle_by_Time_of_Day,42,2026-02-20T01:42:41.465789Z,604800
1489150861,1489755661,604800,759,1840.143715844361,4244.842403375674,0.4335010681152739,Shuffle by Year + Shuffle by Month + Shuffle by Day of the Week + Shuffle by Time of Day,Shuffle by Year + Shuffle by Month + Shuffle by Day of the Week + Shuffle by Time of Day,out\Shuffle_by_Year_+_Shuffle_by_Month_+_Shuffle_by_Day_of_the_Week_+_Shuffle_by_Time_of_Day,42,2026-02-20T01:42:41.465789Z,604800
1489755661,1490360461,604800,772,1868.0431916667944,4324.53382675583,0.43196406052121444,Shuffle by Year + Shuffle by Month + Shuffle by Day of the Week + Shuffle by Time of Day,Shuffle by Year + Shuffle by Month + Shuffle by Day of the Week + Shuffle by Time of Day,out\Shuffle_by_Year_+_Shuffle_by_Month_+_Shuffle_by_Day_of_the_Week_+_Shuffle_by_Time_of_Day,42,2026-02-20T01:42:41.465789Z,604800
1490360461,1490965261,604800,743,1769.6572745728006,4135.99919329778,0.42786692933607406,Shuffle by Year + Shuffle by Month + Shuffle by Day of the Week + Shuffle by Time of Day,Shuffle by Year + Shuffle by Month + Shuffle by Day of the Week + Shuffle by Time of Day,out\Shuffle_by_Year_+_Shuffle_by_Month_+_Shuffle_by_Day_of_the_Week_+_Shuffle_by_Time_of_Day,42,2026-02-20T01:42:41.465789Z,604800
1490965261,1491570061,604800,681,1568.8867261005364,3731.64477766006,0.4204276718654641,Shuffle by Year + Shuffle by Month + Shuffle by Day of the Week + Shuffle by Time of Day,Shuffle by Year + Shuffle by Month + Shuffle by Day of the Week + Shuffle by Time of Day,out\Shuffle_by_Year_+_Shuffle_by_Month_+_Shuffle_by_Day_of_the_Week_+_Shuffle_by_Time_of_Day,42,2026-02-20T01:42:41.465789Z,604800
1491570061,1492174861,604800,702,1639.5772082357719,3868.452030542923,0.4238328911126923,Shuffle by Year + Shuffle by Month + Shuffle by Day of the Week + Shuffle by Time of Day,Shuffle by Year + Shuffle by Month + Shuffle by Day of the Week + Shuffle by Time of Day,out\Shuffle_by_Year_+_Shuffle_by_Month_+_Shuffle_by_Day_of_the_Week_+_Shuffle_by_Time_of_Day,42,2026-02-20T01:42:41.465789Z,604800
1492174861,1492779661,604800,695,1615.2218774532603,3824.108581397504,0.42237866500720134,Shuffle by Year + Shuffle by Month + Shuffle by Day of the Week + Shuffle by Time of Day,Shuffle by Year + Shuffle by Month + Shuffle by Day of the Week + Shuffle by Time of Day,out\Shuffle_by_Year_+_Shuffle_by_Month_+_Shuffle_by_Day_of_the_Week_+_Shuffle_by_Time_of_Day,42,2026-02-20T01:42:41.465789Z,604800
1492779661,1493384461,604800,683,1570.2329509556857,3746.3702786110457,0.4191344779560456,Shuffle by Year + Shuffle by Month + Shuffle by Day of the Week + Shuffle by Time of Day,Shuffle by Year + Shuffle by Month + Shuffle by Day of the Week + Shuffle by Time of Day,out\Shuffle_by_Year_+_Shuffle_by_Month_+_Shuffle_by_Day_of_the_Week_+_Shuffle_by_Time_of_Day,42,2026-02-20T01:42:41.465789Z,604800
1493384461,1493989261,604800,679,1538.6837546040622,3718.3114404832886,0.41381250044081064,Shuffle by Year + Shuffle by Month + Shuffle by Day of the Week + Shuffle by Time of Day,Shuffle by Year + Shuffle by Month + Shuffle by Day of the Week + Shuffle by Time of Day,out\Shuffle_by_Year_+_Shuffle_by_Month_+_Shuffle_by_Day_of_the_Week_+_Shuffle_by_Time_of_Day,42,2026-02-20T01:42:41.465789Z,604800
1493989261,1494594061,604800,676,1559.2175774995746,3697.367706433758,0.42171017364228974,Shuffle by Year + Shuffle by Month + Shuffle by Day of the Week + Shuffle by Time of Day,Shuffle by Year + Shuffle by Month + Shuffle by Day of the Week + Shuffle by Time of Day,out\Shuffle_by_Year_+_Shuffle_by_Month_+_Shuffle_by_Day_of_the_Week_+_Shuffle_by_Time_of_Day,42,2026-02-20T01:42:41.465789Z,604800
1494594061,1495198861,604800,670,1546.8711277574228,3662.0462157240413,0.4224062277301389,Shuffle by Year + Shuffle by Month + Shuffle by Day of the Week + Shuffle by Time of Day,Shuffle by Year + Shuffle by Month + Shuffle by Day of the Week + Shuffle by Time of Day,out\Shuffle_by_Year_+_Shuffle_by_Month_+_Shuffle_by_Day_of_the_Week_+_Shuffle_by_Time_of_Day,42,2026-02-20T01:42:41.465789Z,604800
1495198861,1495803661,604800,704,1658.3902178163805,3875.0381590934003,0.42796745470098174,Shuffle by Year + Shuffle by Month + Shuffle by Day of the Week + Shuffle by Time of Day,Shuffle by Year + Shuffle by Month + Shuffle by Day of the Week + Shuffle by Time of Day,out\Shuffle_by_Year_+_Shuffle_by_Month_+_Shuffle_by_Day_of_the_Week_+_Shuffle_by_Time_of_Day,42,2026-02-20T01:42:41.465789Z,604800
1495803661,1496408461,604800,610,1337.484031904189,3275.314044407484,0.4083529132688541,Shuffle by Year + Shuffle by Month + Shuffle by Day of the Week + Shuffle by Time of Day,Shuffle by Year + Shuffle by Month + Shuffle by Day of the Week + Shuffle by Time of Day,out\Shuffle_by_Year_+_Shuffle_by_Month_+_Shuffle_by_Day_of_the_Week_+_Shuffle_by_Time_of_Day,42,2026-02-20T01:42:41.465789Z,604800
1496408461,1497013261,604800,659,1510.082855480595,3591.647294939077,0.4204429698897285,Shuffle by Year + Shuffle by Month + Shuffle by Day of the Week + Shuffle by Time of Day,Shuffle by Year + Shuffle by Month + Shuffle by Day of the Week + Shuffle by Time of Day,out\Shuffle_by_Year_+_Shuffle_by_Month_+_Shuffle_by_Day_of_the_Week_+_Shuffle_by_Time_of_Day,42,2026-02-20T01:42:41.465789Z,604800
1497013261,1497618061,604800,709,1659.2802302538194,3915.9911695497517,0.4237190939438707,Shuffle by Year + Shuffle by Month + Shuffle by Day of the Week + Shuffle by Time of Day,Shuffle by Year + Shuffle by Month + Shuffle by Day of the Week + Shuffle by Time of Day,out\Shuffle_by_Year_+_Shuffle_by_Month_+_Shuffle_by_Day_of_the_Week_+_Shuffle_by_Time_of_Day,42,2026-02-20T01:42:41.465789Z,604800
1497618061,1498222861,604800,686,1601.0233690185707,3768.7311217168963,0.42481761561413883,Shuffle by Year + Shuffle by Month + Shuffle by Day of the Week + Shuffle by Time of Day,Shuffle by Year + Shuffle by Month + Shuffle by Day of the Week + Shuffle by Time of Day,out\Shuffle_by_Year_+_Shuffle_by_Month_+_Shuffle_by_Day_of_the_Week_+_Shuffle_by_Time_of_Day,42,2026-02-20T01:42:41.465789Z,604800
1498222861,1498827661,604800,651,1489.9607859454195,3536.46832052152,0.42131320031892616,Shuffle by Year + Shuffle by Month + Shuffle by Day of the Week + Shuffle by Time of Day,Shuffle by Year + Shuffle by Month + Shuffle by Day of the Week + Shuffle by Time of Day,out\Shuffle_by_Year_+_Shuffle_by_Month_+_Shuffle_by_Day_of_the_Week_+_Shuffle_by_Time_of_Day,42,2026-02-20T01:42:41.465789Z,604800
1498827661,1499432461,604800,608,1342.8589271664878,3265.0914568680505,0.41127758438184403,Shuffle by Year + Shuffle by Month + Shuffle by Day of the Week + Shuffle by Time of Day,Shuffle by Year + Shuffle by Month + Shuffle by Day of the Week + Shuffle by Time of Day,out\Shuffle_by_Year_+_Shuffle_by_Month_+_Shuffle_by_Day_of_the_Week_+_Shuffle_by_Time_of_Day,42,2026-02-20T01:42:41.465789Z,604800
1499432461,1500037261,604800,718,1697.0015005749199,3977.4961809771908,0.42665069263699473,Shuffle by Year + Shuffle by Month + Shuffle by Day of the Week + Shuffle by Time of Day,Shuffle by Year + Shuffle by Month + Shuffle by Day of the Week + Shuffle by Time of Day,out\Shuffle_by_Year_+_Shuffle_by_Month_+_Shuffle_by_Day_of_the_Week_+_Shuffle_by_Time_of_Day,42,2026-02-20T01:42:41.465789Z,604800
1500037261,1500642061,604800,690,1608.8323344954717,3781.006234104458,0.4255037508227035,Shuffle by Year + Shuffle by Month + Shuffle by Day of the Week + Shuffle by Time of Day,Shuffle by Year + Shuffle by Month + Shuffle by Day of the Week + Shuffle by Time of Day,out\Shuffle_by_Year_+_Shuffle_by_Month_+_Shuffle_by_Day_of_the_Week_+_Shuffle_by_Time_of_Day,42,2026-02-20T01:42:41.465789Z,604800
1500642061,1501246861,604800,701,1653.0458500811992,3860.7473688490895,0.42816731895461513,Shuffle by Year + Shuffle by Month + Shuffle by Day of the Week + Shuffle by Time of Day,Shuffle by Year + Shuffle by Month + Shuffle by Day of the Week + Shuffle by Time of Day,out\Shuffle_by_Year_+_Shuffle_by_Month_+_Shuffle_by_Day_of_the_Week_+_Shuffle_by_Time_of_Day,42,2026-02-20T01:42:41.465789Z,604800
1501246861,1501851661,604800,672,1527.8443318323887,3674.372096020976,0.4158109989695683,Shuffle by Year + Shuffle by Month + Shuffle by Day of the Week + Shuffle by Time of Day,Shuffle by Year + Shuffle by Month + Shuffle by Day of the Week + Shuffle by Time of Day,out\Shuffle_by_Year_+_Shuffle_by_Month_+_Shuffle_by_Day_of_the_Week_+_Shuffle_by_Time_of_Day,42,2026-02-20T01:42:41.465789Z,604800
1501851661,1502456461,604800,632,1418.4856819469542,3415.5513767737557,0.4153021065918851,Shuffle by Year + Shuffle by Month + Shuffle by Day of the Week + Shuffle by Time of Day,Shuffle by Year + Shuffle by Month + Shuffle by Day of the Week + Shuffle by Time of Day,out\Shuffle_by_Year_+_Shuffle_by_Month_+_Shuffle_by_Day_of_the_Week_+_Shuffle_by_Time_of_Day,42,2026-02-20T01:42:41.465789Z,604800
1502456461,1503061261,604800,692,1618.687786538418,3802.519509086219,0.42568822662724587,Shuffle by Year + Shuffle by Month + Shuffle by Day of the Week + Shuffle by Time of Day,Shuffle by Year + Shuffle by Month + Shuffle by Day of the Week + Shuffle by Time of Day,out\Shuffle_by_Year_+_Shuffle_by_Month_+_Shuffle_by_Day_of_the_Week_+_Shuffle_by_Time_of_Day,42,2026-02-20T01:42:41.465789Z,604800
1503061261,1503666061,604800,661,1508.696225051887,3599.5456922787157,0.41913517816655277,Shuffle by Year + Shuffle by Month + Shuffle by Day of the Week + Shuffle by Time of Day,Shuffle by Year + Shuffle by Month + Shuffle by Day of the Week + Shuffle by Time of Day,out\Shuffle_by_Year_+_Shuffle_by_Month_+_Shuffle_by_Day_of_the_Week_+_Shuffle_by_Time_of_Day,42,2026-02-20T01:42:41.465789Z,604800
1503666061,1504270861,604800,642,1418.689087846648,3482.2062595845086,0.40741098662430286,Shuffle by Year + Shuffle by Month + Shuffle by Day of the Week + Shuffle by Time of Day,Shuffle by Year + Shuffle by Month + Shuffle by Day of the Week + Shuffle by Time of Day,out\Shuffle_by_Year_+_Shuffle_by_Month_+_Shuffle_by_Day_of_the_Week_+_Shuffle_by_Time_of_Day,42,2026-02-20T01:42:41.465789Z,604800
1504270861,1504875661,604800,627,1412.6108484980216,3389.155649791445,0.41680317886401824,Shuffle by Year + Shuffle by Month + Shuffle by Day of the Week + Shuffle by Time of Day,Shuffle by Year + Shuffle by Month + Shuffle by Day of the Week + Shuffle by Time of Day,out\Shuffle_by_Year_+_Shuffle_by_Month_+_Shuffle_by_Day_of_the_Week_+_Shuffle_by_Time_of_Day,42,2026-02-20T01:42:41.465789Z,604800
1504875661,1505480461,604800,635,1445.2917826656153,3445.017046785177,0.4195310975353035,Shuffle by Year + Shuffle by Month + Shuffle by Day of the Week + Shuffle by Time of Day,Shuffle by Year + Shuffle by Month + Shuffle by Day of the Week + Shuffle by Time of Day,out\Shuffle_by_Year_+_Shuffle_by_Month_+_Shuffle_by_Day_of_the_Week_+_Shuffle_by_Time_of_Day,42,2026-02-20T01:42:41.465789Z,604800
1505480461,1506085261,604800,683,1581.851697467007,3746.775743719154,0.4221901190960569,Shuffle by Year + Shuffle by Month + Shuffle by Day of the Week + Shuffle by Time of Day,Shuffle by Year + Shuffle by Month + Shuffle by Day of the Week + Shuffle by Time of Day,out\Shuffle_by_Year_+_Shuffle_by_Month_+_Shuffle_by_Day_of_the_Week_+_Shuffle_by_Time_of_Day,42,2026-02-20T01:42:41.465789Z,604800
1506085261,1506690061,604800,731,1744.5325048335742,4056.1847675533554,0.4300919718422631,Shuffle by Year + Shuffle by Month + Shuffle by Day of the Week + Shuffle by Time of Day,Shuffle by Year + Shuffle by Month + Shuffle by Day of the Week + Shuffle by Time of Day,out\Shuffle_by_Year_+_Shuffle_by_Month_+_Shuffle_by_Day_of_the_Week_+_Shuffle_by_Time_of_Day,42,2026-02-20T01:42:41.465789Z,604800
1506690061,1507294861,604800,662,1515.9085601506654,3610.435406989325,0.41986862781593237,Shuffle by Year + Shuffle by Month + Shuffle by Day of the Week + Shuffle by Time of Day,Shuffle by Year + Shuffle by Month + Shuffle by Day of the Week + Shuffle by Time of Day,out\Shuffle_by_Year_+_Shuffle_by_Month_+_Shuffle_by_Day_of_the_Week_+_Shuffle_by_Time_of_Day,42,2026-02-20T01:42:41.465789Z,604800
1507294861,1507899661,604800,694,1621.914016897386,3821.148188490395,0.42445724083214603,Shuffle by Year + Shuffle by Month + Shuffle by Day of the Week + Shuffle by Time of Day,Shuffle by Year + Shuffle by Month + Shuffle by Day of the Week + Shuffle by Time of Day,out\Shuffle_by_Year_+_Shuffle_by_Month_+_Shuffle_by_Day_of_the_Week_+_Shuffle_by_Time_of_Day,42,2026-02-20T01:42:41.465789Z,604800
1507899661,1508504461,604800,614,1390.443099213545,3309.4197827156263,0.4201470923923053,Shuffle by Year + Shuffle by Month + Shuffle by Day of the Week + Shuffle by Time of Day,Shuffle by Year + Shuffle by Month + Shuffle by Day of the Week + Shuffle by Time of Day,out\Shuffle_by_Year_+_Shuffle_by_Month_+_Shuffle_by_Day_of_the_Week_+_Shuffle_by_Time_of_Day,42,2026-02-20T01:42:41.465789Z,604800
1508504461,1509109261,604800,690,1613.0483545587297,3790.8280776679535,0.4255134555062826,Shuffle by Year + Shuffle by Month + Shuffle by Day of the Week + Shuffle by Time of Day,Shuffle by Year + Shuffle by Month + Shuffle by Day of the Week + Shuffle by Time of Day,out\Shuffle_by_Year_+_Shuffle_by_Month_+_Shuffle_by_Day_of_the_Week_+_Shuffle_by_Time_of_Day,42,2026-02-20T01:42:41.465789Z,604800
1509109261,1509714061,604800,683,1571.2951730002562,3745.101767285582,0.4195600735675382,Shuffle by Year + Shuffle by Month + Shuffle by Day of the Week + Shuffle by Time of Day,Shuffle by Year + Shuffle by Month + Shuffle by Day of the Week + Shuffle by Time of Day,out\Shuffle_by_Year_+_Shuffle_by_Month_+_Shuffle_by_Day_of_the_Week_+_Shuffle_by_Time_of_Day,42,2026-02-20T01:42:41.465789Z,604800
1509714061,1510318861,604800,664,1528.6464913923985,3620.827774443543,0.4221814973310417,Shuffle by Year + Shuffle by Month + Shuffle by Day of the Week + Shuffle by Time of Day,Shuffle by Year + Shuffle by Month + Shuffle by Day of the Week + Shuffle by Time of Day,out\Shuffle_by_Year_+_Shuffle_by_Month_+_Shuffle_by_Day_of_the_Week_+_Shuffle_by_Time_of_Day,42,2026-02-20T01:42:41.465789Z,604800
1510318861,1510923661,604800,686,1601.4223552555297,3760.1256734777253,0.42589596580541433,Shuffle by Year + Shuffle by Month + Shuffle by Day of the Week + Shuffle by Time of Day,Shuffle by Year + Shuffle by Month + Shuffle by Day of the Week + Shuffle by Time of Day,out\Shuffle_by_Year_+_Shuffle_by_Month_+_Shuffle_by_Day_of_the_Week_+_Shuffle_by_Time_of_Day,42,2026-02-20T01:42:41.465789Z,604800
1510923661,1511528461,604800,594,1336.6117227936547,3181.3326593000643,0.42014208067374104,Shuffle by Year + Shuffle by Month + Shuffle by Day of the Week + Shuffle by Time of Day,Shuffle by Year + Shuffle by Month + Shuffle by Day of the Week + Shuffle by Time of Day,out\Shuffle_by_Year_+_Shuffle_by_Month_+_Shuffle_by_Day_of_the_Week_+_Shuffle_by_Time_of_Day,42,2026-02-20T01:42:41.465789Z,604800
1511528461,1512133261,604800,643,1465.9827060697655,3496.7024884030134,0.41924719387244685,Shuffle by Year + Shuffle by Month + Shuffle by Day of the Week + Shuffle by Time of Day,Shuffle by Year + Shuffle by Month + Shuffle by Day of the Week + Shuffle by Time of Day,out\Shuffle_by_Year_+_Shuffle_by_Month_+_Shuffle_by_Day_of_the_Week_+_Shuffle_by_Time_of_Day,42,2026-02-20T01:42:41.465789Z,604800
1512133261,1512738061,604800,635,1428.0986635888032,3431.324002210774,0.4161946416802059,Shuffle by Year + Shuffle by Month + Shuffle by Day of the Week + Shuffle by Time of Day,Shuffle by Year + Shuffle by Month + Shuffle by Day of the Week + Shuffle by Time of Day,out\Shuffle_by_Year_+_Shuffle_by_Month_+_Shuffle_by_Day_of_the_Week_+_Shuffle_by_Time_of_Day,42,2026-02-20T01:42:41.465789Z,604800
1512738061,1513342861,604800,612,1382.5762751332352,3298.255399285115,0.41918411637646485,Shuffle by Year + Shuffle by Month + Shuffle by Day of the Week + Shuffle by Time of Day,Shuffle by Year + Shuffle by Month + Shuffle by Day of the Week + Shuffle by Time of Day,out\Shuffle_by_Year_+_Shuffle_by_Month_+_Shuffle_by_Day_of_the_Week_+_Shuffle_by_Time_of_Day,42,2026-02-20T01:42:41.465789Z,604800
1513342861,1513947661,604800,646,1498.921866293857,3506.5760754586518,0.4274602444202787,Shuffle by Year + Shuffle by Month + Shuffle by Day of the Week + Shuffle by Time of Day,Shuffle by Year + Shuffle by Month + Shuffle by Day of the Week + Shuffle by Time of Day,out\Shuffle_by_Year_+_Shuffle_by_Month_+_Shuffle_by_Day_of_the_Week_+_Shuffle_by_Time_of_Day,42,2026-02-20T01:42:41.465789Z,604800
1513947661,1514552461,604800,526,1095.901376433188,2750.6085454738454,0.39842142504665196,Shuffle by Year + Shuffle by Month + Shuffle by Day of the Week + Shuffle by Time of Day,Shuffle by Year + Shuffle by Month + Shuffle by Day of the Week + Shuffle by Time of Day,out\Shuffle_by_Year_+_Shuffle_by_Month_+_Shuffle_by_Day_of_the_Week_+_Shuffle_by_Time_of_Day,42,2026-02-20T01:42:41.465789Z,604800
1514552461,1515157261,604800,514,1066.5958413341386,2682.195120475987,0.3976578113917598,Shuffle by Year + Shuffle by Month + Shuffle by Day of the Week + Shuffle by Time of Day,Shuffle by Year + Shuffle by Month + Shuffle by Day of the Week + Shuffle by Time of Day,out\Shuffle_by_Year_+_Shuffle_by_Month_+_Shuffle_by_Day_of_the_Week_+_Shuffle_by_Time_of_Day,42,2026-02-20T01:42:41.465789Z,604800
1515157261,1515762061,604800,664,1538.5780836939562,3630.2441528989307,0.4238222055850775,Shuffle by Year + Shuffle by Month + Shuffle by Day of the Week + Shuffle by Time of Day,Shuffle by Year + Shuffle by Month + Shuffle by Day of the Week + Shuffle by Time of Day,out\Shuffle_by_Year_+_Shuffle_by_Month_+_Shuffle_by_Day_of_the_Week_+_Shuffle_by_Time_of_Day,42,2026-02-20T01:42:41.465789Z,604800
1515762061,1516366861,604800,561,1217.7172893763966,2967.5999996315154,0.4103374071733386,Shuffle by Year + Shuffle by Month + Shuffle by Day of the Week + Shuffle by Time of Day,Shuffle by Year + Shuffle by Month + Shuffle by Day of the Week + Shuffle by Time of Day,out\Shuffle_by_Year_+_Shuffle_by_Month_+_Shuffle_by_Day_of_the_Week_+_Shuffle_by_Time_of_Day,42,2026-02-20T01:42:41.465789Z,604800
1516366861,1516971661,604800,661,1502.3526600554233,3600.4744055305882,0.4172651964273656,Shuffle by Year + Shuffle by Month + Shuffle by Day of the Week + Shuffle by Time of Day,Shuffle by Year + Shuffle by Month + Shuffle by Day of the Week + Shuffle by Time of Day,out\Shuffle_by_Year_+_Shuffle_by_Month_+_Shuffle_by_Day_of_the_Week_+_Shuffle_by_Time_of_Day,42,2026-02-20T01:42:41.465789Z,604800
1516971661,1517576461,604800,606,1332.3147491213244,3258.798759892516,0.4088361532226886,Shuffle by Year + Shuffle by Month + Shuffle by Day of the Week + Shuffle by Time of Day,Shuffle by Year + Shuffle by Month + Shuffle by Day of the Week + Shuffle by Time of Day,out\Shuffle_by_Year_+_Shuffle_by_Month_+_Shuffle_by_Day_of_the_Week_+_Shuffle_by_Time_of_Day,42,2026-02-20T01:42:41.465789Z,604800
1517576461,1518181261,604800,653,1492.202412005681,3560.062715992435,0.41915059678652355,Shuffle by Year + Shuffle by Month + Shuffle by Day of the Week + Shuffle by Time of Day,Shuffle by Year + Shuffle by Month + Shuffle by Day of the Week + Shuffle by Time of Day,out\Shuffle_by_Year_+_Shuffle_by_Month_+_Shuffle_by_Day_of_the_Week_+_Shuffle_by_Time_of_Day,42,2026-02-20T01:42:41.465789Z,604800
1518181261,1518786061,604800,659,1511.3339583967784,3596.0938600948884,0.42027099881005314,Shuffle by Year + Shuffle by Month + Shuffle by Day of the Week + Shuffle by Time of Day,Shuffle by Year + Shuffle by Month + Shuffle by Day of the Week + Shuffle by Time of Day,out\Shuffle_by_Year_+_Shuffle_by_Month_+_Shuffle_by_Day_of_the_Week_+_Shuffle_by_Time_of_Day,42,2026-02-20T01:42:41.465789Z,604800
1518786061,1519390861,604800,648,1467.2598081307983,3515.768894474254,0.41733681939017536,Shuffle by Year + Shuffle by Month + Shuffle by Day of the Week + Shuffle by Time of Day,Shuffle by Year + Shuffle by Month + Shuffle by Day of the Week + Shuffle by Time of Day,out\Shuffle_by_Year_+_Shuffle_by_Month_+_Shuffle_by_Day_of_the_Week_+_Shuffle_by_Time_of_Day,42,2026-02-20T01:42:41.465789Z,604800
1519390861,1519995661,604800,627,1404.4753812661202,3384.5913015999768,0.4149615880068566,Shuffle by Year + Shuffle by Month + Shuffle by Day of the Week + Shuffle by Time of Day,Shuffle by Year + Shuffle by Month + Shuffle by Day of the Week + Shuffle by Time of Day,out\Shuffle_by_Year_+_Shuffle_by_Month_+_Shuffle_by_Day_of_the_Week_+_Shuffle_by_Time_of_Day,42,2026-02-20T01:42:41.465789Z,604800
1519995661,1520600461,604800,599,1340.5194628967313,3207.22380524989,0.41796879304226947,Shuffle by Year + Shuffle by Month + Shuffle by Day of the Week + Shuffle by Time of Day,Shuffle by Year + Shuffle by Month + Shuffle by Day of the Week + Shuffle by Time of Day,out\Shuffle_by_Year_+_Shuffle_by_Month_+_Shuffle_by_Day_of_the_Week_+_Shuffle_by_Time_of_Day,42,2026-02-20T01:42:41.465789Z,604800
1520600461,1521205261,604800,571,1237.6069807794404,3034.578160835912,0.40783493295770845,Shuffle by Year + Shuffle by Month + Shuffle by Day of the Week + Shuffle by Time of Day,Shuffle by Year + Shuffle by Month + Shuffle by Day of the Week + Shuffle by Time of Day,out\Shuffle_by_Year_+_Shuffle_by_Month_+_Shuffle_by_Day_of_the_Week_+_Shuffle_by_Time_of_Day,42,2026-02-20T01:42:41.465789Z,604800
1521205261,1521810061,604800,619,1376.360159573797,3329.707368116976,0.41335769405830985,Shuffle by Year + Shuffle by Month + Shuffle by Day of the Week + Shuffle by Time of Day,Shuffle by Year + Shuffle by Month + Shuffle by Day of the Week + Shuffle by Time of Day,out\Shuffle_by_Year_+_Shuffle_by_Month_+_Shuffle_by_Day_of_the_Week_+_Shuffle_by_Time_of_Day,42,2026-02-20T01:42:41.465789Z,604800
1521810061,1522414861,604800,609,1353.7225434529068,3270.810127955201,0.4138798922880944,Shuffle by Year + Shuffle by Month + Shuffle by Day of the Week + Shuffle by Time of Day,Shuffle by Year + Shuffle by Month + Shuffle by Day of the Week + Shuffle by Time of Day,out\Shuffle_by_Year_+_Shuffle_by_Month_+_Shuffle_by_Day_of_the_Week_+_Shuffle_by_Time_of_Day,42,2026-02-20T01:42:41.465789Z,604800
1522414861,1523019661,604800,537,1119.356169850583,2827.6815136149503,0.3958565221935413,Shuffle by Year + Shuffle by Month + Shuffle by Day of the Week + Shuffle by Time of Day,Shuffle by Year + Shuffle by Month + Shuffle by Day of the Week + Shuffle by Time of Day,out\Shuffle_by_Year_+_Shuffle_by_Month_+_Shuffle_by_Day_of_the_Week_+_Shuffle_by_Time_of_Day,42,2026-02-20T01:42:41.465789Z,604800
1523019661,1523624461,604800,602,1341.09183098539,3227.518199573618,0.4155179763703763,Shuffle by Year + Shuffle by Month + Shuffle by Day of the Week + Shuffle by Time of Day,Shuffle by Year + Shuffle by Month + Shuffle by Day of the Week + Shuffle by Time of Day,out\Shuffle_by_Year_+_Shuffle_by_Month_+_Shuffle_by_Day_of_the_Week_+_Shuffle_by_Time_of_Day,42,2026-02-20T01:42:41.465789Z,604800
1523624461,1524229261,604800,621,1395.9245546427069,3356.196924730215,0.4159245079920086,Shuffle by Year + Shuffle by Month + Shuffle by Day of the Week + Shuffle by Time of Day,Shuffle by Year + Shuffle by Month + Shuffle by Day of the Week + Shuffle by Time of Day,out\Shuffle_by_Year_+_Shuffle_by_Month_+_Shuffle_by_Day_of_the_Week_+_Shuffle_by_Time_of_Day,42,2026-02-20T01:42:41.465789Z,604800
1524229261,1524834061,604800,646,1466.1589308159303,3512.8144000836915,0.41737443651477846,Shuffle by Year + Shuffle by Month + Shuffle by Day of the Week + Shuffle by Time of Day,Shuffle by Year + Shuffle by Month + Shuffle by Day of the Week + Shuffle by Time of Day,out\Shuffle_by_Year_+_Shuffle_by_Month_+_Shuffle_by_Day_of_the_Week_+_Shuffle_by_Time_of_Day,42,2026-02-20T01:42:41.465789Z,604800
1524834061,1525438861,604800,590,1272.721193981544,3152.329527026614,0.4037398955502024,Shuffle by Year + Shuffle by Month + Shuffle by Day of the Week + Shuffle by Time of Day,Shuffle by Year + Shuffle by Month + Shuffle by Day of the Week + Shuffle by Time of Day,out\Shuffle_by_Year_+_Shuffle_by_Month_+_Shuffle_by_Day_of_the_Week_+_Shuffle_by_Time_of_Day,42,2026-02-20T01:42:41.465789Z,604800
1525438861,1526043661,604800,602,1344.8594481771258,3226.8250523930583,0.4167748255145594,Shuffle by Year + Shuffle by Month + Shuffle by Day of the Week + Shuffle by Time of Day,Shuffle by Year + Shuffle by Month + Shuffle by Day of the Week + Shuffle by Time of Day,out\Shuffle_by_Year_+_Shuffle_by_Month_+_Shuffle_by_Day_of_the_Week_+_Shuffle_by_Time_of_Day,42,2026-02-20T01:42:41.465789Z,604800
1526043661,1526648461,604800,586,1289.3389245684361,3121.1562660582003,0.4130965625110402,Shuffle by Year + Shuffle by Month + Shuffle by Day of the Week + Shuffle by Time of Day,Shuffle by Year + Shuffle by Month + Shuffle by Day of the Week + Shuffle by Time of Day,out\Shuffle_by_Year_+_Shuffle_by_Month_+_Shuffle_by_Day_of_the_Week_+_Shuffle_by_Time_of_Day,42,2026-02-20T01:42:41.465789Z,604800
1526648461,1527253261,604800,609,1346.9796821615867,3276.9306695445844,0.41104918534904034,Shuffle by Year + Shuffle by Month + Shuffle by Day of the Week + Shuffle by Time of Day,Shuffle by Year + Shuffle by Month + Shuffle by Day of the Week + Shuffle by Time of Day,out\Shuffle_by_Year_+_Shuffle_by_Month_+_Shuffle_by_Day_of_the_Week_+_Shuffle_by_Time_of_Day,42,2026-02-20T01:42:41.465789Z,604800
1527253261,1527858061,604800,565,1212.794574593625,2995.3037847063247,0.4048986886692475,Shuffle by Year + Shuffle by Month + Shuffle by Day of the Week + Shuffle by Time of Day,Shuffle by Year + Shuffle by Month + Shuffle by Day of the Week + Shuffle by Time of Day,out\Shuffle_by_Year_+_Shuffle_by_Month_+_Shuffle_by_Day_of_the_Week_+_Shuffle_by_Time_of_Day,42,2026-02-20T01:42:41.465789Z,604800
1527858061,1528462861,604800,613,1372.6430419030437,3300.9203462458,0.4158364631440371,Shuffle by Year + Shuffle by Month + Shuffle by Day of the Week + Shuffle by Time of Day,Shuffle by Year + Shuffle by Month + Shuffle by Day of the Week + Shuffle by Time of Day,out\Shuffle_by_Year_+_Shuffle_by_Month_+_Shuffle_by_Day_of_the_Week_+_Shuffle_by_Time_of_Day,42,2026-02-20T01:42:41.465789Z,604800
1528462861,1529067661,604800,634,1431.950297779506,3437.0593443895077,0.416620766271305,Shuffle by Year + Shuffle by Month + Shuffle by Day of the Week + Shuffle by Time of Day,Shuffle by Year + Shuffle by Month + Shuffle by Day of the Week + Shuffle by Time of Day,out\Shuffle_by_Year_+_Shuffle_by_Month_+_Shuffle_by_Day_of_the_Week_+_Shuffle_by_Time_of_Day,42,2026-02-20T01:42:41.465789Z,604800
1529067661,1529672461,604800,599,1323.1316189130482,3213.985378018694,0.4116794145867307,Shuffle by Year + Shuffle by Month + Shuffle by Day of the Week + Shuffle by Time of Day,Shuffle by Year + Shuffle by Month + Shuffle by Day of the Week + Shuffle by Time of Day,out\Shuffle_by_Year_+_Shuffle_by_Month_+_Shuffle_by_Day_of_the_Week_+_Shuffle_by_Time_of_Day,42,2026-02-20T01:42:41.465789Z,604800
1529672461,1530277261,604800,589,1283.6678598710034,3150.108287573074,0.40749959769160027,Shuffle by Year + Shuffle by Month + Shuffle by Day of the Week + Shuffle by Time of Day,Shuffle by Year + Shuffle by Month + Shuffle by Day of the Week + Shuffle by Time of Day,out\Shuffle_by_Year_+_Shuffle_by_Month_+_Shuffle_by_Day_of_the_Week_+_Shuffle_by_Time_of_Day,42,2026-02-20T01:42:41.465789Z,604800
1530277261,1530882061,604800,518,1067.90659400434,2707.471094331352,0.39442954580022005,Shuffle by Year + Shuffle by Month + Shuffle by Day of the Week + Shuffle by Time of Day,Shuffle by Year + Shuffle by Month + Shuffle by Day of the Week + Shuffle by Time of Day,out\Shuffle_by_Year_+_Shuffle_by_Month_+_Shuffle_by_Day_of_the_Week_+_Shuffle_by_Time_of_Day,42,2026-02-20T01:42:41.465789Z,604800
1530882061,1531486861,604800,614,1385.864146689609,3306.6471939933867,0.41911460926556315,Shuffle by Year + Shuffle by Month + Shuffle by Day of the Week + Shuffle by Time of Day,Shuffle by Year + Shuffle by Month + Shuffle by Day of the Week + Shuffle by Time of Day,out\Shuffle_by_Year_+_Shuffle_by_Month_+_Shuffle_by_Day_of_the_Week_+_Shuffle_by_Time_of_Day,42,2026-02-20T01:42:41.465789Z,604800
1531486861,1532091661,604800,598,1334.233319421641,3204.4120625902306,0.41637382875881973,Shuffle by Year + Shuffle by Month + Shuffle by Day of the Week + Shuffle by Time of Day,Shuffle by Year + Shuffle by Month + Shuffle by Day of the Week + Shuffle by Time of Day,out\Shuffle_by_Year_+_Shuffle_by_Month_+_Shuffle_by_Day_of_the_Week_+_Shuffle_by_Time_of_Day,42,2026-02-20T01:42:41.465789Z,604800
1532091661,1532696461,604800,595,1308.5278827200343,3186.0472442720384,0.41070573735921245,Shuffle by Year + Shuffle by Month + Shuffle by Day of the Week + Shuffle by Time of Day,Shuffle by Year + Shuffle by Month + Shuffle by Day of the Week + Shuffle by Time of Day,out\Shuffle_by_Year_+_Shuffle_by_Month_+_Shuffle_by_Day_of_the_Week_+_Shuffle_by_Time_of_Day,42,2026-02-20T01:42:41.465789Z,604800
1532696461,1533301261,604800,528,1094.3609698619202,2760.947617728757,0.3963715076790107,Shuffle by Year + Shuffle by Month + Shuffle by Day of the Week + Shuffle by Time of Day,Shuffle by Year + Shuffle by Month + Shuffle by Day of the Week + Shuffle by Time of Day,out\Shuffle_by_Year_+_Shuffle_by_Month_+_Shuffle_by_Day_of_the_Week_+_Shuffle_by_Time_of_Day,42,2026-02-20T01:42:41.465789Z,604800
1533301261,1533906061,604800,619,1408.1477074220013,3337.7906967257622,0.42188017025852975,Shuffle by Year + Shuffle by Month + Shuffle by Day of the Week + Shuffle by Time of Day,Shuffle by Year + Shuffle by Month + Shuffle by Day of the Week + Shuffle by Time of Day,out\Shuffle_by_Year_+_Shuffle_by_Month_+_Shuffle_by_Day_of_the_Week_+_Shuffle_by_Time_of_Day,42,2026-02-20T01:42:41.465789Z,604800
1533906061,1534510861,604800,607,1360.974823261438,3263.127847141896,0.4170767702079116,Shuffle by Year + Shuffle by Month + Shuffle by Day of the Week + Shuffle by Time of Day,Shuffle by Year + Shuffle by Month + Shuffle by Day of the Week + Shuffle by Time of Day,out\Shuffle_by_Year_+_Shuffle_by_Month_+_Shuffle_by_Day_of_the_Week_+_Shuffle_by_Time_of_Day,42,2026-02-20T01:42:41.465789Z,604800
1534510861,1535115661,604800,629,1439.5930052325868,3402.447786322721,0.4231050983411158,Shuffle by Year + Shuffle by Month + Shuffle by Day of the Week + Shuffle by Time of Day,Shuffle by Year + Shuffle by Month + Shuffle by Day of the Week + Shuffle by Time of Day,out\Shuffle_by_Year_+_Shuffle_by_Month_+_Shuffle_by_Day_of_the_Week_+_Shuffle_by_Time_of_Day,42,2026-02-20T01:42:41.465789Z,604800
1535115661,1535720461,604800,642,1447.2405576581825,3470.76255558858,0.4169805725626068,Shuffle by Year + Shuffle by Month + Shuffle by Day of the Week + Shuffle by Time of Day,Shuffle by Year + Shuffle by Month + Shuffle by Day of the Week + Shuffle by Time of Day,out\Shuffle_by_Year_+_Shuffle_by_Month_+_Shuffle_by_Day_of_the_Week_+_Shuffle_by_Time_of_Day,42,2026-02-20T01:42:41.465789Z,604800
1535720461,1536325261,604800,551,1161.5233561848888,2908.947809315723,0.39929329514444467,Shuffle by Year + Shuffle by Month + Shuffle by Day of the Week + Shuffle by Time of Day,Shuffle by Year + Shuffle by Month + Shuffle by Day of the Week + Shuffle by Time of Day,out\Shuffle_by_Year_+_Shuffle_by_Month_+_Shuffle_by_Day_of_the_Week_+_Shuffle_by_Time_of_Day,42,2026-02-20T01:42:41.465789Z,604800
1536325261,1536930061,604800,587,1287.3442345568285,3132.5011041776042,0.41096369697682944,Shuffle by Year + Shuffle by Month + Shuffle by Day of the Week + Shuffle by Time of Day,Shuffle by Year + Shuffle by Month + Shuffle by Day of the Week + Shuffle by Time of Day,out\Shuffle_by_Year_+_Shuffle_by_Month_+_Shuffle_by_Day_of_the_Week_+_Shuffle_by_Time_of_Day,42,2026-02-20T01:42:41.465789Z,604800
1536930061,1537534861,604800,606,1373.96069485143,3258.105612711956,0.42170538901217003,Shuffle by Year + Shuffle by Month + Shuffle by Day of the Week + Shuffle by Time of Day,Shuffle by Year + Shuffle by Month + Shuffle by Day of the Week + Shuffle by Time of Day,out\Shuffle_by_Year_+_Shuffle_by_Month_+_Shuffle_by_Day_of_the_Week_+_Shuffle_by_Time_of_Day,42,2026-02-20T01:42:41.465789Z,604800
1537534861,1538139661,604800,602,1342.2381981094177,3225.8442231400463,0.41608896935602147,Shuffle by Year + Shuffle by Month + Shuffle by Day of the Week + Shuffle by Time of Day,Shuffle by Year + Shuffle by Month + Shuffle by Day of the Week + Shuffle by Time of Day,out\Shuffle_by_Year_+_Shuffle_by_Month_+_Shuffle_by_Day_of_the_Week_+_Shuffle_by_Time_of_Day,42,2026-02-20T01:42:41.465789Z,604800
1538139661,1538744461,604800,589,1292.127302844298,3137.5138552873386,0.41183158463724545,Shuffle by Year + Shuffle by Month + Shuffle by Day of the Week + Shuffle by Time of Day,Shuffle by Year + Shuffle by Month + Shuffle by Day of the Week + Shuffle by Time of Day,out\Shuffle_by_Year_+_Shuffle_by_Month_+_Shuffle_by_Day_of_the_Week_+_Shuffle_by_Time_of_Day,42,2026-02-20T01:42:41.465789Z,604800
1538744461,1539349261,604800,627,1413.4622787042983,3398.2843461743805,0.41593408164784795,Shuffle by Year + Shuffle by Month + Shuffle by Day of the Week + Shuffle by Time of Day,Shuffle by Year + Shuffle by Month + Shuffle by Day of the Week + Shuffle by Time of Day,out\Shuffle_by_Year_+_Shuffle_by_Month_+_Shuffle_by_Day_of_the_Week_+_Shuffle_by_Time_of_Day,42,2026-02-20T01:42:41.465789Z,604800
1539349261,1539954061,604800,573,1258.5764895650977,3047.5658676164576,0.4129776169692593,Shuffle by Year + Shuffle by Month + Shuffle by Day of the Week + Shuffle by Time of Day,Shuffle by Year + Shuffle by Month + Shuffle by Day of the Week + Shuffle by Time of Day,out\Shuffle_by_Year_+_Shuffle_by_Month_+_Shuffle_by_Day_of_the_Week_+_Shuffle_by_Time_of_Day,42,2026-02-20T01:42:41.465789Z,604800
1539954061,1540558861,604800,573,1255.7711183071806,3045.08096096667,0.41239334336402417,Shuffle by Year + Shuffle by Month + Shuffle by Day of the Week + Shuffle by Time of Day,Shuffle by Year + Shuffle by Month + Shuffle by Day of the Week + Shuffle by Time of Day,out\Shuffle_by_Year_+_Shuffle_by_Month_+_Shuffle_by_Day_of_the_Week_+_Shuffle_by_Time_of_Day,42,2026-02-20T01:42:41.465789Z,604800
1540558861,1541163661,604800,595,1302.3371701451274,3184.2554848028103,0.4089926754811813,Shuffle by Year + Shuffle by Month + Shuffle by Day of the Week + Shuffle by Time of Day,Shuffle by Year + Shuffle by Month + Shuffle by Day of the Week + Shuffle by Time of Day,out\Shuffle_by_Year_+_Shuffle_by_Month_+_Shuffle_by_Day_of_the_Week_+_Shuffle_by_Time_of_Day,42,2026-02-20T01:42:41.465789Z,604800
1541163661,1541768461,604800,611,1376.7557674322609,3279.649699824975,0.41978744483160324,Shuffle by Year + Shuffle by Month + Shuffle by Day of the Week + Shuffle by Time of Day,Shuffle by Year + Shuffle by Month + Shuffle by Day of the Week + Shuffle by Time of Day,out\Shuffle_by_Year_+_Shuffle_by_Month_+_Shuffle_by_Day_of_the_Week_+_Shuffle_by_Time_of_Day,42,2026-02-20T01:42:41.465789Z,604800
1541768461,1542373261,604800,610,1366.7294630856964,3277.3934859491637,0.41701720252546326,Shuffle by Year + Shuffle by Month + Shuffle by Day of the Week + Shuffle by Time of Day,Shuffle by Year + Shuffle by Month + Shuffle by Day of the Week + Shuffle by Time of Day,out\Shuffle_by_Year_+_Shuffle_by_Month_+_Shuffle_by_Day_of_the_Week_+_Shuffle_by_Time_of_Day,42,2026-02-20T01:42:41.465789Z,604800
1542373261,1542978061,604800,517,1078.2484330073669,2700.9334370166416,0.3992132565097062,Shuffle by Year + Shuffle by Month + Shuffle by Day of the Week + Shuffle by Time of Day,Shuffle by Year + Shuffle by Month + Shuffle by Day of the Week + Shuffle by Time of Day,out\Shuffle_by_Year_+_Shuffle_by_Month_+_Shuffle_by_Day_of_the_Week_+_Shuffle_by_Time_of_Day,42,2026-02-20T01:42:41.465789Z,604800
1542978061,1543582861,604800,587,1297.0337697479652,3132.788786250056,0.41401890080834747,Shuffle by Year + Shuffle by Month + Shuffle by Day of the Week + Shuffle by Time of Day,Shuffle by Year + Shuffle by Month + Shuffle by Day of the Week + Shuffle by Time of Day,out\Shuffle_by_Year_+_Shuffle_by_Month_+_Shuffle_by_Day_of_the_Week_+_Shuffle_by_Time_of_Day,42,2026-02-20T01:42:41.465789Z,604800
1543582861,1544187661,604800,592,1287.485192604396,3164.4017024983445,0.40686528249176024,Shuffle by Year + Shuffle by Month + Shuffle by Day of the Week + Shuffle by Time of Day,Shuffle by Year + Shuffle by Month + Shuffle by Day of the Week + Shuffle by Time of Day,out\Shuffle_by_Year_+_Shuffle_by_Month_+_Shuffle_by_Day_of_the_Week_+_Shuffle_by_Time_of_Day,42,2026-02-20T01:42:41.465789Z,604800
1544187661,1544792461,604800,534,1150.317946468675,2809.522261793035,0.40943542683820666,Shuffle by Year + Shuffle by Month + Shuffle by Day of the Week + Shuffle by Time of Day,Shuffle by Year + Shuffle by Month + Shuffle by Day of the Week + Shuffle by Time of Day,out\Shuffle_by_Year_+_Shuffle_by_Month_+_Shuffle_by_Day_of_the_Week_+_Shuffle_by_Time_of_Day,42,2026-02-20T01:42:41.465789Z,604800
1544792461,1545397261,604800,619,1399.548902090167,3345.0098506038134,0.4183990375506763,Shuffle by Year + Shuffle by Month + Shuffle by Day of the Week + Shuffle by Time of Day,Shuffle by Year + Shuffle by Month + Shuffle by Day of the Week + Shuffle by Time of Day,out\Shuffle_by_Year_+_Shuffle_by_Month_+_Shuffle_by_Day_of_the_Week_+_Shuffle_by_Time_of_Day,42,2026-02-20T01:42:41.465789Z,604800
1545397261,1546002061,604800,473,946.0959121404871,2430.3878375533186,0.38927775127978165,Shuffle by Year + Shuffle by Month + Shuffle by Day of the Week + Shuffle by Time of Day,Shuffle by Year + Shuffle by Month + Shuffle by Day of the Week + Shuffle by Time of Day,out\Shuffle_by_Year_+_Shuffle_by_Month_+_Shuffle_by_Day_of_the_Week_+_Shuffle_by_Time_of_Day,42,2026-02-20T01:42:41.465789Z,604800
1546002061,1546606861,604800,525,1099.0206326941106,2752.778793463484,0.3992404458010764,Shuffle by Year + Shuffle by Month + Shuffle by Day of the Week + Shuffle by Time of Day,Shuffle by Year + Shuffle by Month + Shuffle by Day of the Week + Shuffle by Time of Day,out\Shuffle_by_Year_+_Shuffle_by_Month_+_Shuffle_by_Day_of_the_Week_+_Shuffle_by_Time_of_Day,42,2026-02-20T01:42:41.465789Z,604800
1546606861,1547211661,604800,618,1370.4373446370507,3333.6119320315534,0.4110968440774345,Shuffle by Year + Shuffle by Month + Shuffle by Day of the Week + Shuffle by Time of Day,Shuffle by Year + Shuffle by Month + Shuffle by Day of the Week + Shuffle by Time of Day,out\Shuffle_by_Year_+_Shuffle_by_Month_+_Shuffle_by_Day_of_the_Week_+_Shuffle_by_Time_of_Day,42,2026-02-20T01:42:41.465789Z,604800
1547211661,1547816461,604800,579,1269.3401416837814,3083.5104687496882,0.41165423453174704,Shuffle by Year + Shuffle by Month + Shuffle by Day of the Week + Shuffle by Time of Day,Shuffle by Year + Shuffle by Month + Shuffle by Day of the Week + Shuffle by Time of Day,out\Shuffle_by_Year_+_Shuffle_by_Month_+_Shuffle_by_Day_of_the_Week_+_Shuffle_by_Time_of_Day,42,2026-02-20T01:42:41.465789Z,604800
1547816461,1548421261,604800,538,1154.9761035957042,2829.1173419111924,0.40824609375002713,Shuffle by Year + Shuffle by Month + Shuffle by Day of the Week + Shuffle by Time of Day,Shuffle by Year + Shuffle by Month + Shuffle by Day of the Week + Shuffle by Time of Day,out\Shuffle_by_Year_+_Shuffle_by_Month_+_Shuffle_by_Day_of_the_Week_+_Shuffle_by_Time_of_Day,42,2026-02-20T01:42:41.465789Z,604800
1548421261,1549026061,604800,537,1144.8234138519617,2822.4240182429226,0.40561708887549164,Shuffle by Year + Shuffle by Month + Shuffle by Day of the Week + Shuffle by Time of Day,Shuffle by Year + Shuffle by Month + Shuffle by Day of the Week + Shuffle by Time of Day,out\Shuffle_by_Year_+_Shuffle_by_Month_+_Shuffle_by_Day_of_the_Week_+_Shuffle_by_Time_of_Day,42,2026-02-20T01:42:41.465789Z,604800
1549026061,1549630861,604800,573,1235.1588134317785,3043.69466660555,0.4058090408947876,Shuffle by Year + Shuffle by Month + Shuffle by Day of the Week + Shuffle by Time of Day,Shuffle by Year + Shuffle by Month + Shuffle by Day of the Week + Shuffle by Time of Day,out\Shuffle_by_Year_+_Shuffle_by_Month_+_Shuffle_by_Day_of_the_Week_+_Shuffle_by_Time_of_Day,42,2026-02-20T01:42:41.465789Z,604800
1549630861,1550235661,604800,565,1221.1114600251346,2999.4626677896845,0.4071100711264983,Shuffle by Year + Shuffle by Month + Shuffle by Day of the Week + Shuffle by Time of Day,Shuffle by Year + Shuffle by Month + Shuffle by Day of the Week + Shuffle by Time of Day,out\Shuffle_by_Year_+_Shuffle_by_Month_+_Shuffle_by_Day_of_the_Week_+_Shuffle_by_Time_of_Day,42,2026-02-20T01:42:41.465789Z,604800
1550235661,1550840461,604800,590,1307.019599104488,3156.893875218082,0.41402075925475873,Shuffle by Year + Shuffle by Month + Shuffle by Day of the Week + Shuffle by Time of Day,Shuffle by Year + Shuffle by Month + Shuffle by Day of the Week + Shuffle by Time of Day,out\Shuffle_by_Year_+_Shuffle_by_Month_+_Shuffle_by_Day_of_the_Week_+_Shuffle_by_Time_of_Day,42,2026-02-20T01:42:41.465789Z,604800
1550840461,1551445261,604800,584,1278.233074391942,3116.0359534075506,0.41021127275316777,Shuffle by Year + Shuffle by Month + Shuffle by Day of the Week + Shuffle by Time of Day,Shuffle by Year + Shuffle by Month + Shuffle by Day of the Week + Shuffle by Time of Day,out\Shuffle_by_Year_+_Shuffle_by_Month_+_Shuffle_by_Day_of_the_Week_+_Shuffle_by_Time_of_Day,42,2026-02-20T01:42:41.465789Z,604800
1551445261,1552050061,604800,554,1180.5191484320435,2925.1212913280306,0.4035795547801293,Shuffle by Year + Shuffle by Month + Shuffle by Day of the Week + Shuffle by Time of Day,Shuffle by Year + Shuffle by Month + Shuffle by Day of the Week + Shuffle by Time of Day,out\Shuffle_by_Year_+_Shuffle_by_Month_+_Shuffle_by_Day_of_the_Week_+_Shuffle_by_Time_of_Day,42,2026-02-20T01:42:41.465789Z,604800
1552050061,1552654861,604800,588,1298.5178482400327,3138.1846839449427,0.4137799329922465,Shuffle by Year + Shuffle by Month + Shuffle by Day of the Week + Shuffle by Time of Day,Shuffle by Year + Shuffle by Month + Shuffle by Day of the Week + Shuffle by Time of Day,out\Shuffle_by_Year_+_Shuffle_by_Month_+_Shuffle_by_Day_of_the_Week_+_Shuffle_by_Time_of_Day,42,2026-02-20T01:42:41.465789Z,604800
1552654861,1553259661,604800,586,1287.1664840661726,3126.295978394572,0.41172252818082933,Shuffle by Year + Shuffle by Month + Shuffle by Day of the Week + Shuffle by Time of Day,Shuffle by Year + Shuffle by Month + Shuffle by Day of the Week + Shuffle by Time of Day,out\Shuffle_by_Year_+_Shuffle_by_Month_+_Shuffle_by_Day_of_the_Week_+_Shuffle_by_Time_of_Day,42,2026-02-20T01:42:41.465789Z,604800
1553259661,1553864461,604800,570,1234.3294805218698,3022.450028110464,0.40838705984943346,Shuffle by Year + Shuffle by Month + Shuffle by Day of the Week + Shuffle by Time of Day,Shuffle by Year + Shuffle by Month + Shuffle by Day of the Week + Shuffle by Time of Day,out\Shuffle_by_Year_+_Shuffle_by_Month_+_Shuffle_by_Day_of_the_Week_+_Shuffle_by_Time_of_Day,42,2026-02-20T01:42:41.465789Z,604800
1553864461,1554469261,604800,590,1280.3491695341033,3146.95424861893,0.40685344252970834,Shuffle by Year + Shuffle by Month + Shuffle by Day of the Week + Shuffle by Time of Day,Shuffle by Year + Shuffle by Month + Shuffle by Day of the Week + Shuffle by Time of Day,out\Shuffle_by_Year_+_Shuffle_by_Month_+_Shuffle_by_Day_of_the_Week_+_Shuffle_by_Time_of_Day,42,2026-02-20T01:42:41.465789Z,604800
1554469261,1555074061,604800,611,1359.7366612711191,3278.6688705719635,0.4147221677295863,Shuffle by Year + Shuffle by Month + Shuffle by Day of the Week + Shuffle by Time of Day,Shuffle by Year + Shuffle by Month + Shuffle by Day of the Week + Shuffle by Time of Day,out\Shuffle_by_Year_+_Shuffle_by_Month_+_Shuffle_by_Day_of_the_Week_+_Shuffle_by_Time_of_Day,42,2026-02-20T01:42:41.465789Z,604800
1555074061,1555678861,604800,559,1224.1450102636286,2956.9040004482863,0.4139955203408836,Shuffle by Year + Shuffle by Month + Shuffle by Day of the Week + Shuffle by Time of Day,Shuffle by Year + Shuffle by Month + Shuffle by Day of the Week + Shuffle by Time of Day,out\Shuffle_by_Year_+_Shuffle_by_Month_+_Shuffle_by_Day_of_the_Week_+_Shuffle_by_Time_of_Day,42,2026-02-20T01:42:41.465789Z,604800
1555678861,1556283661,604800,609,1351.3778336243852,3282.188164916612,0.4117307618342224,Shuffle by Year + Shuffle by Month + Shuffle by Day of the Week + Shuffle by Time of Day,Shuffle by Year + Shuffle by Month + Shuffle by Day of the Week + Shuffle by Time of Day,out\Shuffle_by_Year_+_Shuffle_by_Month_+_Shuffle_by_Day_of_the_Week_+_Shuffle_by_Time_of_Day,42,2026-02-20T01:42:41.465789Z,604800
1556283661,1556888461,604800,549,1154.4693603823712,2898.0001326619154,0.39836760094346524,Shuffle by Year + Shuffle by Month + Shuffle by Day of the Week + Shuffle by Time of Day,Shuffle by Year + Shuffle by Month + Shuffle by Day of the Week + Shuffle by Time of Day,out\Shuffle_by_Year_+_Shuffle_by_Month_+_Shuffle_by_Day_of_the_Week_+_Shuffle_by_Time_of_Day,42,2026-02-20T01:42:41.465789Z,604800
1556888461,1557493261,604800,604,1342.0251102846012,3245.1757212321995,0.4135446661652675,Shuffle by Year + Shuffle by Month + Shuffle by Day of the Week + Shuffle by Time of Day,Shuffle by Year + Shuffle by Month + Shuffle by Day of the Week + Shuffle by Time of Day,out\Shuffle_by_Year_+_Shuffle_by_Month_+_Shuffle_by_Day_of_the_Week_+_Shuffle_by_Time_of_Day,42,2026-02-20T01:42:41.465789Z,604800
1557493261,1558098061,604800,579,1286.1249436303235,3088.767964121716,0.416387685501015,Shuffle by Year + Shuffle by Month + Shuffle by Day of the Week + Shuffle by Time of Day,Shuffle by Year + Shuffle by Month + Shuffle by Day of the Week + Shuffle by Time of Day,out\Shuffle_by_Year_+_Shuffle_by_Month_+_Shuffle_by_Day_of_the_Week_+_Shuffle_by_Time_of_Day,42,2026-02-20T01:42:41.465789Z,604800
1558098061,1558702861,604800,566,1216.0015768310639,3005.2258977229835,0.40462900900475096,Shuffle by Year + Shuffle by Month + Shuffle by Day of the Week + Shuffle by Time of Day,Shuffle by Year + Shuffle by Month + Shuffle by Day of the Week + Shuffle by Time of Day,out\Shuffle_by_Year_+_Shuffle_by_Month_+_Shuffle_by_Day_of_the_Week_+_Shuffle_by_Time_of_Day,42,2026-02-20T01:42:41.465789Z,604800
1558702861,1559307661,604800,565,1220.4821599108652,2995.421567741981,0.40744921284348407,Shuffle by Year + Shuffle by Month + Shuffle by Day of the Week + Shuffle by Time of Day,Shuffle by Year + Shuffle by Month + Shuffle by Day of the Week + Shuffle by Time of Day,out\Shuffle_by_Year_+_Shuffle_by_Month_+_Shuffle_by_Day_of_the_Week_+_Shuffle_by_Time_of_Day,42,2026-02-20T01:42:41.465789Z,604800
1559307661,1559912461,604800,568,1203.158934467135,3019.7001379146604,0.39843655976318576,Shuffle by Year + Shuffle by Month + Shuffle by Day of the Week + Shuffle by Time of Day,Shuffle by Year + Shuffle by Month + Shuffle by Day of the Week + Shuffle by Time of Day,out\Shuffle_by_Year_+_Shuffle_by_Month_+_Shuffle_by_Day_of_the_Week_+_Shuffle_by_Time_of_Day,42,2026-02-20T01:42:41.465789Z,604800
1559912461,1560517261,604800,532,1127.5438950089178,2790.0318727243093,0.4041329799963663,Shuffle by Year + Shuffle by Month + Shuffle by Day of the Week + Shuffle by Time of Day,Shuffle by Year + Shuffle by Month + Shuffle by Day of the Week + Shuffle by Time of Day,out\Shuffle_by_Year_+_Shuffle_by_Month_+_Shuffle_by_Day_of_the_Week_+_Shuffle_by_Time_of_Day,42,2026-02-20T01:42:41.465789Z,604800
1560517261,1561122061,604800,572,1242.0890606412838,3038.7300752499555,0.4087526795347605,Shuffle by Year + Shuffle by Month + Shuffle by Day of the Week + Shuffle by Time of Day,Shuffle by Year + Shuffle by Month + Shuffle by Day of the Week + Shuffle by Time of Day,out\Shuffle_by_Year_+_Shuffle_by_Month_+_Shuffle_by_Day_of_the_Week_+_Shuffle_by_Time_of_Day,42,2026-02-20T01:42:41.465789Z,604800
1561122061,1561726861,604800,545,1168.27293300765,2872.4910090828394,0.4067107361915361,Shuffle by Year + Shuffle by Month + Shuffle by Day of the Week + Shuffle by Time of Day,Shuffle by Year + Shuffle by Month + Shuffle by Day of the Week + Shuffle by Time of Day,out\Shuffle_by_Year_+_Shuffle_by_Month_+_Shuffle_by_Day_of_the_Week_+_Shuffle_by_Time_of_Day,42,2026-02-20T01:42:41.465789Z,604800
1561726861,1562331661,604800,532,1105.3806087225905,2790.725019904869,0.3960908369110014,Shuffle by Year + Shuffle by Month + Shuffle by Day of the Week + Shuffle by Time of Day,Shuffle by Year + Shuffle by Month + Shuffle by Day of the Week + Shuffle by Time of Day,out\Shuffle_by_Year_+_Shuffle_by_Month_+_Shuffle_by_Day_of_the_Week_+_Shuffle_by_Time_of_Day,42,2026-02-20T01:42:41.465789Z,604800
1562331661,1562936461,604800,534,1141.6775025975392,2806.461990998343,0.40680312302801225,Shuffle by Year + Shuffle by Month + Shuffle by Day of the Week + Shuffle by Time of Day,Shuffle by Year + Shuffle by Month + Shuffle by Day of the Week + Shuffle by Time of Day,out\Shuffle_by_Year_+_Shuffle_by_Month_+_Shuffle_by_Day_of_the_Week_+_Shuffle_by_Time_of_Day,42,2026-02-20T01:42:41.465789Z,604800
1562936461,1563541261,604800,538,1139.8915068850574,2824.840675792176,0.40352417630257864,Shuffle by Year + Shuffle by Month + Shuffle by Day of the Week + Shuffle by Time of Day,Shuffle by Year + Shuffle by Month + Shuffle by Day of the Week + Shuffle by Time of Day,out\Shuffle_by_Year_+_Shuffle_by_Month_+_Shuffle_by_Day_of_the_Week_+_Shuffle_by_Time_of_Day,42,2026-02-20T01:42:41.465789Z,604800
1563541261,1564146061,604800,576,1275.6577230262756,3070.5001757251785,0.41545600065793703,Shuffle by Year + Shuffle by Month + Shuffle by Day of the Week + Shuffle by Time of Day,Shuffle by Year + Shuffle by Month + Shuffle by Day of the Week + Shuffle by Time of Day,out\Shuffle_by_Year_+_Shuffle_by_Month_+_Shuffle_by_Day_of_the_Week_+_Shuffle_by_Time_of_Day,42,2026-02-20T01:42:41.465789Z,604800
1564146061,1564750861,604800,569,1206.9716924930717,3025.6385532406784,0.3989146989154793,Shuffle by Year + Shuffle by Month + Shuffle by Day of the Week + Shuffle by Time of Day,Shuffle by Year + Shuffle by Month + Shuffle by Day of the Week + Shuffle by Time of Day,out\Shuffle_by_Year_+_Shuffle_by_Month_+_Shuffle_by_Day_of_the_Week_+_Shuffle_by_Time_of_Day,42,2026-02-20T01:42:41.465789Z,604800
1564750861,1565355661,604800,577,1250.6182997508315,3069.115615969871,0.4074849097386068,Shuffle by Year + Shuffle by Month + Shuffle by Day of the Week + Shuffle by Time of Day,Shuffle by Year + Shuffle by Month + Shuffle by Day of the Week + Shuffle by Time of Day,out\Shuffle_by_Year_+_Shuffle_by_Month_+_Shuffle_by_Day_of_the_Week_+_Shuffle_by_Time_of_Day,42,2026-02-20T01:42:41.465789Z,604800
1565355661,1565960461,604800,586,1290.2339985636559,3128.2055208994566,0.41245180022336686,Shuffle by Year + Shuffle by Month + Shuffle by Day of the Week + Shuffle by Time of Day,Shuffle by Year + Shuffle by Month + Shuffle by Day of the Week + Shuffle by Time of Day,out\Shuffle_by_Year_+_Shuffle_by_Month_+_Shuffle_by_Day_of_the_Week_+_Shuffle_by_Time_of_Day,42,2026-02-20T01:42:41.465789Z,604800
1565960461,1566565261,604800,548,1157.5172205562847,2880.8893614038984,0.40179162589993045,Shuffle by Year + Shuffle by Month + Shuffle by Day of the Week + Shuffle by Time of Day,Shuffle by Year + Shuffle by Month + Shuffle by Day of the Week + Shuffle by Time of Day,out\Shuffle_by_Year_+_Shuffle_by_Month_+_Shuffle_by_Day_of_the_Week_+_Shuffle_by_Time_of_Day,42,2026-02-20T01:42:41.465789Z,604800
1566565261,1567170061,604800,531,1125.518944685549,2790.3990189681153,0.4033541214122717,Shuffle by Year + Shuffle by Month + Shuffle by Day of the Week + Shuffle by Time of Day,Shuffle by Year + Shuffle by Month + Shuffle by Day of the Week + Shuffle by Time of Day,out\Shuffle_by_Year_+_Shuffle_by_Month_+_Shuffle_by_Day_of_the_Week_+_Shuffle_by_Time_of_Day,42,2026-02-20T01:42:41.465789Z,604800
1567170061,1567774861,604800,519,1070.3006533022053,2713.147634069615,0.3944866987193013,Shuffle by Year + Shuffle by Month + Shuffle by Day of the Week + Shuffle by Time of Day,Shuffle by Year + Shuffle by Month + Shuffle by Day of the Week + Shuffle by Time of Day,out\Shuffle_by_Year_+_Shuffle_by_Month_+_Shuffle_by_Day_of_the_Week_+_Shuffle_by_Time_of_Day,42,2026-02-20T01:42:41.465789Z,604800
1567774861,1568379661,604800,591,1300.82124965514,3158.0181958634607,0.411910625264612,Shuffle by Year + Shuffle by Month + Shuffle by Day of the Week + Shuffle by Time of Day,Shuffle by Year + Shuffle by Month + Shuffle by Day of the Week + Shuffle by Time of Day,out\Shuffle_by_Year_+_Shuffle_by_Month_+_Shuffle_by_Day_of_the_Week_+_Shuffle_by_Time_of_Day,42,2026-02-20T01:42:41.465789Z,604800
1568379661,1568984461,604800,599,1314.338738207147,3209.015564719118,0.4095769284067619,Shuffle by Year + Shuffle by Month + Shuffle by Day of the Week + Shuffle by Time of Day,Shuffle by Year + Shuffle by Month + Shuffle by Day of the Week + Shuffle by Time of Day,out\Shuffle_by_Year_+_Shuffle_by_Month_+_Shuffle_by_Day_of_the_Week_+_Shuffle_by_Time_of_Day,42,2026-02-20T01:42:41.465789Z,604800
1568984461,1569589261,604800,555,1190.8721076064987,2929.3608179000976,0.4065296771669703,Shuffle by Year + Shuffle by Month + Shuffle by Day of the Week + Shuffle by Time of Day,Shuffle by Year + Shuffle by Month + Shuffle by Day of the Week + Shuffle by Time of Day,out\Shuffle_by_Year_+_Shuffle_by_Month_+_Shuffle_by_Day_of_the_Week_+_Shuffle_by_Time_of_Day,42,2026-02-20T01:42:41.465789Z,604800
1569589261,1570194061,604800,557,1175.6230954041282,2938.4206324958186,0.40008672768050374,Shuffle by Year + Shuffle by Month + Shuffle by Day of the Week + Shuffle by Time of Day,Shuffle by Year + Shuffle by Month + Shuffle by Day of the Week + Shuffle by Time of Day,out\Shuffle_by_Year_+_Shuffle_by_Month_+_Shuffle_by_Day_of_the_Week_+_Shuffle_by_Time_of_Day,42,2026-02-20T01:42:41.465789Z,604800
1570194061,1570798861,604800,534,1139.741127089861,2798.837372012184,0.40721948995216556,Shuffle by Year + Shuffle by Month + Shuffle by Day of the Week + Shuffle by Time of Day,Shuffle by Year + Shuffle by Month + Shuffle by Day of the Week + Shuffle by Time of Day,out\Shuffle_by_Year_+_Shuffle_by_Month_+_Shuffle_by_Day_of_the_Week_+_Shuffle_by_Time_of_Day,42,2026-02-20T01:42:41.465789Z,604800
1570798861,1571403661,604800,557,1193.9346752250708,2943.6781278678463,0.4055928071490129,Shuffle by Year + Shuffle by Month + Shuffle by Day of the Week + Shuffle by Time of Day,Shuffle by Year + Shuffle by Month + Shuffle by Day of the Week + Shuffle by Time of Day,out\Shuffle_by_Year_+_Shuffle_by_Month_+_Shuffle_by_Day_of_the_Week_+_Shuffle_by_Time_of_Day,42,2026-02-20T01:42:41.465789Z,604800
1571403661,1572008461,604800,565,1223.2216420960262,3003.7393339087007,0.40723295403408877,Shuffle by Year + Shuffle by Month + Shuffle by Day of the Week + Shuffle by Time of Day,Shuffle by Year + Shuffle by Month + Shuffle by Day of the Week + Shuffle by Time of Day,out\Shuffle_by_Year_+_Shuffle_by_Month_+_Shuffle_by_Day_of_the_Week_+_Shuffle_by_Time_of_Day,42,2026-02-20T01:42:41.465789Z,604800
1572008461,1572613261,604800,543,1137.145582138842,2859.89127404132,0.397618466289433,Shuffle by Year + Shuffle by Month + Shuffle by Day of the Week + Shuffle by Time of Day,Shuffle by Year + Shuffle by Month + Shuffle by Day of the Week + Shuffle by Time of Day,out\Shuffle_by_Year_+_Shuffle_by_Month_+_Shuffle_by_Day_of_the_Week_+_Shuffle_by_Time_of_Day,42,2026-02-20T01:42:41.465789Z,604800
1572613261,1573218061,604800,501,1045.323012769502,2597.4457963250024,0.4024426666567894,Shuffle by Year + Shuffle by Month + Shuffle by Day of the Week + Shuffle by Time of Day,Shuffle by Year + Shuffle by Month + Shuffle by Day of the Week + Shuffle by Time of Day,out\Shuffle_by_Year_+_Shuffle_by_Month_+_Shuffle_by_Day_of_the_Week_+_Shuffle_by_Time_of_Day,42,2026-02-20T01:42:41.465789Z,604800
1573218061,1573822861,604800,498,1031.1645814032418,2586.4265950159033,0.39868310331726287,Shuffle by Year + Shuffle by Month + Shuffle by Day of the Week + Shuffle by Time of Day,Shuffle by Year + Shuffle by Month + Shuffle by Day of the Week + Shuffle by Time of Day,out\Shuffle_by_Year_+_Shuffle_by_Month_+_Shuffle_by_Day_of_the_Week_+_Shuffle_by_Time_of_Day,42,2026-02-20T01:42:41.465789Z,604800
1573822861,1574427661,604800,572,1257.2677748646367,3041.9081290803033,0.41331549853373173,Shuffle by Year + Shuffle by Month + Shuffle by Day of the Week + Shuffle by Time of Day,Shuffle by Year + Shuffle by Month + Shuffle by Day of the Week + Shuffle by Time of Day,out\Shuffle_by_Year_+_Shuffle_by_Month_+_Shuffle_by_Day_of_the_Week_+_Shuffle_by_Time_of_Day,42,2026-02-20T01:42:41.465789Z,604800
1574427661,1575032461,604800,465,935.3645069071387,2373.8376495206544,0.39403052988733894,Shuffle by Year + Shuffle by Month + Shuffle by Day of the Week + Shuffle by Time of Day,Shuffle by Year + Shuffle by Month + Shuffle by Day of the Week + Shuffle by Time of Day,out\Shuffle_by_Year_+_Shuffle_by_Month_+_Shuffle_by_Day_of_the_Week_+_Shuffle_by_Time_of_Day,42,2026-02-20T01:42:41.465789Z,604800
1575032461,1575637261,604800,459,913.6879559520833,2342.5629885296726,0.3900377323580812,Shuffle by Year + Shuffle by Month + Shuffle by Day of the Week + Shuffle by Time of Day,Shuffle by Year + Shuffle by Month + Shuffle by Day of the Week + Shuffle by Time of Day,out\Shuffle_by_Year_+_Shuffle_by_Month_+_Shuffle_by_Day_of_the_Week_+_Shuffle_by_Time_of_Day,42,2026-02-20T01:42:41.465789Z,604800
1575637261,1576242061,604800,520,1095.601589324845,2714.8371146897225,0.40356070844790287,Shuffle by Year + Shuffle by Month + Shuffle by Day of the Week + Shuffle by Time of Day,Shuffle by Year + Shuffle by Month + Shuffle by Day of the Week + Shuffle by Time of Day,out\Shuffle_by_Year_+_Shuffle_by_Month_+_Shuffle_by_Day_of_the_Week_+_Shuffle_by_Time_of_Day,42,2026-02-20T01:42:41.465789Z,604800
1576242061,1576846861,604800,533,1133.6147979092602,2795.9049290403673,0.40545541664692747,Shuffle by Year + Shuffle by Month + Shuffle by Day of the Week + Shuffle by Time of Day,Shuffle by Year + Shuffle by Month + Shuffle by Day of the Week + Shuffle by Time of Day,out\Shuffle_by_Year_+_Shuffle_by_Month_+_Shuffle_by_Day_of_the_Week_+_Shuffle_by_Time_of_Day,42,2026-02-20T01:42:41.465789Z,604800
1576846861,1577451661,604800,443,869.521618532788,2245.8612288677937,0.38716622708302423,Shuffle by Year + Shuffle by Month + Shuffle by Day of the Week + Shuffle by Time of Day,Shuffle by Year + Shuffle by Month + Shuffle by Day of the Week + Shuffle by Time of Day,out\Shuffle_by_Year_+_Shuffle_by_Month_+_Shuffle_by_Day_of_the_Week_+_Shuffle_by_Time_of_Day,42,2026-02-20T01:42:41.465789Z,604800
1577451661,1578056461,604800,448,868.1944268571021,2275.6696513108805,0.3815116250976876,Shuffle by Year + Shuffle by Month + Shuffle by Day of the Week + Shuffle by Time of Day,Shuffle by Year + Shuffle by Month + Shuffle by Day of the Week + Shuffle by Time of Day,out\Shuffle_by_Year_+_Shuffle_by_Month_+_Shuffle_by_Day_of_the_Week_+_Shuffle_by_Time_of_Day,42,2026-02-20T01:42:41.465789Z,604800
1578056461,1578661261,604800,587,1295.9271345706372,3133.887398538724,0.41352064377772635,Shuffle by Year + Shuffle by Month + Shuffle by Day of the Week + Shuffle by Time of Day,Shuffle by Year + Shuffle by Month + Shuffle by Day of the Week + Shuffle by Time of Day,out\Shuffle_by_Year_+_Shuffle_by_Month_+_Shuffle_by_Day_of_the_Week_+_Shuffle_by_Time_of_Day,42,2026-02-20T01:42:41.465789Z,604800
1578661261,1579266061,604800,550,1163.4703816928918,2897.9539432794463,0.4014799422161485,Shuffle by Year + Shuffle by Month + Shuffle by Day of the Week + Shuffle by Time of Day,Shuffle by Year + Shuffle by Month + Shuffle by Day of the Week + Shuffle by Time of Day,out\Shuffle_by_Year_+_Shuffle_by_Month_+_Shuffle_by_Day_of_the_Week_+_Shuffle_by_Time_of_Day,42,2026-02-20T01:42:41.465789Z,604800
1579266061,1579870861,604800,484,983.208205263587,2493.01880903047,0.39438459176565727,Shuffle by Year + Shuffle by Month + Shuffle by Day of the Week + Shuffle by Time of Day,Shuffle by Year + Shuffle by Month + Shuffle by Day of the Week + Shuffle by Time of Day,out\Shuffle_by_Year_+_Shuffle_by_Month_+_Shuffle_by_Day_of_the_Week_+_Shuffle_by_Time_of_Day,42,2026-02-20T01:42:41.465789Z,604800
1579870861,1580475661,604800,532,1132.1096945812099,2788.3578962907377,0.40601305022114226,Shuffle by Year + Shuffle by Month + Shuffle by Day of the Week + Shuffle by Time of Day,Shuffle by Year + Shuffle by Month + Shuffle by Day of the Week + Shuffle by Time of Day,out\Shuffle_by_Year_+_Shuffle_by_Month_+_Shuffle_by_Day_of_the_Week_+_Shuffle_by_Time_of_Day,42,2026-02-20T01:42:41.465789Z,604800
1580475661,1581080461,604800,560,1209.1728573187506,2963.637402340123,0.40800296836717387,Shuffle by Year + Shuffle by Month + Shuffle by Day of the Week + Shuffle by Time of Day,Shuffle by Year + Shuffle by Month + Shuffle by Day of the Week + Shuffle by Time of Day,out\Shuffle_by_Year_+_Shuffle_by_Month_+_Shuffle_by_Day_of_the_Week_+_Shuffle_by_Time_of_Day,42,2026-02-20T01:42:41.465789Z,604800
1581080461,1581685261,604800,565,1216.957439582607,2987.7969487558216,0.40730928522079535,Shuffle by Year + Shuffle by Month + Shuffle by Day of the Week + Shuffle by Time of Day,Shuffle by Year + Shuffle by Month + Shuffle by Day of the Week + Shuffle by Time of Day,out\Shuffle_by_Year_+_Shuffle_by_Month_+_Shuffle_by_Day_of_the_Week_+_Shuffle_by_Time_of_Day,42,2026-02-20T01:42:41.465789Z,604800
1581685261,1582290061,604800,539,1157.4476022664905,2836.3878867351136,0.40807098622847243,Shuffle by Year + Shuffle by Month + Shuffle by Day of the Week + Shuffle by Time of Day,Shuffle by Year + Shuffle by Month + Shuffle by Day of the Week + Shuffle by Time of Day,out\Shuffle_by_Year_+_Shuffle_by_Month_+_Shuffle_by_Day_of_the_Week_+_Shuffle_by_Time_of_Day,42,2026-02-20T01:42:41.465789Z,604800
1582290061,1582894861,604800,474,955.3489628410383,2433.0833089722137,0.39264950744518407,Shuffle by Year + Shuffle by Month + Shuffle by Day of the Week + Shuffle by Time of Day,Shuffle by Year + Shuffle by Month + Shuffle by Day of the Week + Shuffle by Time of Day,out\Shuffle_by_Year_+_Shuffle_by_Month_+_Shuffle_by_Day_of_the_Week_+_Shuffle_by_Time_of_Day,42,2026-02-20T01:42:41.465789Z,604800
1582894861,1583499661,604800,476,951.7276597045955,2447.7791652446117,0.3888127136703884,Shuffle by Year + Shuffle by Month + Shuffle by Day of the Week + Shuffle by Time of Day,Shuffle by Year + Shuffle by Month + Shuffle by Day of the Week + Shuffle by Time of Day,out\Shuffle_by_Year_+_Shuffle_by_Month_+_Shuffle_by_Day_of_the_Week_+_Shuffle_by_Time_of_Day,42,2026-02-20T01:42:41.465789Z,604800
1583499661,1584104461,604800,492,1000.1845877991549,2543.24258397967,0.3932714063925685,Shuffle by Year + Shuffle by Month + Shuffle by Day of the Week + Shuffle by Time of Day,Shuffle by Year + Shuffle by Month + Shuffle by Day of the Week + Shuffle by Time of Day,out\Shuffle_by_Year_+_Shuffle_by_Month_+_Shuffle_by_Day_of_the_Week_+_Shuffle_by_Time_of_Day,42,2026-02-20T01:42:41.465789Z,604800
1584104461,1584709261,604800,450,884.1188700888922,2286.499627420267,0.3866691511716515,Shuffle by Year + Shuffle by Month + Shuffle by Day of the Week + Shuffle by Time of Day,Shuffle by Year + Shuffle by Month + Shuffle by Day of the Week + Shuffle by Time of Day,out\Shuffle_by_Year_+_Shuffle_by_Month_+_Shuffle_by_Day_of_the_Week_+_Shuffle_by_Time_of_Day,42,2026-02-20T01:42:41.465789Z,604800
1584709261,1585314061,604800,312,507.77559509129463,1471.8241997480745,0.34499744954472705,Shuffle by Year + Shuffle by Month + Shuffle by Day of the Week + Shuffle by Time of Day,Shuffle by Year + Shuffle by Month + Shuffle by Day of the Week + Shuffle by Time of Day,out\Shuffle_by_Year_+_Shuffle_by_Month_+_Shuffle_by_Day_of_the_Week_+_Shuffle_by_Time_of_Day,42,2026-02-20T01:42:41.465789Z,604800
1585314061,1585918861,604800,241,329.2843848142348,1073.6950709359583,0.30668333470804887,Shuffle by Year + Shuffle by Month + Shuffle by Day of the Week + Shuffle by Time of Day,Shuffle by Year + Shuffle by Month + Shuffle by Day of the Week + Shuffle by Time of Day,out\Shuffle_by_Year_+_Shuffle_by_Month_+_Shuffle_by_Day_of_the_Week_+_Shuffle_by_Time_of_Day,42,2026-02-20T01:42:41.465789Z,604800
1585918861,1586523661,604800,257,372.5136571945764,1159.9242402895882,0.3211534376603546,Shuffle by Year + Shuffle by Month + Shuffle by Day of the Week + Shuffle by Time of Day,Shuffle by Year + Shuffle by Month + Shuffle by Day of the Week + Shuffle by Time of Day,out\Shuffle_by_Year_+_Shuffle_by_Month_+_Shuffle_by_Day_of_the_Week_+_Shuffle_by_Time_of_Day,42,2026-02-20T01:42:41.465789Z,604800
1586523661,1587128461,604800,252,374.6770189206761,1135.396053289657,0.3299967600161195,Shuffle by Year + Shuffle by Month + Shuffle by Day of the Week + Shuffle by Time of Day,Shuffle by Year + Shuffle by Month + Shuffle by Day of the Week + Shuffle by Time of Day,out\Shuffle_by_Year_+_Shuffle_by_Month_+_Shuffle_by_Day_of_the_Week_+_Shuffle_by_Time_of_Day,42,2026-02-20T01:42:41.465789Z,604800
1587128461,1587733261,604800,300,480.37260997842634,1403.8154950561088,0.3421907021757346,Shuffle by Year + Shuffle by Month + Shuffle by Day of the Week + Shuffle by Time of Day,Shuffle by Year + Shuffle by Month + Shuffle by Day of the Week + Shuffle by Time of Day,out\Shuffle_by_Year_+_Shuffle_by_Month_+_Shuffle_by_Day_of_the_Week_+_Shuffle_by_Time_of_Day,42,2026-02-20T01:42:41.465789Z,604800
1587733261,1588338061,604800,329,555.7783801420961,1573.4024545364036,0.3532334518353436,Shuffle by Year + Shuffle by Month + Shuffle by Day of the Week + Shuffle by Time of Day,Shuffle by Year + Shuffle by Month + Shuffle by Day of the Week + Shuffle by Time of Day,out\Shuffle_by_Year_+_Shuffle_by_Month_+_Shuffle_by_Day_of_the_Week_+_Shuffle_by_Time_of_Day,42,2026-02-20T01:42:41.465789Z,604800
1588338061,1588942861,604800,302,486.52103690432347,1405.4757272958745,0.34616110933511923,Shuffle by Year + Shuffle by Month + Shuffle by Day of the Week + Shuffle by Time of Day,Shuffle by Year + Shuffle by Month + Shuffle by Day of the Week + Shuffle by Time of Day,out\Shuffle_by_Year_+_Shuffle_by_Month_+_Shuffle_by_Day_of_the_Week_+_Shuffle_by_Time_of_Day,42,2026-02-20T01:42:41.465789Z,604800
1588942861,1589547661,604800,355,638.2774690796754,1715.6051197756738,0.3720421801743831,Shuffle by Year + Shuffle by Month + Shuffle by Day of the Week + Shuffle by Time of Day,Shuffle by Year + Shuffle by Month + Shuffle by Day of the Week + Shuffle by Time of Day,out\Shuffle_by_Year_+_Shuffle_by_Month_+_Shuffle_by_Day_of_the_Week_+_Shuffle_by_Time_of_Day,42,2026-02-20T01:42:41.465789Z,604800
1589547661,1590152461,604800,389,729.7612447756064,1916.5936973668345,0.38075949314568297,Shuffle by Year + Shuffle by Month + Shuffle by Day of the Week + Shuffle by Time of Day,Shuffle by Year + Shuffle by Month + Shuffle by Day of the Week + Shuffle by Time of Day,out\Shuffle_by_Year_+_Shuffle_by_Month_+_Shuffle_by_Day_of_the_Week_+_Shuffle_by_Time_of_Day,42,2026-02-20T01:42:41.465789Z,604800
1590152461,1590757261,604800,391,725.3825509828629,1927.4299393772756,0.3763470392170122,Shuffle by Year + Shuffle by Month + Shuffle by Day of the Week + Shuffle by Time of Day,Shuffle by Year + Shuffle by Month + Shuffle by Day of the Week + Shuffle by Time of Day,out\Shuffle_by_Year_+_Shuffle_by_Month_+_Shuffle_by_Day_of_the_Week_+_Shuffle_by_Time_of_Day,42,2026-02-20T01:42:41.465789Z,604800
1590757261,1591362061,604800,473,913.9083658020735,2417.1647966081605,0.378091045792367,Shuffle by Year + Shuffle by Month + Shuffle by Day of the Week + Shuffle by Time of Day,Shuffle by Year + Shuffle by Month + Shuffle by Day of the Week + Shuffle by Time of Day,out\Shuffle_by_Year_+_Shuffle_by_Month_+_Shuffle_by_Day_of_the_Week_+_Shuffle_by_Time_of_Day,42,2026-02-20T01:42:41.465789Z,604800
1591362061,1591966861,604800,466,920.14262287833,2374.606556747096,0.3874926649485911,Shuffle by Year + Shuffle by Month + Shuffle by Day of the Week + Shuffle by Time of Day,Shuffle by Year + Shuffle by Month + Shuffle by Day of the Week + Shuffle by Time of Day,out\Shuffle_by_Year_+_Shuffle_by_Month_+_Shuffle_by_Day_of_the_Week_+_Shuffle_by_Time_of_Day,42,2026-02-20T01:42:41.465789Z,604800
1591966861,1592571661,604800,505,1043.065563886177,2622.3321213121408,0.3977625699693052,Shuffle by Year + Shuffle by Month + Shuffle by Day of the Week + Shuffle by Time of Day,Shuffle by Year + Shuffle by Month + Shuffle by Day of the Week + Shuffle by Time of Day,out\Shuffle_by_Year_+_Shuffle_by_Month_+_Shuffle_by_Day_of_the_Week_+_Shuffle_by_Time_of_Day,42,2026-02-20T01:42:41.465789Z,604800
1592571661,1593176461,604800,481,969.9273861735979,2465.7555320812226,0.39335910375305133,Shuffle by Year + Shuffle by Month + Shuffle by Day of the Week + Shuffle by Time of Day,Shuffle by Year + Shuffle by Month + Shuffle by Day of the Week + Shuffle by Time of Day,out\Shuffle_by_Year_+_Shuffle_by_Month_+_Shuffle_by_Day_of_the_Week_+_Shuffle_by_Time_of_Day,42,2026-02-20T01:42:41.465789Z,604800
1593176461,1593781261,604800,458,898.9775585850737,2335.335326030944,0.38494581423257324,Shuffle by Year + Shuffle by Month + Shuffle by Day of the Week + Shuffle by Time of Day,Shuffle by Year + Shuffle by Month + Shuffle by Day of the Week + Shuffle by Time of Day,out\Shuffle_by_Year_+_Shuffle_by_Month_+_Shuffle_by_Day_of_the_Week_+_Shuffle_by_Time_of_Day,42,2026-02-20T01:42:41.465789Z,604800
1593781261,1594386061,604800,422,822.9180209245561,2120.457231935658,0.38808517735269576,Shuffle by Year + Shuffle by Month + Shuffle by Day of the Week + Shuffle by Time of Day,Shuffle by Year + Shuffle by Month + Shuffle by Day of the Week + Shuffle by Time of Day,out\Shuffle_by_Year_+_Shuffle_by_Month_+_Shuffle_by_Day_of_the_Week_+_Shuffle_by_Time_of_Day,42,2026-02-20T01:42:41.465789Z,604800
1594386061,1594990861,604800,489,984.2745545734762,2521.3574188782745,0.39037486205004984,Shuffle by Year + Shuffle by Month + Shuffle by Day of the Week + Shuffle by Time of Day,Shuffle by Year + Shuffle by Month + Shuffle by Day of the Week + Shuffle by Time of Day,out\Shuffle_by_Year_+_Shuffle_by_Month_+_Shuffle_by_Day_of_the_Week_+_Shuffle_by_Time_of_Day,42,2026-02-20T01:42:41.465789Z,604800
1594990861,1595595661,604800,519,1074.3091885005676,2709.8517972036107,0.39644573537533834,Shuffle by Year + Shuffle by Month + Shuffle by Day of the Week + Shuffle by Time of Day,Shuffle by Year + Shuffle by Month + Shuffle by Day of the Week + Shuffle by Time of Day,out\Shuffle_by_Year_+_Shuffle_by_Month_+_Shuffle_by_Day_of_the_Week_+_Shuffle_by_Time_of_Day,42,2026-02-20T01:42:41.465789Z,604800
1595595661,1596200461,604800,479,975.2690186553004,2461.4359628014827,0.39621953745459143,Shuffle by Year + Shuffle by Month + Shuffle by Day of the Week + Shuffle by Time of Day,Shuffle by Year + Shuffle by Month + Shuffle by Day of the Week + Shuffle by Time of Day,out\Shuffle_by_Year_+_Shuffle_by_Month_+_Shuffle_by_Day_of_the_Week_+_Shuffle_by_Time_of_Day,42,2026-02-20T01:42:41.465789Z,604800
1596200461,1596805261,604800,519,1062.204167756031,2706.9093094445757,0.39240478580125837,Shuffle by Year + Shuffle by Month + Shuffle by Day of the Week + Shuffle by Time of Day,Shuffle by Year + Shuffle by Month + Shuffle by Day of the Week + Shuffle by Time of Day,out\Shuffle_by_Year_+_Shuffle_by_Month_+_Shuffle_by_Day_of_the_Week_+_Shuffle_by_Time_of_Day,42,2026-02-20T01:42:41.465789Z,604800
1596805261,1597410061,604800,456,899.9185956025258,2327.3604395749517,0.3866691984189947,Shuffle by Year + Shuffle by Month + Shuffle by Day of the Week + Shuffle by Time of Day,Shuffle by Year + Shuffle by Month + Shuffle by Day of the Week + Shuffle by Time of Day,out\Shuffle_by_Year_+_Shuffle_by_Month_+_Shuffle_by_Day_of_the_Week_+_Shuffle_by_Time_of_Day,42,2026-02-20T01:42:41.465789Z,604800
1597410061,1598014861,604800,503,1036.6907237870482,2612.9452574094857,0.39675179602302096,Shuffle by Year + Shuffle by Month + Shuffle by Day of the Week + Shuffle by Time of Day,Shuffle by Year + Shuffle by Month + Shuffle by Day of the Week + Shuffle by Time of Day,out\Shuffle_by_Year_+_Shuffle_by_Month_+_Shuffle_by_Day_of_the_Week_+_Shuffle_by_Time_of_Day,42,2026-02-20T01:42:41.465789Z,604800
1598014861,1598619661,604800,466,943.5690016220655,2383.44757105758,0.39588410212161135,Shuffle by Year + Shuffle by Month + Shuffle by Day of the Week + Shuffle by Time of Day,Shuffle by Year + Shuffle by Month + Shuffle by Day of the Week + Shuffle by Time of Day,out\Shuffle_by_Year_+_Shuffle_by_Month_+_Shuffle_by_Day_of_the_Week_+_Shuffle_by_Time_of_Day,42,2026-02-20T01:42:41.465789Z,604800
1598619661,1599224461,604800,527,1098.4524340717871,2753.1223280471354,0.39898424522638243,Shuffle by Year + Shuffle by Month + Shuffle by Day of the Week + Shuffle by Time of Day,Shuffle by Year + Shuffle by Month + Shuffle by Day of the Week + Shuffle by Time of Day,out\Shuffle_by_Year_+_Shuffle_by_Month_+_Shuffle_by_Day_of_the_Week_+_Shuffle_by_Time_of_Day,42,2026-02-20T01:42:41.465789Z,604800
1599224461,1599829261,604800,508,1056.162902794236,2640.8998673969413,0.39992538749122103,Shuffle by Year + Shuffle by Month + Shuffle by Day of the Week + Shuffle by Time of Day,Shuffle by Year + Shuffle by Month + Shuffle by Day of the Week + Shuffle by Time of Day,out\Shuffle_by_Year_+_Shuffle_by_Month_+_Shuffle_by_Day_of_the_Week_+_Shuffle_by_Time_of_Day,42,2026-02-20T01:42:41.465789Z,604800
1599829261,1600434061,604800,479,985.5543446777848,2462.1291099820423,0.400285403670392,Shuffle by Year + Shuffle by Month + Shuffle by Day of the Week + Shuffle by Time of Day,Shuffle by Year + Shuffle by Month + Shuffle by Day of the Week + Shuffle by Time of Day,out\Shuffle_by_Year_+_Shuffle_by_Month_+_Shuffle_by_Day_of_the_Week_+_Shuffle_by_Time_of_Day,42,2026-02-20T01:42:41.465789Z,604800
1600434061,1601038861,604800,436,852.1017791250117,2206.719613997564,0.3861395773708623,Shuffle by Year + Shuffle by Month + Shuffle by Day of the Week + Shuffle by Time of Day,Shuffle by Year + Shuffle by Month + Shuffle by Day of the Week + Shuffle by Time of Day,out\Shuffle_by_Year_+_Shuffle_by_Month_+_Shuffle_by_Day_of_the_Week_+_Shuffle_by_Time_of_Day,42,2026-02-20T01:42:41.465789Z,604800
1601038861,1601643661,604800,433,830.269919918022,2187.1072868279057,0.3796201150800484,Shuffle by Year + Shuffle by Month + Shuffle by Day of the Week + Shuffle by Time of Day,Shuffle by Year + Shuffle by Month + Shuffle by Day of the Week + Shuffle by Time of Day,out\Shuffle_by_Year_+_Shuffle_by_Month_+_Shuffle_by_Day_of_the_Week_+_Shuffle_by_Time_of_Day,42,2026-02-20T01:42:41.465789Z,604800
1601643661,1602248461,604800,473,950.8145893654702,2422.2399704233944,0.3925352570246262,Shuffle by Year + Shuffle by Month + Shuffle by Day of the Week + Shuffle by Time of Day,Shuffle by Year + Shuffle by Month + Shuffle by Day of the Week + Shuffle by Time of Day,out\Shuffle_by_Year_+_Shuffle_by_Month_+_Shuffle_by_Day_of_the_Week_+_Shuffle_by_Time_of_Day,42,2026-02-20T01:42:41.465789Z,604800
1602248461,1602853261,604800,487,980.7001679130501,2516.42946093231,0.38971891846700574,Shuffle by Year + Shuffle by Month + Shuffle by Day of the Week + Shuffle by Time of Day,Shuffle by Year + Shuffle by Month + Shuffle by Day of the Week + Shuffle by Time of Day,out\Shuffle_by_Year_+_Shuffle_by_Month_+_Shuffle_by_Day_of_the_Week_+_Shuffle_by_Time_of_Day,42,2026-02-20T01:42:41.465789Z,604800
1602853261,1603458061,604800,466,924.3801106446626,2380.387300262888,0.38833181076985873,Shuffle by Year + Shuffle by Month + Shuffle by Day of the Week + Shuffle by Time of Day,Shuffle by Year + Shuffle by Month + Shuffle by Day of the Week + Shuffle by Time of Day,out\Shuffle_by_Year_+_Shuffle_by_Month_+_Shuffle_by_Day_of_the_Week_+_Shuffle_by_Time_of_Day,42,2026-02-20T01:42:41.465789Z,604800
1603458061,1604062861,604800,466,924.0061919327186,2376.110634143872,0.3888733877350134,Shuffle by Year + Shuffle by Month + Shuffle by Day of the Week + Shuffle by Time of Day,Shuffle by Year + Shuffle by Month + Shuffle by Day of the Week + Shuffle by Time of Day,out\Shuffle_by_Year_+_Shuffle_by_Month_+_Shuffle_by_Day_of_the_Week_+_Shuffle_by_Time_of_Day,42,2026-02-20T01:42:41.465789Z,604800
1604062861,1604667661,604800,431,830.3143307619858,2168.6120158509634,0.382878230265717,Shuffle by Year + Shuffle by Month + Shuffle by Day of the Week + Shuffle by Time of Day,Shuffle by Year + Shuffle by Month + Shuffle by Day of the Week + Shuffle by Time of Day,out\Shuffle_by_Year_+_Shuffle_by_Month_+_Shuffle_by_Day_of_the_Week_+_Shuffle_by_Time_of_Day,42,2026-02-20T01:42:41.465789Z,604800
1604667661,1605272461,604800,502,1022.083774253056,2595.9219944228785,0.39372668995791,Shuffle by Year + Shuffle by Month + Shuffle by Day of the Week + Shuffle by Time of Day,Shuffle by Year + Shuffle by Month + Shuffle by Day of the Week + Shuffle by Time of Day,out\Shuffle_by_Year_+_Shuffle_by_Month_+_Shuffle_by_Day_of_the_Week_+_Shuffle_by_Time_of_Day,42,2026-02-20T01:42:41.465789Z,604800
1605272461,1605877261,604800,471,946.1403557918516,2408.4198186525405,0.3928469399164789,Shuffle by Year + Shuffle by Month + Shuffle by Day of the Week + Shuffle by Time of Day,Shuffle by Year + Shuffle by Month + Shuffle by Day of the Week + Shuffle by Time of Day,out\Shuffle_by_Year_+_Shuffle_by_Month_+_Shuffle_by_Day_of_the_Week_+_Shuffle_by_Time_of_Day,42,2026-02-20T01:42:41.465789Z,604800
1605877261,1606482061,604800,429,826.2595818820167,2148.1643563854527,0.3846351790662325,Shuffle by Year + Shuffle by Month + Shuffle by Day of the Week + Shuffle by Time of Day,Shuffle by Year + Shuffle by Month + Shuffle by Day of the Week + Shuffle by Time of Day,out\Shuffle_by_Year_+_Shuffle_by_Month_+_Shuffle_by_Day_of_the_Week_+_Shuffle_by_Time_of_Day,42,2026-02-20T01:42:41.465789Z,604800
1606482061,1607086861,604800,450,869.6958215761748,2284.8777669878345,0.38063122419134876,Shuffle by Year + Shuffle by Month + Shuffle by Day of the Week + Shuffle by Time of Day,Shuffle by Year + Shuffle by Month + Shuffle by Day of the Week + Shuffle by Time of Day,out\Shuffle_by_Year_+_Shuffle_by_Month_+_Shuffle_by_Day_of_the_Week_+_Shuffle_by_Time_of_Day,42,2026-02-20T01:42:41.465789Z,604800
1607086861,1607691661,604800,476,960.905479193454,2445.699723702932,0.39289593480371626,Shuffle by Year + Shuffle by Month + Shuffle by Day of the Week + Shuffle by Time of Day,Shuffle by Year + Shuffle by Month + Shuffle by Day of the Week + Shuffle by Time of Day,out\Shuffle_by_Year_+_Shuffle_by_Month_+_Shuffle_by_Day_of_the_Week_+_Shuffle_by_Time_of_Day,42,2026-02-20T01:42:41.465789Z,604800
1607691661,1608296461,604800,494,1017.1732935242042,2545.8237851074055,0.3995458363907503,Shuffle by Year + Shuffle by Month + Shuffle by Day of the Week + Shuffle by Time of Day,Shuffle by Year + Shuffle by Month + Shuffle by Day of the Week + Shuffle by Time of Day,out\Shuffle_by_Year_+_Shuffle_by_Month_+_Shuffle_by_Day_of_the_Week_+_Shuffle_by_Time_of_Day,42,2026-02-20T01:42:41.465789Z,604800
1608296461,1608901261,604800,428,838.4322520509563,2151.5192779219124,0.389693116234019,Shuffle by Year + Shuffle by Month + Shuffle by Day of the Week + Shuffle by Time of Day,Shuffle by Year + Shuffle by Month + Shuffle by Day of the Week + Shuffle by Time of Day,out\Shuffle_by_Year_+_Shuffle_by_Month_+_Shuffle_by_Day_of_the_Week_+_Shuffle_by_Time_of_Day,42,2026-02-20T01:42:41.465789Z,604800
1608901261,1609506061,604800,382,688.8513382924854,1873.1111702758142,0.36775785080127016,Shuffle by Year + Shuffle by Month + Shuffle by Day of the Week + Shuffle by Time of Day,Shuffle by Year + Shuffle by Month + Shuffle by Day of the Week + Shuffle by Time of Day,out\Shuffle_by_Year_+_Shuffle_by_Month_+_Shuffle_by_Day_of_the_Week_+_Shuffle_by_Time_of_Day,42,2026-02-20T01:42:41.465789Z,604800
1609506061,1610110861,604800,432,847.7056374286072,2173.6996121861957,0.3899828811102507,Shuffle by Year + Shuffle by Month + Shuffle by Day of the Week + Shuffle by Time of Day,Shuffle by Year + Shuffle by Month + Shuffle by Day of the Week + Shuffle by Time of Day,out\Shuffle_by_Year_+_Shuffle_by_Month_+_Shuffle_by_Day_of_the_Week_+_Shuffle_by_Time_of_Day,42,2026-02-20T01:42:41.465789Z,604800
1610110861,1610715661,604800,410,785.0800549426596,2036.1737214861166,0.38556634272328344,Shuffle by Year + Shuffle by Month + Shuffle by Day of the Week + Shuffle by Time of Day,Shuffle by Year + Shuffle by Month + Shuffle by Day of the Week + Shuffle by Time of Day,out\Shuffle_by_Year_+_Shuffle_by_Month_+_Shuffle_by_Day_of_the_Week_+_Shuffle_by_Time_of_Day,42,2026-02-20T01:42:41.465789Z,604800
1610715661,1611320461,604800,378,685.4633902187977,1853.334226880842,0.36985416892258627,Shuffle by Year + Shuffle by Month + Shuffle by Day of the Week + Shuffle by Time of Day,Shuffle by Year + Shuffle by Month + Shuffle by Day of the Week + Shuffle by Time of Day,out\Shuffle_by_Year_+_Shuffle_by_Month_+_Shuffle_by_Day_of_the_Week_+_Shuffle_by_Time_of_Day,42,2026-02-20T01:42:41.465789Z,604800
1611320461,1611925261,604800,420,796.2604500851227,2101.7258040547913,0.3788602911706766,Shuffle by Year + Shuffle by Month + Shuffle by Day of the Week + Shuffle by Time of Day,Shuffle by Year + Shuffle by Month + Shuffle by Day of the Week + Shuffle by Time of Day,out\Shuffle_by_Year_+_Shuffle_by_Month_+_Shuffle_by_Day_of_the_Week_+_Shuffle_by_Time_of_Day,42,2026-02-20T01:42:41.465789Z,604800
1611925261,1612530061,604800,406,761.5179151849455,2022.638759554584,0.3764972423215322,Shuffle by Year + Shuffle by Month + Shuffle by Day of the Week + Shuffle by Time of Day,Shuffle by Year + Shuffle by Month + Shuffle by Day of the Week + Shuffle by Time of Day,out\Shuffle_by_Year_+_Shuffle_by_Month_+_Shuffle_by_Day_of_the_Week_+_Shuffle_by_Time_of_Day,42,2026-02-20T01:42:41.465789Z,604800
1612530061,1613134861,604800,467,930.1501121357554,2383.643257762661,0.3902220305436202,Shuffle by Year + Shuffle by Month + Shuffle by Day of the Week + Shuffle by Time of Day,Shuffle by Year + Shuffle by Month + Shuffle by Day of the Week + Shuffle by Time of Day,out\Shuffle_by_Year_+_Shuffle_by_Month_+_Shuffle_by_Day_of_the_Week_+_Shuffle_by_Time_of_Day,42,2026-02-20T01:42:41.465789Z,604800
1613134861,1613739661,604800,420,812.4534368227039,2103.805245596471,0.38618281731318577,Shuffle by Year + Shuffle by Month + Shuffle by Day of the Week + Shuffle by Time of Day,Shuffle by Year + Shuffle by Month + Shuffle by Day of the Week + Shuffle by Time of Day,out\Shuffle_by_Year_+_Shuffle_by_Month_+_Shuffle_by_Day_of_the_Week_+_Shuffle_by_Time_of_Day,42,2026-02-20T01:42:41.465789Z,604800
1613739661,1614344461,604800,462,930.2439910236725,2362.7549374224623,0.39371158484953966,Shuffle by Year + Shuffle by Month + Shuffle by Day of the Week + Shuffle by Time of Day,Shuffle by Year + Shuffle by Month + Shuffle by Day of the Week + Shuffle by Time of Day,out\Shuffle_by_Year_+_Shuffle_by_Month_+_Shuffle_by_Day_of_the_Week_+_Shuffle_by_Time_of_Day,42,2026-02-20T01:42:41.465789Z,604800
1614344461,1614949261,604800,447,891.6246689687886,2270.545687331477,0.3926917982507966,Shuffle by Year + Shuffle by Month + Shuffle by Day of the Week + Shuffle by Time of Day,Shuffle by Year + Shuffle by Month + Shuffle by Day of the Week + Shuffle by Time of Day,out\Shuffle_by_Year_+_Shuffle_by_Month_+_Shuffle_by_Day_of_the_Week_+_Shuffle_by_Time_of_Day,42,2026-02-20T01:42:41.465789Z,604800
1614949261,1615554061,604800,444,888.7462715857413,2248.0858524193172,0.39533466688084945,Shuffle by Year + Shuffle by Month + Shuffle by Day of the Week + Shuffle by Time of Day,Shuffle by Year + Shuffle by Month + Shuffle by Day of the Week + Shuffle by Time of Day,out\Shuffle_by_Year_+_Shuffle_by_Month_+_Shuffle_by_Day_of_the_Week_+_Shuffle_by_Time_of_Day,42,2026-02-20T01:42:41.465789Z,604800
1615554061,1616158861,604800,472,957.0411909201833,2417.061704287915,0.3959523206306126,Shuffle by Year + Shuffle by Month + Shuffle by Day of the Week + Shuffle by Time of Day,Shuffle by Year + Shuffle by Month + Shuffle by Day of the Week + Shuffle by Time of Day,out\Shuffle_by_Year_+_Shuffle_by_Month_+_Shuffle_by_Day_of_the_Week_+_Shuffle_by_Time_of_Day,42,2026-02-20T01:42:41.465789Z,604800
1616158861,1616763661,604800,522,1085.3211038829943,2726.25192003069,0.39810007868633673,Shuffle by Year + Shuffle by Month + Shuffle by Day of the Week + Shuffle by Time of Day,Shuffle by Year + Shuffle by Month + Shuffle by Day of the Week + Shuffle by Time of Day,out\Shuffle_by_Year_+_Shuffle_by_Month_+_Shuffle_by_Day_of_the_Week_+_Shuffle_by_Time_of_Day,42,2026-02-20T01:42:41.465789Z,604800
1616763661,1617368461,604800,473,927.8562402685332,2426.922101650519,0.38231809732892125,Shuffle by Year + Shuffle by Month + Shuffle by Day of the Week + Shuffle by Time of Day,Shuffle by Year + Shuffle by Month + Shuffle by Day of the Week + Shuffle by Time of Day,out\Shuffle_by_Year_+_Shuffle_by_Month_+_Shuffle_by_Day_of_the_Week_+_Shuffle_by_Time_of_Day,42,2026-02-20T01:42:41.465789Z,604800
1617368461,1617973261,604800,475,962.8997123033918,2432.1973689349925,0.3958970290001691,Shuffle by Year + Shuffle by Month + Shuffle by Day of the Week + Shuffle by Time of Day,Shuffle by Year + Shuffle by Month + Shuffle by Day of the Week + Shuffle by Time of Day,out\Shuffle_by_Year_+_Shuffle_by_Month_+_Shuffle_by_Day_of_the_Week_+_Shuffle_by_Time_of_Day,42,2026-02-20T01:42:41.465789Z,604800
1617973261,1618578061,604800,507,1049.8417350229502,2634.6693859493635,0.3984719071856735,Shuffle by Year + Shuffle by Month + Shuffle by Day of the Week + Shuffle by Time of Day,Shuffle by Year + Shuffle by Month + Shuffle by Day of the Week + Shuffle by Time of Day,out\Shuffle_by_Year_+_Shuffle_by_Month_+_Shuffle_by_Day_of_the_Week_+_Shuffle_by_Time_of_Day,42,2026-02-20T01:42:41.465789Z,604800
1618578061,1619182861,604800,512,1077.1739989931525,2656.425041899066,0.40549760749999775,Shuffle by Year + Shuffle by Month + Shuffle by Day of the Week + Shuffle by Time of Day,Shuffle by Year + Shuffle by Month + Shuffle by Day of the Week + Shuffle by Time of Day,out\Shuffle_by_Year_+_Shuffle_by_Month_+_Shuffle_by_Day_of_the_Week_+_Shuffle_by_Time_of_Day,42,2026-02-20T01:42:41.465789Z,604800
1619182861,1619787661,604800,543,1154.5056369544166,2855.326925849852,0.4043339578744709,Shuffle by Year + Shuffle by Month + Shuffle by Day of the Week + Shuffle by Time of Day,Shuffle by Year + Shuffle by Month + Shuffle by Day of the Week + Shuffle by Time of Day,out\Shuffle_by_Year_+_Shuffle_by_Month_+_Shuffle_by_Day_of_the_Week_+_Shuffle_by_Time_of_Day,42,2026-02-20T01:42:41.465789Z,604800
1619787661,1620392461,604800,501,1019.920783618628,2597.7334783974543,0.3926194862175848,Shuffle by Year + Shuffle by Month + Shuffle by Day of the Week + Shuffle by Time of Day,Shuffle by Year + Shuffle by Month + Shuffle by Day of the Week + Shuffle by Time of Day,out\Shuffle_by_Year_+_Shuffle_by_Month_+_Shuffle_by_Day_of_the_Week_+_Shuffle_by_Time_of_Day,42,2026-02-20T01:42:41.465789Z,604800
1620392461,1620997261,604800,500,1030.776408051572,2595.9634374521806,0.39706892369147995,Shuffle by Year + Shuffle by Month + Shuffle by Day of the Week + Shuffle by Time of Day,Shuffle by Year + Shuffle by Month + Shuffle by Day of the Week + Shuffle by Time of Day,out\Shuffle_by_Year_+_Shuffle_by_Month_+_Shuffle_by_Day_of_the_Week_+_Shuffle_by_Time_of_Day,42,2026-02-20T01:42:41.465789Z,604800
1620997261,1621602061,604800,554,1190.0028529535648,2921.2500903171226,0.4073608270986417,Shuffle by Year + Shuffle by Month + Shuffle by Day of the Week + Shuffle by Time of Day,Shuffle by Year + Shuffle by Month + Shuffle by Day of the Week + Shuffle by Time of Day,out\Shuffle_by_Year_+_Shuffle_by_Month_+_Shuffle_by_Day_of_the_Week_+_Shuffle_by_Time_of_Day,42,2026-02-20T01:42:41.465789Z,604800
1621602061,1622206861,604800,544,1157.7694761946486,2867.2888355768446,0.40378543724972416,Shuffle by Year + Shuffle by Month + Shuffle by Day of the Week + Shuffle by Time of Day,Shuffle by Year + Shuffle by Month + Shuffle by Day of the Week + Shuffle by Time of Day,out\Shuffle_by_Year_+_Shuffle_by_Month_+_Shuffle_by_Day_of_the_Week_+_Shuffle_by_Time_of_Day,42,2026-02-20T01:42:41.465789Z,604800
1622206861,1622811661,604800,477,955.2861333659641,2444.2426212076607,0.3908311413430688,Shuffle by Year + Shuffle by Month + Shuffle by Day of the Week + Shuffle by Time of Day,Shuffle by Year + Shuffle by Month + Shuffle by Day of the Week + Shuffle by Time of Day,out\Shuffle_by_Year_+_Shuffle_by_Month_+_Shuffle_by_Day_of_the_Week_+_Shuffle_by_Time_of_Day,42,2026-02-20T01:42:41.465789Z,604800
1622811661,1623416461,604800,513,1073.3763566755508,2677.0515094992,0.40095468946592994,Shuffle by Year + Shuffle by Month + Shuffle by Day of the Week + Shuffle by Time of Day,Shuffle by Year + Shuffle by Month + Shuffle by Day of the Week + Shuffle by Time of Day,out\Shuffle_by_Year_+_Shuffle_by_Month_+_Shuffle_by_Day_of_the_Week_+_Shuffle_by_Time_of_Day,42,2026-02-20T01:42:41.465789Z,604800
1623416461,1624021261,604800,568,1247.5922851112393,3016.927549192421,0.4135307410498466,Shuffle by Year + Shuffle by Month + Shuffle by Day of the Week + Shuffle by Time of Day,Shuffle by Year + Shuffle by Month + Shuffle by Day of the Week + Shuffle by Time of Day,out\Shuffle_by_Year_+_Shuffle_by_Month_+_Shuffle_by_Day_of_the_Week_+_Shuffle_by_Time_of_Day,42,2026-02-20T01:42:41.465789Z,604800
1624021261,1624626061,604800,532,1108.0281125039444,2791.8236321935374,0.39688327719805355,Shuffle by Year + Shuffle by Month + Shuffle by Day of the Week + Shuffle by Time of Day,Shuffle by Year + Shuffle by Month + Shuffle by Day of the Week + Shuffle by Time of Day,out\Shuffle_by_Year_+_Shuffle_by_Month_+_Shuffle_by_Day_of_the_Week_+_Shuffle_by_Time_of_Day,42,2026-02-20T01:42:41.465789Z,604800
1624626061,1625230861,604800,493,992.0435573213846,2547.0759695395814,0.3894833013169646,Shuffle by Year + Shuffle by Month + Shuffle by Day of the Week + Shuffle by Time of Day,Shuffle by Year + Shuffle by Month + Shuffle by Day of the Week + Shuffle by Time of Day,out\Shuffle_by_Year_+_Shuffle_by_Month_+_Shuffle_by_Day_of_the_Week_+_Shuffle_by_Time_of_Day,42,2026-02-20T01:42:41.465789Z,604800
1625230861,1625835661,604800,460,904.3887253471216,2350.4859744883843,0.38476669725458557,Shuffle by Year + Shuffle by Month + Shuffle by Day of the Week + Shuffle by Time of Day,Shuffle by Year + Shuffle by Month + Shuffle by Day of the Week + Shuffle by Time of Day,out\Shuffle_by_Year_+_Shuffle_by_Month_+_Shuffle_by_Day_of_the_Week_+_Shuffle_by_Time_of_Day,42,2026-02-20T01:42:41.465789Z,604800
1625835661,1626440461,604800,538,1159.0924199022054,2833.276224994552,0.4090996880843957,Shuffle by Year + Shuffle by Month + Shuffle by Day of the Week + Shuffle by Time of Day,Shuffle by Year + Shuffle by Month + Shuffle by Day of the Week + Shuffle by Time of Day,out\Shuffle_by_Year_+_Shuffle_by_Month_+_Shuffle_by_Day_of_the_Week_+_Shuffle_by_Time_of_Day,42,2026-02-20T01:42:41.465789Z,604800
1626440461,1627045261,604800,511,1043.9115936031371,2656.047747667925,0.39303193796862923,Shuffle by Year + Shuffle by Month + Shuffle by Day of the Week + Shuffle by Time of Day,Shuffle by Year + Shuffle by Month + Shuffle by Day of the Week + Shuffle by Time of Day,out\Shuffle_by_Year_+_Shuffle_by_Month_+_Shuffle_by_Day_of_the_Week_+_Shuffle_by_Time_of_Day,42,2026-02-20T01:42:41.465789Z,604800
1627045261,1627650061,604800,544,1152.1923450113975,2861.2204099886003,0.40269262059960914,Shuffle by Year + Shuffle by Month + Shuffle by Day of the Week + Shuffle by Time of Day,Shuffle by Year + Shuffle by Month + Shuffle by Day of the Week + Shuffle by Time of Day,out\Shuffle_by_Year_+_Shuffle_by_Month_+_Shuffle_by_Day_of_the_Week_+_Shuffle_by_Time_of_Day,42,2026-02-20T01:42:41.465789Z,604800
1627650061,1628254861,604800,501,1022.3006521592499,2602.990973769482,0.3927407595573874,Shuffle by Year + Shuffle by Month + Shuffle by Day of the Week + Shuffle by Time of Day,Shuffle by Year + Shuffle by Month + Shuffle by Day of the Week + Shuffle by Time of Day,out\Shuffle_by_Year_+_Shuffle_by_Month_+_Shuffle_by_Day_of_the_Week_+_Shuffle_by_Time_of_Day,42,2026-02-20T01:42:41.465789Z,604800
1628254861,1628859661,604800,469,936.4859184949739,2395.536863718917,0.3909294541354457,Shuffle by Year + Shuffle by Month + Shuffle by Day of the Week + Shuffle by Time of Day,Shuffle by Year + Shuffle by Month + Shuffle by Day of the Week + Shuffle by Time of Day,out\Shuffle_by_Year_+_Shuffle_by_Month_+_Shuffle_by_Day_of_the_Week_+_Shuffle_by_Time_of_Day,42,2026-02-20T01:42:41.465789Z,604800
1628859661,1629464461,604800,498,1041.0591014061488,2581.1690996438756,0.4033285155745061,Shuffle by Year + Shuffle by Month + Shuffle by Day of the Week + Shuffle by Time of Day,Shuffle by Year + Shuffle by Month + Shuffle by Day of the Week + Shuffle by Time of Day,out\Shuffle_by_Year_+_Shuffle_by_Month_+_Shuffle_by_Day_of_the_Week_+_Shuffle_by_Time_of_Day,42,2026-02-20T01:42:41.465789Z,604800
1629464461,1630069261,604800,471,934.7614362690542,2409.348531904413,0.38797269215765723,Shuffle by Year + Shuffle by Month + Shuffle by Day of the Week + Shuffle by Time of Day,Shuffle by Year + Shuffle by Month + Shuffle by Day of the Week + Shuffle by Time of Day,out\Shuffle_by_Year_+_Shuffle_by_Month_+_Shuffle_by_Day_of_the_Week_+_Shuffle_by_Time_of_Day,42,2026-02-20T01:42:41.465789Z,604800
1630069261,1630674061,604800,507,1042.7396600287068,2633.688556696352,0.39592367798290445,Shuffle by Year + Shuffle by Month + Shuffle by Day of the Week + Shuffle by Time of Day,Shuffle by Year + Shuffle by Month + Shuffle by Day of the Week + Shuffle by Time of Day,out\Shuffle_by_Year_+_Shuffle_by_Month_+_Shuffle_by_Day_of_the_Week_+_Shuffle_by_Time_of_Day,42,2026-02-20T01:42:41.465789Z,604800
1630674061,1631278861,604800,441,858.094597302968,2236.44893793791,0.3836862012571427,Shuffle by Year + Shuffle by Month + Shuffle by Day of the Week + Shuffle by Time of Day,Shuffle by Year + Shuffle by Month + Shuffle by Day of the Week + Shuffle by Time of Day,out\Shuffle_by_Year_+_Shuffle_by_Month_+_Shuffle_by_Day_of_the_Week_+_Shuffle_by_Time_of_Day,42,2026-02-20T01:42:41.465789Z,604800
1631278861,1631883661,604800,459,908.2260342663639,2341.464376241004,0.38788804283430245,Shuffle by Year + Shuffle by Month + Shuffle by Day of the Week + Shuffle by Time of Day,Shuffle by Year + Shuffle by Month + Shuffle by Day of the Week + Shuffle by Time of Day,out\Shuffle_by_Year_+_Shuffle_by_Month_+_Shuffle_by_Day_of_the_Week_+_Shuffle_by_Time_of_Day,42,2026-02-20T01:42:41.465789Z,604800
1631883661,1632488461,604800,465,929.923398232201,2380.3636562181455,0.39066442465754875,Shuffle by Year + Shuffle by Month + Shuffle by Day of the Week + Shuffle by Time of Day,Shuffle by Year + Shuffle by Month + Shuffle by Day of the Week + Shuffle by Time of Day,out\Shuffle_by_Year_+_Shuffle_by_Month_+_Shuffle_by_Day_of_the_Week_+_Shuffle_by_Time_of_Day,42,2026-02-20T01:42:41.465789Z,604800
1632488461,1633093261,604800,479,972.6433309981695,2465.3071638123906,0.39453231032438907,Shuffle by Year + Shuffle by Month + Shuffle by Day of the Week + Shuffle by Time of Day,Shuffle by Year + Shuffle by Month + Shuffle by Day of the Week + Shuffle by Time of Day,out\Shuffle_by_Year_+_Shuffle_by_Month_+_Shuffle_by_Day_of_the_Week_+_Shuffle_by_Time_of_Day,42,2026-02-20T01:42:41.465789Z,604800
1633093261,1633698061,604800,501,1031.1421837437103,2600.506067119694,0.3965159692497075,Shuffle by Year + Shuffle by Month + Shuffle by Day of the Week + Shuffle by Time of Day,Shuffle by Year + Shuffle by Month + Shuffle by Day of the Week + Shuffle by Time of Day,out\Shuffle_by_Year_+_Shuffle_by_Month_+_Shuffle_by_Day_of_the_Week_+_Shuffle_by_Time_of_Day,42,2026-02-20T01:42:41.465789Z,604800
1633698061,1634302861,604800,503,1037.2123682143979,2604.50970820711,0.39823709043818195,Shuffle by Year + Shuffle by Month + Shuffle by Day of the Week + Shuffle by Time of Day,Shuffle by Year + Shuffle by Month + Shuffle by Day of the Week + Shuffle by Time of Day,out\Shuffle_by_Year_+_Shuffle_by_Month_+_Shuffle_by_Day_of_the_Week_+_Shuffle_by_Time_of_Day,42,2026-02-20T01:42:41.465789Z,604800
1634302861,1634907661,604800,487,982.418287456202,2512.2705778489503,0.39104796120223867,Shuffle by Year + Shuffle by Month + Shuffle by Day of the Week + Shuffle by Time of Day,Shuffle by Year + Shuffle by Month + Shuffle by Day of the Week + Shuffle by Time of Day,out\Shuffle_by_Year_+_Shuffle_by_Month_+_Shuffle_by_Day_of_the_Week_+_Shuffle_by_Time_of_Day,42,2026-02-20T01:42:41.465789Z,604800
1634907661,1635512461,604800,473,938.8660941390701,2419.8728468092627,0.3879815815021097,Shuffle by Year + Shuffle by Month + Shuffle by Day of the Week + Shuffle by Time of Day,Shuffle by Year + Shuffle by Month + Shuffle by Day of the Week + Shuffle by Time of Day,out\Shuffle_by_Year_+_Shuffle_by_Month_+_Shuffle_by_Day_of_the_Week_+_Shuffle_by_Time_of_Day,42,2026-02-20T01:42:41.465789Z,604800
1635512461,1636117261,604800,410,762.7258823227218,2046.283247122064,0.3727371972552849,Shuffle by Year + Shuffle by Month + Shuffle by Day of the Week + Shuffle by Time of Day,Shuffle by Year + Shuffle by Month + Shuffle by Day of the Week + Shuffle by Time of Day,out\Shuffle_by_Year_+_Shuffle_by_Month_+_Shuffle_by_Day_of_the_Week_+_Shuffle_by_Time_of_Day,42,2026-02-20T01:42:41.465789Z,604800
1636117261,1636722061,604800,473,957.5676804719462,2422.6454355315027,0.3952570468744082,Shuffle by Year + Shuffle by Month + Shuffle by Day of the Week + Shuffle by Time of Day,Shuffle by Year + Shuffle by Month + Shuffle by Day of the Week + Shuffle by Time of Day,out\Shuffle_by_Year_+_Shuffle_by_Month_+_Shuffle_by_Day_of_the_Week_+_Shuffle_by_Time_of_Day,42,2026-02-20T01:42:41.465789Z,604800
1636722061,1637326861,604800,469,951.1409895401471,2404.377878029401,0.3955871488551919,Shuffle by Year + Shuffle by Month + Shuffle by Day of the Week + Shuffle by Time of Day,Shuffle by Year + Shuffle by Month + Shuffle by Day of the Week + Shuffle by Time of Day,out\Shuffle_by_Year_+_Shuffle_by_Month_+_Shuffle_by_Day_of_the_Week_+_Shuffle_by_Time_of_Day,42,2026-02-20T01:42:41.465789Z,604800
1637326861,1637931661,604800,454,901.1441673487777,2305.701270891099,0.390833009776894,Shuffle by Year + Shuffle by Month + Shuffle by Day of the Week + Shuffle by Time of Day,Shuffle by Year + Shuffle by Month + Shuffle by Day of the Week + Shuffle by Time of Day,out\Shuffle_by_Year_+_Shuffle_by_Month_+_Shuffle_by_Day_of_the_Week_+_Shuffle_by_Time_of_Day,42,2026-02-20T01:42:41.465789Z,604800
1637931661,1638536461,604800,481,977.47331194353,2474.766445428502,0.3949759839960502,Shuffle by Year + Shuffle by Month + Shuffle by Day of the Week + Shuffle by Time of Day,Shuffle by Year + Shuffle by Month + Shuffle by Day of the Week + Shuffle by Time of Day,out\Shuffle_by_Year_+_Shuffle_by_Month_+_Shuffle_by_Day_of_the_Week_+_Shuffle_by_Time_of_Day,42,2026-02-20T01:42:41.465789Z,604800
1638536461,1639141261,604800,564,1216.2403633268511,2977.6534605349043,0.40845598033706926,Shuffle by Year + Shuffle by Month + Shuffle by Day of the Week + Shuffle by Time of Day,Shuffle by Year + Shuffle by Month + Shuffle by Day of the Week + Shuffle by Time of Day,out\Shuffle_by_Year_+_Shuffle_by_Month_+_Shuffle_by_Day_of_the_Week_+_Shuffle_by_Time_of_Day,42,2026-02-20T01:42:41.465789Z,604800
1639141261,1639746061,604800,474,963.4711709486244,2437.935339236133,0.395199641041548,Shuffle by Year + Shuffle by Month + Shuffle by Day of the Week + Shuffle by Time of Day,Shuffle by Year + Shuffle by Month + Shuffle by Day of the Week + Shuffle by Time of Day,out\Shuffle_by_Year_+_Shuffle_by_Month_+_Shuffle_by_Day_of_the_Week_+_Shuffle_by_Time_of_Day,42,2026-02-20T01:42:41.465789Z,604800
1639746061,1640350861,604800,453,891.0440478990434,2303.048909595857,0.38689757919878714,Shuffle by Year + Shuffle by Month + Shuffle by Day of the Week + Shuffle by Time of Day,Shuffle by Year + Shuffle by Month + Shuffle by Day of the Week + Shuffle by Time of Day,out\Shuffle_by_Year_+_Shuffle_by_Month_+_Shuffle_by_Day_of_the_Week_+_Shuffle_by_Time_of_Day,42,2026-02-20T01:42:41.465789Z,604800
